_id,SlNo,Station,Agency,State LGD Code,State,District LGD Code,District,Tehsil,Block,Village,River,Basin,Tributary,Subtributary,SubSubtributary,Local River,Latitude,Longitude,Data Acquisition Time,Telemetry Hourly Rainfall (mm)
2368,2368,Gairsain (Ramganga),Uttarakhand,5,Uttarakhand,47,Chamoli,-,-,-,-,-,-,-,-,-,30.04500000,79.28550000,21-06-2026 15:00,3
2369,2369,Gairsain (Ramganga),Uttarakhand,5,Uttarakhand,47,Chamoli,-,-,-,-,-,-,-,-,-,30.04500000,79.28550000,21-06-2026 18:00,7.5
2370,2370,Gairsain (Ramganga),Uttarakhand,5,Uttarakhand,47,Chamoli,-,-,-,-,-,-,-,-,-,30.04500000,79.28550000,21-06-2026 19:00,2
2371,2371,Gairsain (Ramganga),Uttarakhand,5,Uttarakhand,47,Chamoli,-,-,-,-,-,-,-,-,-,30.04500000,79.28550000,22-06-2026 13:00,1
2372,2372,Gairsain (Ramganga),Uttarakhand,5,Uttarakhand,47,Chamoli,-,-,-,-,-,-,-,-,-,30.04500000,79.28550000,22-06-2026 14:00,0.5
2373,2373,Gairsain (Ramganga),Uttarakhand,5,Uttarakhand,47,Chamoli,-,-,-,-,-,-,-,-,-,30.04500000,79.28550000,22-06-2026 23:00,0.5
2374,2374,Gairsain (Ramganga),Uttarakhand,5,Uttarakhand,47,Chamoli,-,-,-,-,-,-,-,-,-,30.04500000,79.28550000,23-06-2026 13:00,0.5
2375,2375,Gairsain (Ramganga),Uttarakhand,5,Uttarakhand,47,Chamoli,-,-,-,-,-,-,-,-,-,30.04500000,79.28550000,23-06-2026 16:00,4.5
2376,2376,Gairsain (Ramganga),Uttarakhand,5,Uttarakhand,47,Chamoli,-,-,-,-,-,-,-,-,-,30.04500000,79.28550000,24-06-2026 18:00,6
2377,2377,Gairsain (Ramganga),Uttarakhand,5,Uttarakhand,47,Chamoli,-,-,-,-,-,-,-,-,-,30.04500000,79.28550000,24-06-2026 19:00,0.5
2378,2378,Gairsain (Ramganga),Uttarakhand,5,Uttarakhand,47,Chamoli,-,-,-,-,-,-,-,-,-,30.04500000,79.28550000,24-06-2026 20:00,3
2379,2379,Gairsain (Ramganga),Uttarakhand,5,Uttarakhand,47,Chamoli,-,-,-,-,-,-,-,-,-,30.04500000,79.28550000,24-06-2026 21:00,0.5
2380,2380,Gairsain (Ramganga),Uttarakhand,5,Uttarakhand,47,Chamoli,-,-,-,-,-,-,-,-,-,30.04500000,79.28550000,26-06-2026 03:00,6
2381,2381,Gairsain (Ramganga),Uttarakhand,5,Uttarakhand,47,Chamoli,-,-,-,-,-,-,-,-,-,30.04500000,79.28550000,26-06-2026 16:00,2
2382,2382,Gairsain (Ramganga),Uttarakhand,5,Uttarakhand,47,Chamoli,-,-,-,-,-,-,-,-,-,30.04500000,79.28550000,28-06-2026 16:00,3
2383,2383,Gairsain (Ramganga),Uttarakhand,5,Uttarakhand,47,Chamoli,-,-,-,-,-,-,-,-,-,30.04500000,79.28550000,29-06-2026 03:00,1.5
2384,2384,Gairsain (Ramganga),Uttarakhand,5,Uttarakhand,47,Chamoli,-,-,-,-,-,-,-,-,-,30.04500000,79.28550000,01-07-2026 02:00,2
2385,2385,Gairsain (Ramganga),Uttarakhand,5,Uttarakhand,47,Chamoli,-,-,-,-,-,-,-,-,-,30.04500000,79.28550000,01-07-2026 03:00,4
2386,2386,Gairsain (Ramganga),Uttarakhand,5,Uttarakhand,47,Chamoli,-,-,-,-,-,-,-,-,-,30.04500000,79.28550000,01-07-2026 04:00,6
2387,2387,Gairsain (Ramganga),Uttarakhand,5,Uttarakhand,47,Chamoli,-,-,-,-,-,-,-,-,-,30.04500000,79.28550000,01-07-2026 05:00,0.5
2388,2388,Gairsain (Ramganga),Uttarakhand,5,Uttarakhand,47,Chamoli,-,-,-,-,-,-,-,-,-,30.04500000,79.28550000,01-07-2026 06:00,0.5
2389,2389,Gairsain (Ramganga),Uttarakhand,5,Uttarakhand,47,Chamoli,-,-,-,-,-,-,-,-,-,30.04500000,79.28550000,01-07-2026 07:00,1.5
2390,2390,Gairsain (Ramganga),Uttarakhand,5,Uttarakhand,47,Chamoli,-,-,-,-,-,-,-,-,-,30.04500000,79.28550000,01-07-2026 08:00,2
2391,2391,Gairsain (Ramganga),Uttarakhand,5,Uttarakhand,47,Chamoli,-,-,-,-,-,-,-,-,-,30.04500000,79.28550000,01-07-2026 09:00,0.5
2392,2392,Gairsain (Ramganga),Uttarakhand,5,Uttarakhand,47,Chamoli,-,-,-,-,-,-,-,-,-,30.04500000,79.28550000,01-07-2026 16:00,0.5
2393,2393,Gairsain (Ramganga),Uttarakhand,5,Uttarakhand,47,Chamoli,-,-,-,-,-,-,-,-,-,30.04500000,79.28550000,02-07-2026 01:00,2
2394,2394,Gairsain (Ramganga),Uttarakhand,5,Uttarakhand,47,Chamoli,-,-,-,-,-,-,-,-,-,30.04500000,79.28550000,02-07-2026 02:00,3.5
2395,2395,Gairsain (Ramganga),Uttarakhand,5,Uttarakhand,47,Chamoli,-,-,-,-,-,-,-,-,-,30.04500000,79.28550000,02-07-2026 03:00,23.5
2396,2396,Gairsain (Ramganga),Uttarakhand,5,Uttarakhand,47,Chamoli,-,-,-,-,-,-,-,-,-,30.04500000,79.28550000,02-07-2026 04:00,3
2397,2397,Gairsain (Ramganga),Uttarakhand,5,Uttarakhand,47,Chamoli,-,-,-,-,-,-,-,-,-,30.04500000,79.28550000,02-07-2026 07:00,9.5
2398,2398,Gairsain (Ramganga),Uttarakhand,5,Uttarakhand,47,Chamoli,-,-,-,-,-,-,-,-,-,30.04500000,79.28550000,02-07-2026 08:00,0.5
2399,2399,Gairsain (Ramganga),Uttarakhand,5,Uttarakhand,47,Chamoli,-,-,-,-,-,-,-,-,-,30.04500000,79.28550000,03-07-2026 23:00,0.5
2400,2400,Gairsain (Ramganga),Uttarakhand,5,Uttarakhand,47,Chamoli,-,-,-,-,-,-,-,-,-,30.04500000,79.28550000,04-07-2026 00:00,20
2401,2401,Gairsain (Ramganga),Uttarakhand,5,Uttarakhand,47,Chamoli,-,-,-,-,-,-,-,-,-,30.04500000,79.28550000,04-07-2026 01:00,7
2402,2402,Gairsain (Ramganga),Uttarakhand,5,Uttarakhand,47,Chamoli,-,-,-,-,-,-,-,-,-,30.04500000,79.28550000,04-07-2026 02:00,0.5
2403,2403,Gairsain (Ramganga),Uttarakhand,5,Uttarakhand,47,Chamoli,-,-,-,-,-,-,-,-,-,30.04500000,79.28550000,05-07-2026 04:00,0.5
2404,2404,Gairsain (Ramganga),Uttarakhand,5,Uttarakhand,47,Chamoli,-,-,-,-,-,-,-,-,-,30.04500000,79.28550000,05-07-2026 05:00,2
2405,2405,Gairsain (Ramganga),Uttarakhand,5,Uttarakhand,47,Chamoli,-,-,-,-,-,-,-,-,-,30.04500000,79.28550000,05-07-2026 06:00,1
2406,2406,Gairsain (Ramganga),Uttarakhand,5,Uttarakhand,47,Chamoli,-,-,-,-,-,-,-,-,-,30.04500000,79.28550000,06-07-2026 03:00,4
2407,2407,Gairsain (Ramganga),Uttarakhand,5,Uttarakhand,47,Chamoli,-,-,-,-,-,-,-,-,-,30.04500000,79.28550000,06-07-2026 04:00,1
2408,2408,Gairsain (Ramganga),Uttarakhand,5,Uttarakhand,47,Chamoli,-,-,-,-,-,-,-,-,-,30.04500000,79.28550000,07-07-2026 11:00,0.5
2409,2409,Gairsain (Ramganga),Uttarakhand,5,Uttarakhand,47,Chamoli,-,-,-,-,-,-,-,-,-,30.04500000,79.28550000,07-07-2026 12:00,0.5
2410,2410,Gairsain (Ramganga),Uttarakhand,5,Uttarakhand,47,Chamoli,-,-,-,-,-,-,-,-,-,30.04500000,79.28550000,07-07-2026 13:00,0.5
2411,2411,Gairsain (Ramganga),Uttarakhand,5,Uttarakhand,47,Chamoli,-,-,-,-,-,-,-,-,-,30.04500000,79.28550000,07-07-2026 15:00,0.5
2412,2412,Gairsain (Ramganga),Uttarakhand,5,Uttarakhand,47,Chamoli,-,-,-,-,-,-,-,-,-,30.04500000,79.28550000,08-07-2026 04:00,2.5
2413,2413,Gairsain (Ramganga),Uttarakhand,5,Uttarakhand,47,Chamoli,-,-,-,-,-,-,-,-,-,30.04500000,79.28550000,08-07-2026 05:00,2.5
2414,2414,Gairsain (Ramganga),Uttarakhand,5,Uttarakhand,47,Chamoli,-,-,-,-,-,-,-,-,-,30.04500000,79.28550000,08-07-2026 08:00,0.5
2415,2415,Gairsain (Ramganga),Uttarakhand,5,Uttarakhand,47,Chamoli,-,-,-,-,-,-,-,-,-,30.04500000,79.28550000,08-07-2026 09:00,1
2416,2416,Gairsain (Ramganga),Uttarakhand,5,Uttarakhand,47,Chamoli,-,-,-,-,-,-,-,-,-,30.04500000,79.28550000,08-07-2026 11:00,2
2417,2417,Gairsain (Ramganga),Uttarakhand,5,Uttarakhand,47,Chamoli,-,-,-,-,-,-,-,-,-,30.04500000,79.28550000,08-07-2026 12:00,8
2418,2418,Gairsain (Ramganga),Uttarakhand,5,Uttarakhand,47,Chamoli,-,-,-,-,-,-,-,-,-,30.04500000,79.28550000,08-07-2026 13:00,6.5
2419,2419,Gairsain (Ramganga),Uttarakhand,5,Uttarakhand,47,Chamoli,-,-,-,-,-,-,-,-,-,30.04500000,79.28550000,08-07-2026 14:00,3
2420,2420,Gairsain (Ramganga),Uttarakhand,5,Uttarakhand,47,Chamoli,-,-,-,-,-,-,-,-,-,30.04500000,79.28550000,08-07-2026 15:00,1.5
2421,2421,Gairsain (Ramganga),Uttarakhand,5,Uttarakhand,47,Chamoli,-,-,-,-,-,-,-,-,-,30.04500000,79.28550000,09-07-2026 00:00,2
2422,2422,Gairsain (Ramganga),Uttarakhand,5,Uttarakhand,47,Chamoli,-,-,-,-,-,-,-,-,-,30.04500000,79.28550000,09-07-2026 01:00,6
2423,2423,Gairsain (Ramganga),Uttarakhand,5,Uttarakhand,47,Chamoli,-,-,-,-,-,-,-,-,-,30.04500000,79.28550000,09-07-2026 02:00,5.5
2424,2424,Gairsain (Ramganga),Uttarakhand,5,Uttarakhand,47,Chamoli,-,-,-,-,-,-,-,-,-,30.04500000,79.28550000,09-07-2026 03:00,4
2425,2425,Gairsain (Ramganga),Uttarakhand,5,Uttarakhand,47,Chamoli,-,-,-,-,-,-,-,-,-,30.04500000,79.28550000,09-07-2026 04:00,4
2426,2426,Gairsain (Ramganga),Uttarakhand,5,Uttarakhand,47,Chamoli,-,-,-,-,-,-,-,-,-,30.04500000,79.28550000,09-07-2026 05:00,5.5
2427,2427,Gairsain (Ramganga),Uttarakhand,5,Uttarakhand,47,Chamoli,-,-,-,-,-,-,-,-,-,30.04500000,79.28550000,09-07-2026 06:00,6
2428,2428,Gairsain (Ramganga),Uttarakhand,5,Uttarakhand,47,Chamoli,-,-,-,-,-,-,-,-,-,30.04500000,79.28550000,09-07-2026 07:00,4.5
2429,2429,Gairsain (Ramganga),Uttarakhand,5,Uttarakhand,47,Chamoli,-,-,-,-,-,-,-,-,-,30.04500000,79.28550000,09-07-2026 08:00,4
2430,2430,Gairsain (Ramganga),Uttarakhand,5,Uttarakhand,47,Chamoli,-,-,-,-,-,-,-,-,-,30.04500000,79.28550000,09-07-2026 09:00,3
2431,2431,Gairsain (Ramganga),Uttarakhand,5,Uttarakhand,47,Chamoli,-,-,-,-,-,-,-,-,-,30.04500000,79.28550000,09-07-2026 10:00,1.5
2432,2432,Gairsain (Ramganga),Uttarakhand,5,Uttarakhand,47,Chamoli,-,-,-,-,-,-,-,-,-,30.04500000,79.28550000,09-07-2026 13:00,0.5
2433,2433,Gairsain (Ramganga),Uttarakhand,5,Uttarakhand,47,Chamoli,-,-,-,-,-,-,-,-,-,30.04500000,79.28550000,09-07-2026 15:00,0.5
2434,2434,Gairsain (Ramganga),Uttarakhand,5,Uttarakhand,47,Chamoli,-,-,-,-,-,-,-,-,-,30.04500000,79.28550000,09-07-2026 19:00,0.5
2435,2435,Gairsain (Ramganga),Uttarakhand,5,Uttarakhand,47,Chamoli,-,-,-,-,-,-,-,-,-,30.04500000,79.28550000,10-07-2026 21:00,0.5
2436,2436,Gairsain (Ramganga),Uttarakhand,5,Uttarakhand,47,Chamoli,-,-,-,-,-,-,-,-,-,30.04500000,79.28550000,10-07-2026 22:00,3
2437,2437,Gairsain (Ramganga),Uttarakhand,5,Uttarakhand,47,Chamoli,-,-,-,-,-,-,-,-,-,30.04500000,79.28550000,10-07-2026 23:00,16
2438,2438,Gairsain (Ramganga),Uttarakhand,5,Uttarakhand,47,Chamoli,-,-,-,-,-,-,-,-,-,30.04500000,79.28550000,11-07-2026 00:00,2.5
2439,2439,Gairsain (Ramganga),Uttarakhand,5,Uttarakhand,47,Chamoli,-,-,-,-,-,-,-,-,-,30.04500000,79.28550000,11-07-2026 02:00,8
2440,2440,Gairsain (Ramganga),Uttarakhand,5,Uttarakhand,47,Chamoli,-,-,-,-,-,-,-,-,-,30.04500000,79.28550000,11-07-2026 03:00,6.5
2441,2441,Gairsain (Ramganga),Uttarakhand,5,Uttarakhand,47,Chamoli,-,-,-,-,-,-,-,-,-,30.04500000,79.28550000,11-07-2026 04:00,5
2442,2442,Gairsain (Ramganga),Uttarakhand,5,Uttarakhand,47,Chamoli,-,-,-,-,-,-,-,-,-,30.04500000,79.28550000,11-07-2026 05:00,1
2443,2443,Gairsain (Ramganga),Uttarakhand,5,Uttarakhand,47,Chamoli,-,-,-,-,-,-,-,-,-,30.04500000,79.28550000,11-07-2026 08:00,0.5
2444,2444,Gairsain (Ramganga),Uttarakhand,5,Uttarakhand,47,Chamoli,-,-,-,-,-,-,-,-,-,30.04500000,79.28550000,11-07-2026 09:00,4.5
2445,2445,Gairsain (Ramganga),Uttarakhand,5,Uttarakhand,47,Chamoli,-,-,-,-,-,-,-,-,-,30.04500000,79.28550000,11-07-2026 10:00,8
2446,2446,Gairsain (Ramganga),Uttarakhand,5,Uttarakhand,47,Chamoli,-,-,-,-,-,-,-,-,-,30.04500000,79.28550000,11-07-2026 11:00,9
2447,2447,Gairsain (Ramganga),Uttarakhand,5,Uttarakhand,47,Chamoli,-,-,-,-,-,-,-,-,-,30.04500000,79.28550000,11-07-2026 12:00,0.5
2448,2448,Gairsain (Ramganga),Uttarakhand,5,Uttarakhand,47,Chamoli,-,-,-,-,-,-,-,-,-,30.04500000,79.28550000,11-07-2026 17:00,0.5
2449,2449,Gairsain (Ramganga),Uttarakhand,5,Uttarakhand,47,Chamoli,-,-,-,-,-,-,-,-,-,30.04500000,79.28550000,11-07-2026 22:00,1
2450,2450,Gairsain (Ramganga),Uttarakhand,5,Uttarakhand,47,Chamoli,-,-,-,-,-,-,-,-,-,30.04500000,79.28550000,11-07-2026 23:00,1.5
2451,2451,Gairsain (Ramganga),Uttarakhand,5,Uttarakhand,47,Chamoli,-,-,-,-,-,-,-,-,-,30.04500000,79.28550000,12-07-2026 00:00,5
2452,2452,Gairsain (Ramganga),Uttarakhand,5,Uttarakhand,47,Chamoli,-,-,-,-,-,-,-,-,-,30.04500000,79.28550000,14-07-2026 17:00,6
2453,2453,Gairsain (Ramganga),Uttarakhand,5,Uttarakhand,47,Chamoli,-,-,-,-,-,-,-,-,-,30.04500000,79.28550000,14-07-2026 18:00,25
2454,2454,Gairsain (Ramganga),Uttarakhand,5,Uttarakhand,47,Chamoli,-,-,-,-,-,-,-,-,-,30.04500000,79.28550000,14-07-2026 19:00,13.5
2455,2455,Gairsain (Ramganga),Uttarakhand,5,Uttarakhand,47,Chamoli,-,-,-,-,-,-,-,-,-,30.04500000,79.28550000,15-07-2026 18:00,4
2456,2456,Gairsain (Ramganga),Uttarakhand,5,Uttarakhand,47,Chamoli,-,-,-,-,-,-,-,-,-,30.04500000,79.28550000,15-07-2026 19:00,2
2457,2457,Gairsain (Ramganga),Uttarakhand,5,Uttarakhand,47,Chamoli,-,-,-,-,-,-,-,-,-,30.04500000,79.28550000,15-07-2026 20:00,0.5
2458,2458,Gairsain (Ramganga),Uttarakhand,5,Uttarakhand,47,Chamoli,-,-,-,-,-,-,-,-,-,30.04500000,79.28550000,17-07-2026 03:00,1
2459,2459,Gairsain (Ramganga),Uttarakhand,5,Uttarakhand,47,Chamoli,-,-,-,-,-,-,-,-,-,30.04500000,79.28550000,17-07-2026 04:00,1
2460,2460,Gairsain (Ramganga),Uttarakhand,5,Uttarakhand,47,Chamoli,-,-,-,-,-,-,-,-,-,30.04500000,79.28550000,18-07-2026 23:00,0.5
2461,2461,Gairsain (Ramganga),Uttarakhand,5,Uttarakhand,47,Chamoli,-,-,-,-,-,-,-,-,-,30.04500000,79.28550000,19-07-2026 00:00,1
2462,2462,Gairsain (Ramganga),Uttarakhand,5,Uttarakhand,47,Chamoli,-,-,-,-,-,-,-,-,-,30.04500000,79.28550000,19-07-2026 01:00,2
2463,2463,Gairsain (Ramganga),Uttarakhand,5,Uttarakhand,47,Chamoli,-,-,-,-,-,-,-,-,-,30.04500000,79.28550000,19-07-2026 02:00,0.5
2464,2464,Gairsain (Ramganga),Uttarakhand,5,Uttarakhand,47,Chamoli,-,-,-,-,-,-,-,-,-,30.04500000,79.28550000,19-07-2026 05:00,0.5
2465,2465,Gairsain (Ramganga),Uttarakhand,5,Uttarakhand,47,Chamoli,-,-,-,-,-,-,-,-,-,30.04500000,79.28550000,19-07-2026 16:00,0.5
2466,2466,Gairsain (Ramganga),Uttarakhand,5,Uttarakhand,47,Chamoli,-,-,-,-,-,-,-,-,-,30.04500000,79.28550000,19-07-2026 20:00,1.5
2467,2467,Gairsain (Ramganga),Uttarakhand,5,Uttarakhand,47,Chamoli,-,-,-,-,-,-,-,-,-,30.04500000,79.28550000,19-07-2026 22:00,0.5
2468,2468,Gairsain (Ramganga),Uttarakhand,5,Uttarakhand,47,Chamoli,-,-,-,-,-,-,-,-,-,30.04500000,79.28550000,19-07-2026 23:00,0.5
2469,2469,Gairsain (Ramganga),Uttarakhand,5,Uttarakhand,47,Chamoli,-,-,-,-,-,-,-,-,-,30.04500000,79.28550000,20-07-2026 00:00,1.5
2470,2470,Gairsain (Ramganga),Uttarakhand,5,Uttarakhand,47,Chamoli,-,-,-,-,-,-,-,-,-,30.04500000,79.28550000,20-07-2026 01:00,0.5
2471,2471,Gairsain (Ramganga),Uttarakhand,5,Uttarakhand,47,Chamoli,-,-,-,-,-,-,-,-,-,30.04500000,79.28550000,20-07-2026 02:00,2.5
2472,2472,Gairsain (Ramganga),Uttarakhand,5,Uttarakhand,47,Chamoli,-,-,-,-,-,-,-,-,-,30.04500000,79.28550000,20-07-2026 03:00,28.5
2473,2473,Gairsain (Ramganga),Uttarakhand,5,Uttarakhand,47,Chamoli,-,-,-,-,-,-,-,-,-,30.04500000,79.28550000,20-07-2026 04:00,12
2474,2474,Gairsain (Ramganga),Uttarakhand,5,Uttarakhand,47,Chamoli,-,-,-,-,-,-,-,-,-,30.04500000,79.28550000,20-07-2026 05:00,2
2475,2475,Gairsain (Ramganga),Uttarakhand,5,Uttarakhand,47,Chamoli,-,-,-,-,-,-,-,-,-,30.04500000,79.28550000,20-07-2026 06:00,1.5
2476,2476,Gairsain (Ramganga),Uttarakhand,5,Uttarakhand,47,Chamoli,-,-,-,-,-,-,-,-,-,30.04500000,79.28550000,20-07-2026 07:00,0.5
2477,2477,Gairsain (Ramganga),Uttarakhand,5,Uttarakhand,47,Chamoli,-,-,-,-,-,-,-,-,-,30.04500000,79.28550000,20-07-2026 19:00,15.5
2478,2478,Gairsain (Ramganga),Uttarakhand,5,Uttarakhand,47,Chamoli,-,-,-,-,-,-,-,-,-,30.04500000,79.28550000,20-07-2026 20:00,8.5
2479,2479,Gairsain (Ramganga),Uttarakhand,5,Uttarakhand,47,Chamoli,-,-,-,-,-,-,-,-,-,30.04500000,79.28550000,20-07-2026 21:00,4.5
2480,2480,Gairsain (Ramganga),Uttarakhand,5,Uttarakhand,47,Chamoli,-,-,-,-,-,-,-,-,-,30.04500000,79.28550000,20-07-2026 22:00,4.5
2481,2481,Gairsain (Ramganga),Uttarakhand,5,Uttarakhand,47,Chamoli,-,-,-,-,-,-,-,-,-,30.04500000,79.28550000,20-07-2026 23:00,3
2482,2482,Gairsain (Ramganga),Uttarakhand,5,Uttarakhand,47,Chamoli,-,-,-,-,-,-,-,-,-,30.04500000,79.28550000,21-07-2026 00:00,1.5
2483,2483,Gairsain (Ramganga),Uttarakhand,5,Uttarakhand,47,Chamoli,-,-,-,-,-,-,-,-,-,30.04500000,79.28550000,21-07-2026 03:00,2.5
2484,2484,Gairsain (Ramganga),Uttarakhand,5,Uttarakhand,47,Chamoli,-,-,-,-,-,-,-,-,-,30.04500000,79.28550000,21-07-2026 09:00,0.5
2485,2485,Gairsain (Ramganga),Uttarakhand,5,Uttarakhand,47,Chamoli,-,-,-,-,-,-,-,-,-,30.04500000,79.28550000,21-07-2026 11:00,0.5
2486,2486,Gairsain (Ramganga),Uttarakhand,5,Uttarakhand,47,Chamoli,-,-,-,-,-,-,-,-,-,30.04500000,79.28550000,22-07-2026 00:00,0.5
2487,2487,Gairsain (Ramganga),Uttarakhand,5,Uttarakhand,47,Chamoli,-,-,-,-,-,-,-,-,-,30.04500000,79.28550000,22-07-2026 01:00,7.5
2488,2488,Gairsain (Ramganga),Uttarakhand,5,Uttarakhand,47,Chamoli,-,-,-,-,-,-,-,-,-,30.04500000,79.28550000,22-07-2026 02:00,5.5
2489,2489,Gairsain (Ramganga),Uttarakhand,5,Uttarakhand,47,Chamoli,-,-,-,-,-,-,-,-,-,30.04500000,79.28550000,22-07-2026 03:00,5.5
2490,2490,Gairsain (Ramganga),Uttarakhand,5,Uttarakhand,47,Chamoli,-,-,-,-,-,-,-,-,-,30.04500000,79.28550000,22-07-2026 04:00,1
2491,2491,Gairsain (Ramganga),Uttarakhand,5,Uttarakhand,47,Chamoli,-,-,-,-,-,-,-,-,-,30.04500000,79.28550000,22-07-2026 05:00,0.5
2492,2492,Gairsain (Ramganga),Uttarakhand,5,Uttarakhand,47,Chamoli,-,-,-,-,-,-,-,-,-,30.04500000,79.28550000,22-07-2026 06:00,0.5
2493,2493,Gairsain (Ramganga),Uttarakhand,5,Uttarakhand,47,Chamoli,-,-,-,-,-,-,-,-,-,30.04500000,79.28550000,22-07-2026 07:00,0.5
2494,2494,Gairsain (Ramganga),Uttarakhand,5,Uttarakhand,47,Chamoli,-,-,-,-,-,-,-,-,-,30.04500000,79.28550000,23-07-2026 16:00,2.5
2495,2495,Gairsain (Ramganga),Uttarakhand,5,Uttarakhand,47,Chamoli,-,-,-,-,-,-,-,-,-,30.04500000,79.28550000,23-07-2026 20:00,1.5
2496,2496,Gairsain (Ramganga),Uttarakhand,5,Uttarakhand,47,Chamoli,-,-,-,-,-,-,-,-,-,30.04500000,79.28550000,23-07-2026 21:00,12.5
2497,2497,Gairsain (Ramganga),Uttarakhand,5,Uttarakhand,47,Chamoli,-,-,-,-,-,-,-,-,-,30.04500000,79.28550000,24-07-2026 00:00,0.5
2498,2498,Gairsain (Ramganga),Uttarakhand,5,Uttarakhand,47,Chamoli,-,-,-,-,-,-,-,-,-,30.04500000,79.28550000,24-07-2026 01:00,0.5
2499,2499,Gairsain (Ramganga),Uttarakhand,5,Uttarakhand,47,Chamoli,-,-,-,-,-,-,-,-,-,30.04500000,79.28550000,24-07-2026 04:00,0.5
2500,2500,Gairsain (Ramganga),Uttarakhand,5,Uttarakhand,47,Chamoli,-,-,-,-,-,-,-,-,-,30.04500000,79.28550000,24-07-2026 19:00,0.5
2501,2501,Gairsain (Ramganga),Uttarakhand,5,Uttarakhand,47,Chamoli,-,-,-,-,-,-,-,-,-,30.04500000,79.28550000,24-07-2026 20:00,8
2502,2502,Gairsain (Ramganga),Uttarakhand,5,Uttarakhand,47,Chamoli,-,-,-,-,-,-,-,-,-,30.04500000,79.28550000,24-07-2026 21:00,0.5
2503,2503,Gairsain (Ramganga),Uttarakhand,5,Uttarakhand,47,Chamoli,-,-,-,-,-,-,-,-,-,30.04500000,79.28550000,25-07-2026 10:00,1
2504,2504,Gairsain (Ramganga),Uttarakhand,5,Uttarakhand,47,Chamoli,-,-,-,-,-,-,-,-,-,30.04500000,79.28550000,27-07-2026 14:00,0.5
2505,2505,Gairsain (Ramganga),Uttarakhand,5,Uttarakhand,47,Chamoli,-,-,-,-,-,-,-,-,-,30.04500000,79.28550000,27-07-2026 18:00,3
2506,2506,Gairsain (Ramganga),Uttarakhand,5,Uttarakhand,47,Chamoli,-,-,-,-,-,-,-,-,-,30.04500000,79.28550000,27-07-2026 19:00,3.5
2507,2507,Gairsain (Ramganga),Uttarakhand,5,Uttarakhand,47,Chamoli,-,-,-,-,-,-,-,-,-,30.04500000,79.28550000,27-07-2026 20:00,3
2508,2508,Gairsain (Ramganga),Uttarakhand,5,Uttarakhand,47,Chamoli,-,-,-,-,-,-,-,-,-,30.04500000,79.28550000,27-07-2026 21:00,1
2509,2509,Gairsain (Ramganga),Uttarakhand,5,Uttarakhand,47,Chamoli,-,-,-,-,-,-,-,-,-,30.04500000,79.28550000,27-07-2026 22:00,1
2510,2510,Gairsain (Ramganga),Uttarakhand,5,Uttarakhand,47,Chamoli,-,-,-,-,-,-,-,-,-,30.04500000,79.28550000,28-07-2026 11:00,1
2511,2511,Gairsain (Ramganga),Uttarakhand,5,Uttarakhand,47,Chamoli,-,-,-,-,-,-,-,-,-,30.04500000,79.28550000,30-07-2026 05:00,3.5
2512,2512,Gairsain (Ramganga),Uttarakhand,5,Uttarakhand,47,Chamoli,-,-,-,-,-,-,-,-,-,30.04500000,79.28550000,30-07-2026 06:00,12.5
2513,2513,Gairsain (Ramganga),Uttarakhand,5,Uttarakhand,47,Chamoli,-,-,-,-,-,-,-,-,-,30.04500000,79.28550000,30-07-2026 07:00,8.5
2514,2514,Gairsain (Ramganga),Uttarakhand,5,Uttarakhand,47,Chamoli,-,-,-,-,-,-,-,-,-,30.04500000,79.28550000,30-07-2026 08:00,5
2515,2515,Gairsain (Ramganga),Uttarakhand,5,Uttarakhand,47,Chamoli,-,-,-,-,-,-,-,-,-,30.04500000,79.28550000,30-07-2026 09:00,1
2516,2516,Gairsain (Ramganga),Uttarakhand,5,Uttarakhand,47,Chamoli,-,-,-,-,-,-,-,-,-,30.04500000,79.28550000,30-07-2026 14:00,0.5
2517,2517,Gairsain (Ramganga),Uttarakhand,5,Uttarakhand,47,Chamoli,-,-,-,-,-,-,-,-,-,30.04500000,79.28550000,30-07-2026 15:00,2.5
2518,2518,Gairsain (Ramganga),Uttarakhand,5,Uttarakhand,47,Chamoli,-,-,-,-,-,-,-,-,-,30.04500000,79.28550000,30-07-2026 16:00,3.5
2519,2519,Gairsain (Ramganga),Uttarakhand,5,Uttarakhand,47,Chamoli,-,-,-,-,-,-,-,-,-,30.04500000,79.28550000,31-07-2026 17:00,1
2520,2520,Gairsain (Ramganga),Uttarakhand,5,Uttarakhand,47,Chamoli,-,-,-,-,-,-,-,-,-,30.04500000,79.28550000,01-08-2026 05:00,0.5
2521,2521,Gairsain (Ramganga),Uttarakhand,5,Uttarakhand,47,Chamoli,-,-,-,-,-,-,-,-,-,30.04500000,79.28550000,01-08-2026 22:00,6.5
2522,2522,Gairsain (Ramganga),Uttarakhand,5,Uttarakhand,47,Chamoli,-,-,-,-,-,-,-,-,-,30.04500000,79.28550000,01-08-2026 23:00,26.5
2523,2523,Gairsain (Ramganga),Uttarakhand,5,Uttarakhand,47,Chamoli,-,-,-,-,-,-,-,-,-,30.04500000,79.28550000,02-08-2026 00:00,14.5
2524,2524,Gairsain (Ramganga),Uttarakhand,5,Uttarakhand,47,Chamoli,-,-,-,-,-,-,-,-,-,30.04500000,79.28550000,02-08-2026 01:00,4.5
2525,2525,Gairsain (Ramganga),Uttarakhand,5,Uttarakhand,47,Chamoli,-,-,-,-,-,-,-,-,-,30.04500000,79.28550000,02-08-2026 02:00,10
2526,2526,Gairsain (Ramganga),Uttarakhand,5,Uttarakhand,47,Chamoli,-,-,-,-,-,-,-,-,-,30.04500000,79.28550000,02-08-2026 03:00,2
2527,2527,Gairsain (Ramganga),Uttarakhand,5,Uttarakhand,47,Chamoli,-,-,-,-,-,-,-,-,-,30.04500000,79.28550000,02-08-2026 20:00,1
2528,2528,Gairsain (Ramganga),Uttarakhand,5,Uttarakhand,47,Chamoli,-,-,-,-,-,-,-,-,-,30.04500000,79.28550000,02-08-2026 21:00,8
2529,2529,Gairsain (Ramganga),Uttarakhand,5,Uttarakhand,47,Chamoli,-,-,-,-,-,-,-,-,-,30.04500000,79.28550000,02-08-2026 22:00,6
2530,2530,Gairsain (Ramganga),Uttarakhand,5,Uttarakhand,47,Chamoli,-,-,-,-,-,-,-,-,-,30.04500000,79.28550000,02-08-2026 23:00,2
2531,2531,Gairsain (Ramganga),Uttarakhand,5,Uttarakhand,47,Chamoli,-,-,-,-,-,-,-,-,-,30.04500000,79.28550000,03-08-2026 00:00,0.5
2532,2532,Gairsain (Ramganga),Uttarakhand,5,Uttarakhand,47,Chamoli,-,-,-,-,-,-,-,-,-,30.04500000,79.28550000,03-08-2026 03:00,0.5
2533,2533,Gairsain (Ramganga),Uttarakhand,5,Uttarakhand,47,Chamoli,-,-,-,-,-,-,-,-,-,30.04500000,79.28550000,03-08-2026 04:00,0.5
2534,2534,Gairsain (Ramganga),Uttarakhand,5,Uttarakhand,47,Chamoli,-,-,-,-,-,-,-,-,-,30.04500000,79.28550000,03-08-2026 18:00,1.5
2535,2535,Gairsain (Ramganga),Uttarakhand,5,Uttarakhand,47,Chamoli,-,-,-,-,-,-,-,-,-,30.04500000,79.28550000,03-08-2026 19:00,4.5
2536,2536,Gairsain (Ramganga),Uttarakhand,5,Uttarakhand,47,Chamoli,-,-,-,-,-,-,-,-,-,30.04500000,79.28550000,03-08-2026 20:00,4.5
2537,2537,Gairsain (Ramganga),Uttarakhand,5,Uttarakhand,47,Chamoli,-,-,-,-,-,-,-,-,-,30.04500000,79.28550000,03-08-2026 21:00,3
2538,2538,Gairsain (Ramganga),Uttarakhand,5,Uttarakhand,47,Chamoli,-,-,-,-,-,-,-,-,-,30.04500000,79.28550000,03-08-2026 22:00,0.5
2539,2539,Gairsain (Ramganga),Uttarakhand,5,Uttarakhand,47,Chamoli,-,-,-,-,-,-,-,-,-,30.04500000,79.28550000,03-08-2026 23:00,1.5
2540,2540,Gairsain (Ramganga),Uttarakhand,5,Uttarakhand,47,Chamoli,-,-,-,-,-,-,-,-,-,30.04500000,79.28550000,04-08-2026 00:00,3
2541,2541,Gairsain (Ramganga),Uttarakhand,5,Uttarakhand,47,Chamoli,-,-,-,-,-,-,-,-,-,30.04500000,79.28550000,04-08-2026 01:00,1
2542,2542,Gairsain (Ramganga),Uttarakhand,5,Uttarakhand,47,Chamoli,-,-,-,-,-,-,-,-,-,30.04500000,79.28550000,04-08-2026 02:00,1.5
2543,2543,Gairsain (Ramganga),Uttarakhand,5,Uttarakhand,47,Chamoli,-,-,-,-,-,-,-,-,-,30.04500000,79.28550000,04-08-2026 03:00,0.5
2544,2544,Gairsain (Ramganga),Uttarakhand,5,Uttarakhand,47,Chamoli,-,-,-,-,-,-,-,-,-,30.04500000,79.28550000,04-08-2026 04:00,0.5
2545,2545,Gairsain (Ramganga),Uttarakhand,5,Uttarakhand,47,Chamoli,-,-,-,-,-,-,-,-,-,30.04500000,79.28550000,04-08-2026 05:00,1.5
2546,2546,Gairsain (Ramganga),Uttarakhand,5,Uttarakhand,47,Chamoli,-,-,-,-,-,-,-,-,-,30.04500000,79.28550000,04-08-2026 08:00,1
2547,2547,Gairsain (Ramganga),Uttarakhand,5,Uttarakhand,47,Chamoli,-,-,-,-,-,-,-,-,-,30.04500000,79.28550000,04-08-2026 09:00,3.5
2548,2548,Gairsain (Ramganga),Uttarakhand,5,Uttarakhand,47,Chamoli,-,-,-,-,-,-,-,-,-,30.04500000,79.28550000,04-08-2026 10:00,0.5
2549,2549,Gairsain (Ramganga),Uttarakhand,5,Uttarakhand,47,Chamoli,-,-,-,-,-,-,-,-,-,30.04500000,79.28550000,04-08-2026 11:00,1.5
2550,2550,Gairsain (Ramganga),Uttarakhand,5,Uttarakhand,47,Chamoli,-,-,-,-,-,-,-,-,-,30.04500000,79.28550000,04-08-2026 12:00,1
2551,2551,Gairsain (Ramganga),Uttarakhand,5,Uttarakhand,47,Chamoli,-,-,-,-,-,-,-,-,-,30.04500000,79.28550000,04-08-2026 16:00,17
2552,2552,Gairsain (Ramganga),Uttarakhand,5,Uttarakhand,47,Chamoli,-,-,-,-,-,-,-,-,-,30.04500000,79.28550000,04-08-2026 17:00,9
2553,2553,Gairsain (Ramganga),Uttarakhand,5,Uttarakhand,47,Chamoli,-,-,-,-,-,-,-,-,-,30.04500000,79.28550000,05-08-2026 15:00,1
2554,2554,Gairsain (Ramganga),Uttarakhand,5,Uttarakhand,47,Chamoli,-,-,-,-,-,-,-,-,-,30.04500000,79.28550000,05-08-2026 16:00,32
2555,2555,Gairsain (Ramganga),Uttarakhand,5,Uttarakhand,47,Chamoli,-,-,-,-,-,-,-,-,-,30.04500000,79.28550000,05-08-2026 17:00,0.5
2556,2556,Gairsain (Ramganga),Uttarakhand,5,Uttarakhand,47,Chamoli,-,-,-,-,-,-,-,-,-,30.04500000,79.28550000,05-08-2026 18:00,1.5
2557,2557,Gairsain (Ramganga),Uttarakhand,5,Uttarakhand,47,Chamoli,-,-,-,-,-,-,-,-,-,30.04500000,79.28550000,05-08-2026 19:00,5
2558,2558,Gairsain (Ramganga),Uttarakhand,5,Uttarakhand,47,Chamoli,-,-,-,-,-,-,-,-,-,30.04500000,79.28550000,05-08-2026 23:00,6
2559,2559,Gairsain (Ramganga),Uttarakhand,5,Uttarakhand,47,Chamoli,-,-,-,-,-,-,-,-,-,30.04500000,79.28550000,06-08-2026 00:00,2
2560,2560,Gairsain (Ramganga),Uttarakhand,5,Uttarakhand,47,Chamoli,-,-,-,-,-,-,-,-,-,30.04500000,79.28550000,06-08-2026 01:00,3.5
2561,2561,Gairsain (Ramganga),Uttarakhand,5,Uttarakhand,47,Chamoli,-,-,-,-,-,-,-,-,-,30.04500000,79.28550000,06-08-2026 02:00,11.5
2562,2562,Gairsain (Ramganga),Uttarakhand,5,Uttarakhand,47,Chamoli,-,-,-,-,-,-,-,-,-,30.04500000,79.28550000,06-08-2026 03:00,9.5
2563,2563,Gairsain (Ramganga),Uttarakhand,5,Uttarakhand,47,Chamoli,-,-,-,-,-,-,-,-,-,30.04500000,79.28550000,06-08-2026 05:00,13.5
2564,2564,Gairsain (Ramganga),Uttarakhand,5,Uttarakhand,47,Chamoli,-,-,-,-,-,-,-,-,-,30.04500000,79.28550000,06-08-2026 06:00,12.5
2565,2565,Gairsain (Ramganga),Uttarakhand,5,Uttarakhand,47,Chamoli,-,-,-,-,-,-,-,-,-,30.04500000,79.28550000,06-08-2026 07:00,0.5
2566,2566,Gairsain (Ramganga),Uttarakhand,5,Uttarakhand,47,Chamoli,-,-,-,-,-,-,-,-,-,30.04500000,79.28550000,07-08-2026 16:00,1
2567,2567,Gairsain (Ramganga),Uttarakhand,5,Uttarakhand,47,Chamoli,-,-,-,-,-,-,-,-,-,30.04500000,79.28550000,07-08-2026 18:00,1
2568,2568,Gairsain (Ramganga),Uttarakhand,5,Uttarakhand,47,Chamoli,-,-,-,-,-,-,-,-,-,30.04500000,79.28550000,07-08-2026 19:00,0.5
2569,2569,Gairsain (Ramganga),Uttarakhand,5,Uttarakhand,47,Chamoli,-,-,-,-,-,-,-,-,-,30.04500000,79.28550000,07-08-2026 20:00,4
2570,2570,Gairsain (Ramganga),Uttarakhand,5,Uttarakhand,47,Chamoli,-,-,-,-,-,-,-,-,-,30.04500000,79.28550000,09-08-2026 22:00,4.5
2571,2571,Gairsain (Ramganga),Uttarakhand,5,Uttarakhand,47,Chamoli,-,-,-,-,-,-,-,-,-,30.04500000,79.28550000,09-08-2026 23:00,10.5
2572,2572,Gairsain (Ramganga),Uttarakhand,5,Uttarakhand,47,Chamoli,-,-,-,-,-,-,-,-,-,30.04500000,79.28550000,10-08-2026 00:00,0.5
2573,2573,Gairsain (Ramganga),Uttarakhand,5,Uttarakhand,47,Chamoli,-,-,-,-,-,-,-,-,-,30.04500000,79.28550000,10-08-2026 01:00,0.5
2574,2574,Gairsain (Ramganga),Uttarakhand,5,Uttarakhand,47,Chamoli,-,-,-,-,-,-,-,-,-,30.04500000,79.28550000,10-08-2026 02:00,0.5
2575,2575,Gairsain (Ramganga),Uttarakhand,5,Uttarakhand,47,Chamoli,-,-,-,-,-,-,-,-,-,30.04500000,79.28550000,10-08-2026 03:00,1.5
2576,2576,Gairsain (Ramganga),Uttarakhand,5,Uttarakhand,47,Chamoli,-,-,-,-,-,-,-,-,-,30.04500000,79.28550000,10-08-2026 15:00,1
2577,2577,Gairsain (Ramganga),Uttarakhand,5,Uttarakhand,47,Chamoli,-,-,-,-,-,-,-,-,-,30.04500000,79.28550000,10-08-2026 16:00,0.5
2578,2578,Gairsain (Ramganga),Uttarakhand,5,Uttarakhand,47,Chamoli,-,-,-,-,-,-,-,-,-,30.04500000,79.28550000,10-08-2026 19:00,0.5
2579,2579,Gairsain (Ramganga),Uttarakhand,5,Uttarakhand,47,Chamoli,-,-,-,-,-,-,-,-,-,30.04500000,79.28550000,10-08-2026 20:00,1
2580,2580,Gairsain (Ramganga),Uttarakhand,5,Uttarakhand,47,Chamoli,-,-,-,-,-,-,-,-,-,30.04500000,79.28550000,10-08-2026 21:00,0.5
2581,2581,Gairsain (Ramganga),Uttarakhand,5,Uttarakhand,47,Chamoli,-,-,-,-,-,-,-,-,-,30.04500000,79.28550000,11-08-2026 07:00,1.5
2582,2582,Gairsain (Ramganga),Uttarakhand,5,Uttarakhand,47,Chamoli,-,-,-,-,-,-,-,-,-,30.04500000,79.28550000,14-08-2026 14:00,7.5
2583,2583,Gairsain (Ramganga),Uttarakhand,5,Uttarakhand,47,Chamoli,-,-,-,-,-,-,-,-,-,30.04500000,79.28550000,14-08-2026 15:00,2.5
2584,2584,Gairsain (Ramganga),Uttarakhand,5,Uttarakhand,47,Chamoli,-,-,-,-,-,-,-,-,-,30.04500000,79.28550000,14-08-2026 16:00,7.5
2585,2585,Gairsain (Ramganga),Uttarakhand,5,Uttarakhand,47,Chamoli,-,-,-,-,-,-,-,-,-,30.04500000,79.28550000,14-08-2026 17:00,2
2586,2586,Gairsain (Ramganga),Uttarakhand,5,Uttarakhand,47,Chamoli,-,-,-,-,-,-,-,-,-,30.04500000,79.28550000,15-08-2026 06:00,9.5
2587,2587,Gairsain (Ramganga),Uttarakhand,5,Uttarakhand,47,Chamoli,-,-,-,-,-,-,-,-,-,30.04500000,79.28550000,15-08-2026 07:00,24.5
2588,2588,Gairsain (Ramganga),Uttarakhand,5,Uttarakhand,47,Chamoli,-,-,-,-,-,-,-,-,-,30.04500000,79.28550000,15-08-2026 08:00,12.5
2589,2589,Gairsain (Ramganga),Uttarakhand,5,Uttarakhand,47,Chamoli,-,-,-,-,-,-,-,-,-,30.04500000,79.28550000,15-08-2026 09:00,0.5
2590,2590,Gairsain (Ramganga),Uttarakhand,5,Uttarakhand,47,Chamoli,-,-,-,-,-,-,-,-,-,30.04500000,79.28550000,15-08-2026 23:00,16
2591,2591,Gairsain (Ramganga),Uttarakhand,5,Uttarakhand,47,Chamoli,-,-,-,-,-,-,-,-,-,30.04500000,79.28550000,16-08-2026 00:00,2.5
2592,2592,Gairsain (Ramganga),Uttarakhand,5,Uttarakhand,47,Chamoli,-,-,-,-,-,-,-,-,-,30.04500000,79.28550000,16-08-2026 15:00,2.5
2593,2593,Gairsain (Ramganga),Uttarakhand,5,Uttarakhand,47,Chamoli,-,-,-,-,-,-,-,-,-,30.04500000,79.28550000,16-08-2026 16:00,3
2594,2594,Gairsain (Ramganga),Uttarakhand,5,Uttarakhand,47,Chamoli,-,-,-,-,-,-,-,-,-,30.04500000,79.28550000,16-08-2026 18:00,0.5
2595,2595,Gairsain (Ramganga),Uttarakhand,5,Uttarakhand,47,Chamoli,-,-,-,-,-,-,-,-,-,30.04500000,79.28550000,16-08-2026 19:00,4.5
2596,2596,Gairsain (Ramganga),Uttarakhand,5,Uttarakhand,47,Chamoli,-,-,-,-,-,-,-,-,-,30.04500000,79.28550000,16-08-2026 20:00,2.5
2597,2597,Gairsain (Ramganga),Uttarakhand,5,Uttarakhand,47,Chamoli,-,-,-,-,-,-,-,-,-,30.04500000,79.28550000,16-08-2026 22:00,0.5
2598,2598,Gairsain (Ramganga),Uttarakhand,5,Uttarakhand,47,Chamoli,-,-,-,-,-,-,-,-,-,30.04500000,79.28550000,17-08-2026 03:00,1
2599,2599,Gairsain (Ramganga),Uttarakhand,5,Uttarakhand,47,Chamoli,-,-,-,-,-,-,-,-,-,30.04500000,79.28550000,17-08-2026 04:00,1.5
2600,2600,Gairsain (Ramganga),Uttarakhand,5,Uttarakhand,47,Chamoli,-,-,-,-,-,-,-,-,-,30.04500000,79.28550000,17-08-2026 07:00,5
2601,2601,Gairsain (Ramganga),Uttarakhand,5,Uttarakhand,47,Chamoli,-,-,-,-,-,-,-,-,-,30.04500000,79.28550000,17-08-2026 08:00,14
2602,2602,Gairsain (Ramganga),Uttarakhand,5,Uttarakhand,47,Chamoli,-,-,-,-,-,-,-,-,-,30.04500000,79.28550000,17-08-2026 09:00,1.5
2603,2603,Gairsain (Ramganga),Uttarakhand,5,Uttarakhand,47,Chamoli,-,-,-,-,-,-,-,-,-,30.04500000,79.28550000,17-08-2026 10:00,2.5
2604,2604,Gairsain (Ramganga),Uttarakhand,5,Uttarakhand,47,Chamoli,-,-,-,-,-,-,-,-,-,30.04500000,79.28550000,17-08-2026 11:00,3
2605,2605,Gairsain (Ramganga),Uttarakhand,5,Uttarakhand,47,Chamoli,-,-,-,-,-,-,-,-,-,30.04500000,79.28550000,19-08-2026 01:00,0.5
2606,2606,Gairsain (Ramganga),Uttarakhand,5,Uttarakhand,47,Chamoli,-,-,-,-,-,-,-,-,-,30.04500000,79.28550000,19-08-2026 18:00,3
2607,2607,Gairsain (Ramganga),Uttarakhand,5,Uttarakhand,47,Chamoli,-,-,-,-,-,-,-,-,-,30.04500000,79.28550000,19-08-2026 19:00,1.5
2608,2608,Gairsain (Ramganga),Uttarakhand,5,Uttarakhand,47,Chamoli,-,-,-,-,-,-,-,-,-,30.04500000,79.28550000,20-08-2026 15:00,1.5
2609,2609,Gairsain (Ramganga),Uttarakhand,5,Uttarakhand,47,Chamoli,-,-,-,-,-,-,-,-,-,30.04500000,79.28550000,21-08-2026 02:00,0.5
2610,2610,Gairsain (Ramganga),Uttarakhand,5,Uttarakhand,47,Chamoli,-,-,-,-,-,-,-,-,-,30.04500000,79.28550000,21-08-2026 05:00,2.5
2611,2611,Gairsain (Ramganga),Uttarakhand,5,Uttarakhand,47,Chamoli,-,-,-,-,-,-,-,-,-,30.04500000,79.28550000,21-08-2026 06:00,1
2612,2612,Gairsain (Ramganga),Uttarakhand,5,Uttarakhand,47,Chamoli,-,-,-,-,-,-,-,-,-,30.04500000,79.28550000,21-08-2026 07:00,1
2613,2613,Gairsain (Ramganga),Uttarakhand,5,Uttarakhand,47,Chamoli,-,-,-,-,-,-,-,-,-,30.04500000,79.28550000,21-08-2026 08:00,0.5
2614,2614,Gairsain (Ramganga),Uttarakhand,5,Uttarakhand,47,Chamoli,-,-,-,-,-,-,-,-,-,30.04500000,79.28550000,23-08-2026 15:00,3
2615,2615,Gairsain (Ramganga),Uttarakhand,5,Uttarakhand,47,Chamoli,-,-,-,-,-,-,-,-,-,30.04500000,79.28550000,24-08-2026 19:00,8.5
2616,2616,Gairsain (Ramganga),Uttarakhand,5,Uttarakhand,47,Chamoli,-,-,-,-,-,-,-,-,-,30.04500000,79.28550000,24-08-2026 20:00,4
2617,2617,Gairsain (Ramganga),Uttarakhand,5,Uttarakhand,47,Chamoli,-,-,-,-,-,-,-,-,-,30.04500000,79.28550000,25-08-2026 06:00,0.5
2618,2618,Gairsain (Ramganga),Uttarakhand,5,Uttarakhand,47,Chamoli,-,-,-,-,-,-,-,-,-,30.04500000,79.28550000,30-08-2026 16:00,0.5
2619,2619,Gairsain (Ramganga),Uttarakhand,5,Uttarakhand,47,Chamoli,-,-,-,-,-,-,-,-,-,30.04500000,79.28550000,31-08-2026 02:00,3
2620,2620,Gairsain (Ramganga),Uttarakhand,5,Uttarakhand,47,Chamoli,-,-,-,-,-,-,-,-,-,30.04500000,79.28550000,31-08-2026 03:00,5.5
2621,2621,Gairsain (Ramganga),Uttarakhand,5,Uttarakhand,47,Chamoli,-,-,-,-,-,-,-,-,-,30.04500000,79.28550000,31-08-2026 04:00,3
2622,2622,Gairsain (Ramganga),Uttarakhand,5,Uttarakhand,47,Chamoli,-,-,-,-,-,-,-,-,-,30.04500000,79.28550000,31-08-2026 05:00,1
2623,2623,Gairsain (Ramganga),Uttarakhand,5,Uttarakhand,47,Chamoli,-,-,-,-,-,-,-,-,-,30.04500000,79.28550000,31-08-2026 06:00,0.5
2624,2624,Gairsain (Ramganga),Uttarakhand,5,Uttarakhand,47,Chamoli,-,-,-,-,-,-,-,-,-,30.04500000,79.28550000,01-09-2026 00:00,19
2625,2625,Gairsain (Ramganga),Uttarakhand,5,Uttarakhand,47,Chamoli,-,-,-,-,-,-,-,-,-,30.04500000,79.28550000,01-09-2026 01:00,2
2626,2626,Gairsain (Ramganga),Uttarakhand,5,Uttarakhand,47,Chamoli,-,-,-,-,-,-,-,-,-,30.04500000,79.28550000,01-09-2026 02:00,0.5
2627,2627,Gairsain (Ramganga),Uttarakhand,5,Uttarakhand,47,Chamoli,-,-,-,-,-,-,-,-,-,30.04500000,79.28550000,01-09-2026 03:00,1
2628,2628,Gairsain (Ramganga),Uttarakhand,5,Uttarakhand,47,Chamoli,-,-,-,-,-,-,-,-,-,30.04500000,79.28550000,01-09-2026 04:00,1
2629,2629,Gairsain (Ramganga),Uttarakhand,5,Uttarakhand,47,Chamoli,-,-,-,-,-,-,-,-,-,30.04500000,79.28550000,01-09-2026 05:00,1
2630,2630,Gairsain (Ramganga),Uttarakhand,5,Uttarakhand,47,Chamoli,-,-,-,-,-,-,-,-,-,30.04500000,79.28550000,01-09-2026 06:00,1.5
2631,2631,Gairsain (Ramganga),Uttarakhand,5,Uttarakhand,47,Chamoli,-,-,-,-,-,-,-,-,-,30.04500000,79.28550000,01-09-2026 07:00,0.5
2632,2632,Gairsain (Ramganga),Uttarakhand,5,Uttarakhand,47,Chamoli,-,-,-,-,-,-,-,-,-,30.04500000,79.28550000,01-09-2026 08:00,2
2633,2633,Gairsain (Ramganga),Uttarakhand,5,Uttarakhand,47,Chamoli,-,-,-,-,-,-,-,-,-,30.04500000,79.28550000,01-09-2026 09:00,6
2634,2634,Gairsain (Ramganga),Uttarakhand,5,Uttarakhand,47,Chamoli,-,-,-,-,-,-,-,-,-,30.04500000,79.28550000,01-09-2026 10:00,10.5
2635,2635,Gairsain (Ramganga),Uttarakhand,5,Uttarakhand,47,Chamoli,-,-,-,-,-,-,-,-,-,30.04500000,79.28550000,01-09-2026 11:00,2
2636,2636,Gairsain (Ramganga),Uttarakhand,5,Uttarakhand,47,Chamoli,-,-,-,-,-,-,-,-,-,30.04500000,79.28550000,01-09-2026 12:00,1.5
2637,2637,Gairsain (Ramganga),Uttarakhand,5,Uttarakhand,47,Chamoli,-,-,-,-,-,-,-,-,-,30.04500000,79.28550000,01-09-2026 13:00,0.5
2638,2638,Gairsain (Ramganga),Uttarakhand,5,Uttarakhand,47,Chamoli,-,-,-,-,-,-,-,-,-,30.04500000,79.28550000,01-09-2026 14:00,0.5
2639,2639,Gairsain (Ramganga),Uttarakhand,5,Uttarakhand,47,Chamoli,-,-,-,-,-,-,-,-,-,30.04500000,79.28550000,01-09-2026 15:00,1
2640,2640,Gairsain (Ramganga),Uttarakhand,5,Uttarakhand,47,Chamoli,-,-,-,-,-,-,-,-,-,30.04500000,79.28550000,02-09-2026 14:00,9.5
2641,2641,Gairsain (Ramganga),Uttarakhand,5,Uttarakhand,47,Chamoli,-,-,-,-,-,-,-,-,-,30.04500000,79.28550000,02-09-2026 15:00,6
2642,2642,Gairsain (Ramganga),Uttarakhand,5,Uttarakhand,47,Chamoli,-,-,-,-,-,-,-,-,-,30.04500000,79.28550000,02-09-2026 16:00,3
2643,2643,Gairsain (Ramganga),Uttarakhand,5,Uttarakhand,47,Chamoli,-,-,-,-,-,-,-,-,-,30.04500000,79.28550000,03-09-2026 13:00,0.5
2644,2644,Gairsain (Ramganga),Uttarakhand,5,Uttarakhand,47,Chamoli,-,-,-,-,-,-,-,-,-,30.04500000,79.28550000,03-09-2026 15:00,1
2645,2645,Gairsain (Ramganga),Uttarakhand,5,Uttarakhand,47,Chamoli,-,-,-,-,-,-,-,-,-,30.04500000,79.28550000,03-09-2026 16:00,1
2646,2646,Gairsain (Ramganga),Uttarakhand,5,Uttarakhand,47,Chamoli,-,-,-,-,-,-,-,-,-,30.04500000,79.28550000,03-09-2026 21:00,2
2647,2647,Gairsain (Ramganga),Uttarakhand,5,Uttarakhand,47,Chamoli,-,-,-,-,-,-,-,-,-,30.04500000,79.28550000,04-09-2026 08:00,1
2648,2648,Gairsain (Ramganga),Uttarakhand,5,Uttarakhand,47,Chamoli,-,-,-,-,-,-,-,-,-,30.04500000,79.28550000,04-09-2026 09:00,3
2649,2649,Gairsain (Ramganga),Uttarakhand,5,Uttarakhand,47,Chamoli,-,-,-,-,-,-,-,-,-,30.04500000,79.28550000,04-09-2026 10:00,1
2650,2650,Gairsain (Ramganga),Uttarakhand,5,Uttarakhand,47,Chamoli,-,-,-,-,-,-,-,-,-,30.04500000,79.28550000,04-09-2026 11:00,3
2651,2651,Gairsain (Ramganga),Uttarakhand,5,Uttarakhand,47,Chamoli,-,-,-,-,-,-,-,-,-,30.04500000,79.28550000,04-09-2026 12:00,0.5
2652,2652,Gairsain (Ramganga),Uttarakhand,5,Uttarakhand,47,Chamoli,-,-,-,-,-,-,-,-,-,30.04500000,79.28550000,04-09-2026 20:00,0.5
2653,2653,Gairsain (Ramganga),Uttarakhand,5,Uttarakhand,47,Chamoli,-,-,-,-,-,-,-,-,-,30.04500000,79.28550000,04-09-2026 21:00,33.5
2654,2654,Gairsain (Ramganga),Uttarakhand,5,Uttarakhand,47,Chamoli,-,-,-,-,-,-,-,-,-,30.04500000,79.28550000,04-09-2026 22:00,0.5
2655,2655,Gairsain (Ramganga),Uttarakhand,5,Uttarakhand,47,Chamoli,-,-,-,-,-,-,-,-,-,30.04500000,79.28550000,04-09-2026 23:00,2
2656,2656,Gairsain (Ramganga),Uttarakhand,5,Uttarakhand,47,Chamoli,-,-,-,-,-,-,-,-,-,30.04500000,79.28550000,05-09-2026 01:00,0.5
2657,2657,Gairsain (Ramganga),Uttarakhand,5,Uttarakhand,47,Chamoli,-,-,-,-,-,-,-,-,-,30.04500000,79.28550000,05-09-2026 17:00,0.5
2658,2658,Gairsain (Ramganga),Uttarakhand,5,Uttarakhand,47,Chamoli,-,-,-,-,-,-,-,-,-,30.04500000,79.28550000,05-09-2026 18:00,1
2659,2659,Gairsain (Ramganga),Uttarakhand,5,Uttarakhand,47,Chamoli,-,-,-,-,-,-,-,-,-,30.04500000,79.28550000,05-09-2026 19:00,3
2660,2660,Gairsain (Ramganga),Uttarakhand,5,Uttarakhand,47,Chamoli,-,-,-,-,-,-,-,-,-,30.04500000,79.28550000,05-09-2026 21:00,4
2661,2661,Gairsain (Ramganga),Uttarakhand,5,Uttarakhand,47,Chamoli,-,-,-,-,-,-,-,-,-,30.04500000,79.28550000,05-09-2026 22:00,2
2662,2662,Gairsain (Ramganga),Uttarakhand,5,Uttarakhand,47,Chamoli,-,-,-,-,-,-,-,-,-,30.04500000,79.28550000,06-09-2026 05:00,0.5
2663,2663,Gairsain (Ramganga),Uttarakhand,5,Uttarakhand,47,Chamoli,-,-,-,-,-,-,-,-,-,30.04500000,79.28550000,06-09-2026 07:00,0.5
2664,2664,Gairsain (Ramganga),Uttarakhand,5,Uttarakhand,47,Chamoli,-,-,-,-,-,-,-,-,-,30.04500000,79.28550000,06-09-2026 08:00,3
2665,2665,Gairsain (Ramganga),Uttarakhand,5,Uttarakhand,47,Chamoli,-,-,-,-,-,-,-,-,-,30.04500000,79.28550000,06-09-2026 09:00,9
2666,2666,Gairsain (Ramganga),Uttarakhand,5,Uttarakhand,47,Chamoli,-,-,-,-,-,-,-,-,-,30.04500000,79.28550000,07-09-2026 10:00,2
2667,2667,Gairsain (Ramganga),Uttarakhand,5,Uttarakhand,47,Chamoli,-,-,-,-,-,-,-,-,-,30.04500000,79.28550000,07-09-2026 11:00,4
2668,2668,Gairsain (Ramganga),Uttarakhand,5,Uttarakhand,47,Chamoli,-,-,-,-,-,-,-,-,-,30.04500000,79.28550000,07-09-2026 12:00,1.5
5735,5735,Nandprayag (Nandakini),Uttarakhand,5,Uttarakhand,47,Chamoli,-,-,-,-,-,-,-,-,-,30.33122222,79.31063889,23-05-2026 19:00,1
5736,5736,Nandprayag (Nandakini),Uttarakhand,5,Uttarakhand,47,Chamoli,-,-,-,-,-,-,-,-,-,30.33122222,79.31063889,23-05-2026 20:00,0.5
5737,5737,Nandprayag (Nandakini),Uttarakhand,5,Uttarakhand,47,Chamoli,-,-,-,-,-,-,-,-,-,30.33122222,79.31063889,23-05-2026 21:00,0.5
5738,5738,Nandprayag (Nandakini),Uttarakhand,5,Uttarakhand,47,Chamoli,-,-,-,-,-,-,-,-,-,30.33122222,79.31063889,23-05-2026 22:00,0.5
5739,5739,Nandprayag (Nandakini),Uttarakhand,5,Uttarakhand,47,Chamoli,-,-,-,-,-,-,-,-,-,30.33122222,79.31063889,23-05-2026 23:00,0.5
5740,5740,Nandprayag (Nandakini),Uttarakhand,5,Uttarakhand,47,Chamoli,-,-,-,-,-,-,-,-,-,30.33122222,79.31063889,25-05-2026 19:00,0.5
5741,5741,Nandprayag (Nandakini),Uttarakhand,5,Uttarakhand,47,Chamoli,-,-,-,-,-,-,-,-,-,30.33122222,79.31063889,28-05-2026 19:00,0.5
5742,5742,Nandprayag (Nandakini),Uttarakhand,5,Uttarakhand,47,Chamoli,-,-,-,-,-,-,-,-,-,30.33122222,79.31063889,28-05-2026 20:00,1
5743,5743,Nandprayag (Nandakini),Uttarakhand,5,Uttarakhand,47,Chamoli,-,-,-,-,-,-,-,-,-,30.33122222,79.31063889,28-05-2026 21:00,0.5
5744,5744,Nandprayag (Nandakini),Uttarakhand,5,Uttarakhand,47,Chamoli,-,-,-,-,-,-,-,-,-,30.33122222,79.31063889,28-05-2026 23:00,0.5
5745,5745,Nandprayag (Nandakini),Uttarakhand,5,Uttarakhand,47,Chamoli,-,-,-,-,-,-,-,-,-,30.33122222,79.31063889,13-06-2026 21:00,0.5
5746,5746,Nandprayag (Nandakini),Uttarakhand,5,Uttarakhand,47,Chamoli,-,-,-,-,-,-,-,-,-,30.33122222,79.31063889,15-06-2026 17:00,0.5
5747,5747,Nandprayag (Nandakini),Uttarakhand,5,Uttarakhand,47,Chamoli,-,-,-,-,-,-,-,-,-,30.33122222,79.31063889,21-06-2026 18:00,1
5748,5748,Nandprayag (Nandakini),Uttarakhand,5,Uttarakhand,47,Chamoli,-,-,-,-,-,-,-,-,-,30.33122222,79.31063889,22-06-2026 23:00,0.5
5749,5749,Nandprayag (Nandakini),Uttarakhand,5,Uttarakhand,47,Chamoli,-,-,-,-,-,-,-,-,-,30.33122222,79.31063889,25-06-2026 02:00,10
5750,5750,Nandprayag (Nandakini),Uttarakhand,5,Uttarakhand,47,Chamoli,-,-,-,-,-,-,-,-,-,30.33122222,79.31063889,25-06-2026 03:00,12
5751,5751,Nandprayag (Nandakini),Uttarakhand,5,Uttarakhand,47,Chamoli,-,-,-,-,-,-,-,-,-,30.33122222,79.31063889,25-06-2026 04:00,2.5
5752,5752,Nandprayag (Nandakini),Uttarakhand,5,Uttarakhand,47,Chamoli,-,-,-,-,-,-,-,-,-,30.33122222,79.31063889,26-06-2026 02:00,1.5
5753,5753,Nandprayag (Nandakini),Uttarakhand,5,Uttarakhand,47,Chamoli,-,-,-,-,-,-,-,-,-,30.33122222,79.31063889,26-06-2026 03:00,2.5
5754,5754,Nandprayag (Nandakini),Uttarakhand,5,Uttarakhand,47,Chamoli,-,-,-,-,-,-,-,-,-,30.33122222,79.31063889,26-06-2026 04:00,0.5
5755,5755,Nandprayag (Nandakini),Uttarakhand,5,Uttarakhand,47,Chamoli,-,-,-,-,-,-,-,-,-,30.33122222,79.31063889,26-06-2026 06:00,0.5
5756,5756,Nandprayag (Nandakini),Uttarakhand,5,Uttarakhand,47,Chamoli,-,-,-,-,-,-,-,-,-,30.33122222,79.31063889,28-06-2026 19:00,2.5
5757,5757,Nandprayag (Nandakini),Uttarakhand,5,Uttarakhand,47,Chamoli,-,-,-,-,-,-,-,-,-,30.33122222,79.31063889,28-06-2026 20:00,3
5758,5758,Nandprayag (Nandakini),Uttarakhand,5,Uttarakhand,47,Chamoli,-,-,-,-,-,-,-,-,-,30.33122222,79.31063889,28-06-2026 21:00,0.5
5759,5759,Nandprayag (Nandakini),Uttarakhand,5,Uttarakhand,47,Chamoli,-,-,-,-,-,-,-,-,-,30.33122222,79.31063889,29-06-2026 00:00,1
5760,5760,Nandprayag (Nandakini),Uttarakhand,5,Uttarakhand,47,Chamoli,-,-,-,-,-,-,-,-,-,30.33122222,79.31063889,30-06-2026 04:00,3
5761,5761,Nandprayag (Nandakini),Uttarakhand,5,Uttarakhand,47,Chamoli,-,-,-,-,-,-,-,-,-,30.33122222,79.31063889,30-06-2026 05:00,5
5762,5762,Nandprayag (Nandakini),Uttarakhand,5,Uttarakhand,47,Chamoli,-,-,-,-,-,-,-,-,-,30.33122222,79.31063889,30-06-2026 06:00,0.5
5763,5763,Nandprayag (Nandakini),Uttarakhand,5,Uttarakhand,47,Chamoli,-,-,-,-,-,-,-,-,-,30.33122222,79.31063889,01-07-2026 03:00,0.5
5764,5764,Nandprayag (Nandakini),Uttarakhand,5,Uttarakhand,47,Chamoli,-,-,-,-,-,-,-,-,-,30.33122222,79.31063889,01-07-2026 04:00,3.5
5765,5765,Nandprayag (Nandakini),Uttarakhand,5,Uttarakhand,47,Chamoli,-,-,-,-,-,-,-,-,-,30.33122222,79.31063889,01-07-2026 05:00,4.5
5766,5766,Nandprayag (Nandakini),Uttarakhand,5,Uttarakhand,47,Chamoli,-,-,-,-,-,-,-,-,-,30.33122222,79.31063889,01-07-2026 06:00,4.5
5767,5767,Nandprayag (Nandakini),Uttarakhand,5,Uttarakhand,47,Chamoli,-,-,-,-,-,-,-,-,-,30.33122222,79.31063889,01-07-2026 07:00,1
5768,5768,Nandprayag (Nandakini),Uttarakhand,5,Uttarakhand,47,Chamoli,-,-,-,-,-,-,-,-,-,30.33122222,79.31063889,01-07-2026 08:00,0.5
5769,5769,Nandprayag (Nandakini),Uttarakhand,5,Uttarakhand,47,Chamoli,-,-,-,-,-,-,-,-,-,30.33122222,79.31063889,01-07-2026 09:00,0.5
5770,5770,Nandprayag (Nandakini),Uttarakhand,5,Uttarakhand,47,Chamoli,-,-,-,-,-,-,-,-,-,30.33122222,79.31063889,01-07-2026 10:00,0.5
5771,5771,Nandprayag (Nandakini),Uttarakhand,5,Uttarakhand,47,Chamoli,-,-,-,-,-,-,-,-,-,30.33122222,79.31063889,02-07-2026 00:00,0.5
5772,5772,Nandprayag (Nandakini),Uttarakhand,5,Uttarakhand,47,Chamoli,-,-,-,-,-,-,-,-,-,30.33122222,79.31063889,02-07-2026 01:00,1
5773,5773,Nandprayag (Nandakini),Uttarakhand,5,Uttarakhand,47,Chamoli,-,-,-,-,-,-,-,-,-,30.33122222,79.31063889,02-07-2026 02:00,2.5
5774,5774,Nandprayag (Nandakini),Uttarakhand,5,Uttarakhand,47,Chamoli,-,-,-,-,-,-,-,-,-,30.33122222,79.31063889,02-07-2026 03:00,1.5
5775,5775,Nandprayag (Nandakini),Uttarakhand,5,Uttarakhand,47,Chamoli,-,-,-,-,-,-,-,-,-,30.33122222,79.31063889,02-07-2026 04:00,1.5
5776,5776,Nandprayag (Nandakini),Uttarakhand,5,Uttarakhand,47,Chamoli,-,-,-,-,-,-,-,-,-,30.33122222,79.31063889,02-07-2026 05:00,1.5
5777,5777,Nandprayag (Nandakini),Uttarakhand,5,Uttarakhand,47,Chamoli,-,-,-,-,-,-,-,-,-,30.33122222,79.31063889,02-07-2026 06:00,1
5778,5778,Nandprayag (Nandakini),Uttarakhand,5,Uttarakhand,47,Chamoli,-,-,-,-,-,-,-,-,-,30.33122222,79.31063889,02-07-2026 07:00,0.5
5779,5779,Nandprayag (Nandakini),Uttarakhand,5,Uttarakhand,47,Chamoli,-,-,-,-,-,-,-,-,-,30.33122222,79.31063889,02-07-2026 08:00,1
5780,5780,Nandprayag (Nandakini),Uttarakhand,5,Uttarakhand,47,Chamoli,-,-,-,-,-,-,-,-,-,30.33122222,79.31063889,02-07-2026 09:00,0.5
5781,5781,Nandprayag (Nandakini),Uttarakhand,5,Uttarakhand,47,Chamoli,-,-,-,-,-,-,-,-,-,30.33122222,79.31063889,02-07-2026 10:00,0.5
5782,5782,Nandprayag (Nandakini),Uttarakhand,5,Uttarakhand,47,Chamoli,-,-,-,-,-,-,-,-,-,30.33122222,79.31063889,02-07-2026 11:00,0.5
5783,5783,Nandprayag (Nandakini),Uttarakhand,5,Uttarakhand,47,Chamoli,-,-,-,-,-,-,-,-,-,30.33122222,79.31063889,02-07-2026 12:00,0.5
5784,5784,Nandprayag (Nandakini),Uttarakhand,5,Uttarakhand,47,Chamoli,-,-,-,-,-,-,-,-,-,30.33122222,79.31063889,02-07-2026 14:00,0.5
5785,5785,Nandprayag (Nandakini),Uttarakhand,5,Uttarakhand,47,Chamoli,-,-,-,-,-,-,-,-,-,30.33122222,79.31063889,02-07-2026 15:00,0.5
5786,5786,Nandprayag (Nandakini),Uttarakhand,5,Uttarakhand,47,Chamoli,-,-,-,-,-,-,-,-,-,30.33122222,79.31063889,02-07-2026 17:00,0.5
5787,5787,Nandprayag (Nandakini),Uttarakhand,5,Uttarakhand,47,Chamoli,-,-,-,-,-,-,-,-,-,30.33122222,79.31063889,02-07-2026 22:00,0.5
5788,5788,Nandprayag (Nandakini),Uttarakhand,5,Uttarakhand,47,Chamoli,-,-,-,-,-,-,-,-,-,30.33122222,79.31063889,03-07-2026 08:00,0.5
5789,5789,Nandprayag (Nandakini),Uttarakhand,5,Uttarakhand,47,Chamoli,-,-,-,-,-,-,-,-,-,30.33122222,79.31063889,03-07-2026 21:00,0.5
5790,5790,Nandprayag (Nandakini),Uttarakhand,5,Uttarakhand,47,Chamoli,-,-,-,-,-,-,-,-,-,30.33122222,79.31063889,04-07-2026 12:00,0.5
5791,5791,Nandprayag (Nandakini),Uttarakhand,5,Uttarakhand,47,Chamoli,-,-,-,-,-,-,-,-,-,30.33122222,79.31063889,05-07-2026 08:00,0.5
5792,5792,Nandprayag (Nandakini),Uttarakhand,5,Uttarakhand,47,Chamoli,-,-,-,-,-,-,-,-,-,30.33122222,79.31063889,06-07-2026 03:00,0.5
5793,5793,Nandprayag (Nandakini),Uttarakhand,5,Uttarakhand,47,Chamoli,-,-,-,-,-,-,-,-,-,30.33122222,79.31063889,06-07-2026 19:00,0.5
5794,5794,Nandprayag (Nandakini),Uttarakhand,5,Uttarakhand,47,Chamoli,-,-,-,-,-,-,-,-,-,30.33122222,79.31063889,07-07-2026 13:00,0.5
5795,5795,Nandprayag (Nandakini),Uttarakhand,5,Uttarakhand,47,Chamoli,-,-,-,-,-,-,-,-,-,30.33122222,79.31063889,08-07-2026 08:00,0.5
5796,5796,Nandprayag (Nandakini),Uttarakhand,5,Uttarakhand,47,Chamoli,-,-,-,-,-,-,-,-,-,30.33122222,79.31063889,12-07-2026 16:00,0.5
5797,5797,Nandprayag (Nandakini),Uttarakhand,5,Uttarakhand,47,Chamoli,-,-,-,-,-,-,-,-,-,30.33122222,79.31063889,12-07-2026 21:00,0.5
5798,5798,Nandprayag (Nandakini),Uttarakhand,5,Uttarakhand,47,Chamoli,-,-,-,-,-,-,-,-,-,30.33122222,79.31063889,13-07-2026 09:00,0.5
5799,5799,Nandprayag (Nandakini),Uttarakhand,5,Uttarakhand,47,Chamoli,-,-,-,-,-,-,-,-,-,30.33122222,79.31063889,14-07-2026 11:00,0.5
5800,5800,Nandprayag (Nandakini),Uttarakhand,5,Uttarakhand,47,Chamoli,-,-,-,-,-,-,-,-,-,30.33122222,79.31063889,14-07-2026 16:00,0.5
5801,5801,Nandprayag (Nandakini),Uttarakhand,5,Uttarakhand,47,Chamoli,-,-,-,-,-,-,-,-,-,30.33122222,79.31063889,14-07-2026 21:00,0.5
5802,5802,Nandprayag (Nandakini),Uttarakhand,5,Uttarakhand,47,Chamoli,-,-,-,-,-,-,-,-,-,30.33122222,79.31063889,15-07-2026 02:00,0.5
5803,5803,Nandprayag (Nandakini),Uttarakhand,5,Uttarakhand,47,Chamoli,-,-,-,-,-,-,-,-,-,30.33122222,79.31063889,15-07-2026 07:00,0.5
5804,5804,Nandprayag (Nandakini),Uttarakhand,5,Uttarakhand,47,Chamoli,-,-,-,-,-,-,-,-,-,30.33122222,79.31063889,15-07-2026 12:00,0.5
5805,5805,Nandprayag (Nandakini),Uttarakhand,5,Uttarakhand,47,Chamoli,-,-,-,-,-,-,-,-,-,30.33122222,79.31063889,15-07-2026 16:00,0.5
5806,5806,Nandprayag (Nandakini),Uttarakhand,5,Uttarakhand,47,Chamoli,-,-,-,-,-,-,-,-,-,30.33122222,79.31063889,15-07-2026 22:00,0.5
5807,5807,Nandprayag (Nandakini),Uttarakhand,5,Uttarakhand,47,Chamoli,-,-,-,-,-,-,-,-,-,30.33122222,79.31063889,16-07-2026 03:00,0.5
5808,5808,Nandprayag (Nandakini),Uttarakhand,5,Uttarakhand,47,Chamoli,-,-,-,-,-,-,-,-,-,30.33122222,79.31063889,16-07-2026 09:00,0.5
5809,5809,Nandprayag (Nandakini),Uttarakhand,5,Uttarakhand,47,Chamoli,-,-,-,-,-,-,-,-,-,30.33122222,79.31063889,16-07-2026 14:00,0.5
5810,5810,Nandprayag (Nandakini),Uttarakhand,5,Uttarakhand,47,Chamoli,-,-,-,-,-,-,-,-,-,30.33122222,79.31063889,16-07-2026 21:00,0.5
5811,5811,Nandprayag (Nandakini),Uttarakhand,5,Uttarakhand,47,Chamoli,-,-,-,-,-,-,-,-,-,30.33122222,79.31063889,17-07-2026 05:00,0.5
5812,5812,Nandprayag (Nandakini),Uttarakhand,5,Uttarakhand,47,Chamoli,-,-,-,-,-,-,-,-,-,30.33122222,79.31063889,17-07-2026 15:00,0.5
5813,5813,Nandprayag (Nandakini),Uttarakhand,5,Uttarakhand,47,Chamoli,-,-,-,-,-,-,-,-,-,30.33122222,79.31063889,17-07-2026 22:00,0.5
5814,5814,Nandprayag (Nandakini),Uttarakhand,5,Uttarakhand,47,Chamoli,-,-,-,-,-,-,-,-,-,30.33122222,79.31063889,18-07-2026 09:00,0.5
5815,5815,Nandprayag (Nandakini),Uttarakhand,5,Uttarakhand,47,Chamoli,-,-,-,-,-,-,-,-,-,30.33122222,79.31063889,19-07-2026 03:00,0.5
5816,5816,Nandprayag (Nandakini),Uttarakhand,5,Uttarakhand,47,Chamoli,-,-,-,-,-,-,-,-,-,30.33122222,79.31063889,19-07-2026 14:00,0.5
5817,5817,Nandprayag (Nandakini),Uttarakhand,5,Uttarakhand,47,Chamoli,-,-,-,-,-,-,-,-,-,30.33122222,79.31063889,20-07-2026 00:00,0.5
5818,5818,Nandprayag (Nandakini),Uttarakhand,5,Uttarakhand,47,Chamoli,-,-,-,-,-,-,-,-,-,30.33122222,79.31063889,20-07-2026 03:00,0.5
5819,5819,Nandprayag (Nandakini),Uttarakhand,5,Uttarakhand,47,Chamoli,-,-,-,-,-,-,-,-,-,30.33122222,79.31063889,20-07-2026 05:00,0.5
5820,5820,Nandprayag (Nandakini),Uttarakhand,5,Uttarakhand,47,Chamoli,-,-,-,-,-,-,-,-,-,30.33122222,79.31063889,20-07-2026 07:00,0.5
5821,5821,Nandprayag (Nandakini),Uttarakhand,5,Uttarakhand,47,Chamoli,-,-,-,-,-,-,-,-,-,30.33122222,79.31063889,20-07-2026 08:00,0.5
5822,5822,Nandprayag (Nandakini),Uttarakhand,5,Uttarakhand,47,Chamoli,-,-,-,-,-,-,-,-,-,30.33122222,79.31063889,20-07-2026 09:00,0.5
5823,5823,Nandprayag (Nandakini),Uttarakhand,5,Uttarakhand,47,Chamoli,-,-,-,-,-,-,-,-,-,30.33122222,79.31063889,20-07-2026 11:00,0.5
5824,5824,Nandprayag (Nandakini),Uttarakhand,5,Uttarakhand,47,Chamoli,-,-,-,-,-,-,-,-,-,30.33122222,79.31063889,20-07-2026 14:00,0.5
5825,5825,Nandprayag (Nandakini),Uttarakhand,5,Uttarakhand,47,Chamoli,-,-,-,-,-,-,-,-,-,30.33122222,79.31063889,20-07-2026 15:00,0.5
5826,5826,Nandprayag (Nandakini),Uttarakhand,5,Uttarakhand,47,Chamoli,-,-,-,-,-,-,-,-,-,30.33122222,79.31063889,20-07-2026 16:00,0.5
5827,5827,Nandprayag (Nandakini),Uttarakhand,5,Uttarakhand,47,Chamoli,-,-,-,-,-,-,-,-,-,30.33122222,79.31063889,20-07-2026 18:00,0.5
5828,5828,Nandprayag (Nandakini),Uttarakhand,5,Uttarakhand,47,Chamoli,-,-,-,-,-,-,-,-,-,30.33122222,79.31063889,20-07-2026 19:00,0.5
5829,5829,Nandprayag (Nandakini),Uttarakhand,5,Uttarakhand,47,Chamoli,-,-,-,-,-,-,-,-,-,30.33122222,79.31063889,20-07-2026 20:00,1
5830,5830,Nandprayag (Nandakini),Uttarakhand,5,Uttarakhand,47,Chamoli,-,-,-,-,-,-,-,-,-,30.33122222,79.31063889,20-07-2026 21:00,1
5831,5831,Nandprayag (Nandakini),Uttarakhand,5,Uttarakhand,47,Chamoli,-,-,-,-,-,-,-,-,-,30.33122222,79.31063889,20-07-2026 22:00,1
5832,5832,Nandprayag (Nandakini),Uttarakhand,5,Uttarakhand,47,Chamoli,-,-,-,-,-,-,-,-,-,30.33122222,79.31063889,20-07-2026 23:00,1.5
5833,5833,Nandprayag (Nandakini),Uttarakhand,5,Uttarakhand,47,Chamoli,-,-,-,-,-,-,-,-,-,30.33122222,79.31063889,21-07-2026 00:00,0.5
5834,5834,Nandprayag (Nandakini),Uttarakhand,5,Uttarakhand,47,Chamoli,-,-,-,-,-,-,-,-,-,30.33122222,79.31063889,21-07-2026 02:00,1.5
5835,5835,Nandprayag (Nandakini),Uttarakhand,5,Uttarakhand,47,Chamoli,-,-,-,-,-,-,-,-,-,30.33122222,79.31063889,21-07-2026 03:00,1.5
5836,5836,Nandprayag (Nandakini),Uttarakhand,5,Uttarakhand,47,Chamoli,-,-,-,-,-,-,-,-,-,30.33122222,79.31063889,21-07-2026 04:00,1.5
5837,5837,Nandprayag (Nandakini),Uttarakhand,5,Uttarakhand,47,Chamoli,-,-,-,-,-,-,-,-,-,30.33122222,79.31063889,21-07-2026 05:00,1.5
5838,5838,Nandprayag (Nandakini),Uttarakhand,5,Uttarakhand,47,Chamoli,-,-,-,-,-,-,-,-,-,30.33122222,79.31063889,21-07-2026 06:00,1
5839,5839,Nandprayag (Nandakini),Uttarakhand,5,Uttarakhand,47,Chamoli,-,-,-,-,-,-,-,-,-,30.33122222,79.31063889,21-07-2026 07:00,1.5
5840,5840,Nandprayag (Nandakini),Uttarakhand,5,Uttarakhand,47,Chamoli,-,-,-,-,-,-,-,-,-,30.33122222,79.31063889,21-07-2026 08:00,1.5
5841,5841,Nandprayag (Nandakini),Uttarakhand,5,Uttarakhand,47,Chamoli,-,-,-,-,-,-,-,-,-,30.33122222,79.31063889,21-07-2026 09:00,1
5842,5842,Nandprayag (Nandakini),Uttarakhand,5,Uttarakhand,47,Chamoli,-,-,-,-,-,-,-,-,-,30.33122222,79.31063889,21-07-2026 10:00,1.5
5843,5843,Nandprayag (Nandakini),Uttarakhand,5,Uttarakhand,47,Chamoli,-,-,-,-,-,-,-,-,-,30.33122222,79.31063889,21-07-2026 11:00,1.5
5844,5844,Nandprayag (Nandakini),Uttarakhand,5,Uttarakhand,47,Chamoli,-,-,-,-,-,-,-,-,-,30.33122222,79.31063889,21-07-2026 12:00,1
5845,5845,Nandprayag (Nandakini),Uttarakhand,5,Uttarakhand,47,Chamoli,-,-,-,-,-,-,-,-,-,30.33122222,79.31063889,21-07-2026 13:00,1
5846,5846,Nandprayag (Nandakini),Uttarakhand,5,Uttarakhand,47,Chamoli,-,-,-,-,-,-,-,-,-,30.33122222,79.31063889,21-07-2026 14:00,0.5
5847,5847,Nandprayag (Nandakini),Uttarakhand,5,Uttarakhand,47,Chamoli,-,-,-,-,-,-,-,-,-,30.33122222,79.31063889,21-07-2026 15:00,1
5848,5848,Nandprayag (Nandakini),Uttarakhand,5,Uttarakhand,47,Chamoli,-,-,-,-,-,-,-,-,-,30.33122222,79.31063889,21-07-2026 16:00,0.5
5849,5849,Nandprayag (Nandakini),Uttarakhand,5,Uttarakhand,47,Chamoli,-,-,-,-,-,-,-,-,-,30.33122222,79.31063889,21-07-2026 17:00,0.5
5850,5850,Nandprayag (Nandakini),Uttarakhand,5,Uttarakhand,47,Chamoli,-,-,-,-,-,-,-,-,-,30.33122222,79.31063889,21-07-2026 18:00,0.5
5851,5851,Nandprayag (Nandakini),Uttarakhand,5,Uttarakhand,47,Chamoli,-,-,-,-,-,-,-,-,-,30.33122222,79.31063889,21-07-2026 19:00,1
5852,5852,Nandprayag (Nandakini),Uttarakhand,5,Uttarakhand,47,Chamoli,-,-,-,-,-,-,-,-,-,30.33122222,79.31063889,21-07-2026 20:00,0.5
5853,5853,Nandprayag (Nandakini),Uttarakhand,5,Uttarakhand,47,Chamoli,-,-,-,-,-,-,-,-,-,30.33122222,79.31063889,21-07-2026 21:00,1.5
5854,5854,Nandprayag (Nandakini),Uttarakhand,5,Uttarakhand,47,Chamoli,-,-,-,-,-,-,-,-,-,30.33122222,79.31063889,21-07-2026 22:00,1
5855,5855,Nandprayag (Nandakini),Uttarakhand,5,Uttarakhand,47,Chamoli,-,-,-,-,-,-,-,-,-,30.33122222,79.31063889,21-07-2026 23:00,1.5
5856,5856,Nandprayag (Nandakini),Uttarakhand,5,Uttarakhand,47,Chamoli,-,-,-,-,-,-,-,-,-,30.33122222,79.31063889,22-07-2026 00:00,1.5
5857,5857,Nandprayag (Nandakini),Uttarakhand,5,Uttarakhand,47,Chamoli,-,-,-,-,-,-,-,-,-,30.33122222,79.31063889,22-07-2026 01:00,1
5858,5858,Nandprayag (Nandakini),Uttarakhand,5,Uttarakhand,47,Chamoli,-,-,-,-,-,-,-,-,-,30.33122222,79.31063889,22-07-2026 02:00,1.5
5859,5859,Nandprayag (Nandakini),Uttarakhand,5,Uttarakhand,47,Chamoli,-,-,-,-,-,-,-,-,-,30.33122222,79.31063889,22-07-2026 03:00,1
5860,5860,Nandprayag (Nandakini),Uttarakhand,5,Uttarakhand,47,Chamoli,-,-,-,-,-,-,-,-,-,30.33122222,79.31063889,22-07-2026 04:00,1.5
5861,5861,Nandprayag (Nandakini),Uttarakhand,5,Uttarakhand,47,Chamoli,-,-,-,-,-,-,-,-,-,30.33122222,79.31063889,22-07-2026 05:00,1.5
5862,5862,Nandprayag (Nandakini),Uttarakhand,5,Uttarakhand,47,Chamoli,-,-,-,-,-,-,-,-,-,30.33122222,79.31063889,22-07-2026 06:00,1
5863,5863,Nandprayag (Nandakini),Uttarakhand,5,Uttarakhand,47,Chamoli,-,-,-,-,-,-,-,-,-,30.33122222,79.31063889,22-07-2026 07:00,1.5
5864,5864,Nandprayag (Nandakini),Uttarakhand,5,Uttarakhand,47,Chamoli,-,-,-,-,-,-,-,-,-,30.33122222,79.31063889,22-07-2026 08:00,1
5865,5865,Nandprayag (Nandakini),Uttarakhand,5,Uttarakhand,47,Chamoli,-,-,-,-,-,-,-,-,-,30.33122222,79.31063889,22-07-2026 09:00,1.5
5866,5866,Nandprayag (Nandakini),Uttarakhand,5,Uttarakhand,47,Chamoli,-,-,-,-,-,-,-,-,-,30.33122222,79.31063889,22-07-2026 10:00,1
5867,5867,Nandprayag (Nandakini),Uttarakhand,5,Uttarakhand,47,Chamoli,-,-,-,-,-,-,-,-,-,30.33122222,79.31063889,22-07-2026 11:00,1.5
5868,5868,Nandprayag (Nandakini),Uttarakhand,5,Uttarakhand,47,Chamoli,-,-,-,-,-,-,-,-,-,30.33122222,79.31063889,22-07-2026 12:00,1
5869,5869,Nandprayag (Nandakini),Uttarakhand,5,Uttarakhand,47,Chamoli,-,-,-,-,-,-,-,-,-,30.33122222,79.31063889,22-07-2026 13:00,0.5
5870,5870,Nandprayag (Nandakini),Uttarakhand,5,Uttarakhand,47,Chamoli,-,-,-,-,-,-,-,-,-,30.33122222,79.31063889,22-07-2026 14:00,1
5871,5871,Nandprayag (Nandakini),Uttarakhand,5,Uttarakhand,47,Chamoli,-,-,-,-,-,-,-,-,-,30.33122222,79.31063889,22-07-2026 15:00,0.5
5872,5872,Nandprayag (Nandakini),Uttarakhand,5,Uttarakhand,47,Chamoli,-,-,-,-,-,-,-,-,-,30.33122222,79.31063889,22-07-2026 16:00,0.5
5873,5873,Nandprayag (Nandakini),Uttarakhand,5,Uttarakhand,47,Chamoli,-,-,-,-,-,-,-,-,-,30.33122222,79.31063889,22-07-2026 17:00,1
5874,5874,Nandprayag (Nandakini),Uttarakhand,5,Uttarakhand,47,Chamoli,-,-,-,-,-,-,-,-,-,30.33122222,79.31063889,22-07-2026 18:00,0.5
5875,5875,Nandprayag (Nandakini),Uttarakhand,5,Uttarakhand,47,Chamoli,-,-,-,-,-,-,-,-,-,30.33122222,79.31063889,22-07-2026 19:00,0.5
5876,5876,Nandprayag (Nandakini),Uttarakhand,5,Uttarakhand,47,Chamoli,-,-,-,-,-,-,-,-,-,30.33122222,79.31063889,22-07-2026 20:00,1
5877,5877,Nandprayag (Nandakini),Uttarakhand,5,Uttarakhand,47,Chamoli,-,-,-,-,-,-,-,-,-,30.33122222,79.31063889,23-07-2026 13:00,0.5
5878,5878,Nandprayag (Nandakini),Uttarakhand,5,Uttarakhand,47,Chamoli,-,-,-,-,-,-,-,-,-,30.33122222,79.31063889,23-07-2026 14:00,0.5
5879,5879,Nandprayag (Nandakini),Uttarakhand,5,Uttarakhand,47,Chamoli,-,-,-,-,-,-,-,-,-,30.33122222,79.31063889,23-07-2026 15:00,0.5
5880,5880,Nandprayag (Nandakini),Uttarakhand,5,Uttarakhand,47,Chamoli,-,-,-,-,-,-,-,-,-,30.33122222,79.31063889,23-07-2026 16:00,0.5
5881,5881,Nandprayag (Nandakini),Uttarakhand,5,Uttarakhand,47,Chamoli,-,-,-,-,-,-,-,-,-,30.33122222,79.31063889,23-07-2026 17:00,1
5882,5882,Nandprayag (Nandakini),Uttarakhand,5,Uttarakhand,47,Chamoli,-,-,-,-,-,-,-,-,-,30.33122222,79.31063889,23-07-2026 18:00,0.5
5883,5883,Nandprayag (Nandakini),Uttarakhand,5,Uttarakhand,47,Chamoli,-,-,-,-,-,-,-,-,-,30.33122222,79.31063889,23-07-2026 19:00,1
5884,5884,Nandprayag (Nandakini),Uttarakhand,5,Uttarakhand,47,Chamoli,-,-,-,-,-,-,-,-,-,30.33122222,79.31063889,23-07-2026 20:00,1
5885,5885,Nandprayag (Nandakini),Uttarakhand,5,Uttarakhand,47,Chamoli,-,-,-,-,-,-,-,-,-,30.33122222,79.31063889,23-07-2026 21:00,1.5
5886,5886,Nandprayag (Nandakini),Uttarakhand,5,Uttarakhand,47,Chamoli,-,-,-,-,-,-,-,-,-,30.33122222,79.31063889,23-07-2026 22:00,1
5887,5887,Nandprayag (Nandakini),Uttarakhand,5,Uttarakhand,47,Chamoli,-,-,-,-,-,-,-,-,-,30.33122222,79.31063889,23-07-2026 23:00,1
5888,5888,Nandprayag (Nandakini),Uttarakhand,5,Uttarakhand,47,Chamoli,-,-,-,-,-,-,-,-,-,30.33122222,79.31063889,24-07-2026 00:00,1
5889,5889,Nandprayag (Nandakini),Uttarakhand,5,Uttarakhand,47,Chamoli,-,-,-,-,-,-,-,-,-,30.33122222,79.31063889,24-07-2026 01:00,1.5
5890,5890,Nandprayag (Nandakini),Uttarakhand,5,Uttarakhand,47,Chamoli,-,-,-,-,-,-,-,-,-,30.33122222,79.31063889,24-07-2026 02:00,1
5891,5891,Nandprayag (Nandakini),Uttarakhand,5,Uttarakhand,47,Chamoli,-,-,-,-,-,-,-,-,-,30.33122222,79.31063889,24-07-2026 03:00,1.5
5892,5892,Nandprayag (Nandakini),Uttarakhand,5,Uttarakhand,47,Chamoli,-,-,-,-,-,-,-,-,-,30.33122222,79.31063889,24-07-2026 04:00,1
5893,5893,Nandprayag (Nandakini),Uttarakhand,5,Uttarakhand,47,Chamoli,-,-,-,-,-,-,-,-,-,30.33122222,79.31063889,24-07-2026 05:00,1.5
5894,5894,Nandprayag (Nandakini),Uttarakhand,5,Uttarakhand,47,Chamoli,-,-,-,-,-,-,-,-,-,30.33122222,79.31063889,24-07-2026 06:00,1
5895,5895,Nandprayag (Nandakini),Uttarakhand,5,Uttarakhand,47,Chamoli,-,-,-,-,-,-,-,-,-,30.33122222,79.31063889,24-07-2026 07:00,1.5
5896,5896,Nandprayag (Nandakini),Uttarakhand,5,Uttarakhand,47,Chamoli,-,-,-,-,-,-,-,-,-,30.33122222,79.31063889,24-07-2026 08:00,1.5
5897,5897,Nandprayag (Nandakini),Uttarakhand,5,Uttarakhand,47,Chamoli,-,-,-,-,-,-,-,-,-,30.33122222,79.31063889,24-07-2026 09:00,1.5
5898,5898,Nandprayag (Nandakini),Uttarakhand,5,Uttarakhand,47,Chamoli,-,-,-,-,-,-,-,-,-,30.33122222,79.31063889,24-07-2026 10:00,1.5
5899,5899,Nandprayag (Nandakini),Uttarakhand,5,Uttarakhand,47,Chamoli,-,-,-,-,-,-,-,-,-,30.33122222,79.31063889,24-07-2026 11:00,1
5900,5900,Nandprayag (Nandakini),Uttarakhand,5,Uttarakhand,47,Chamoli,-,-,-,-,-,-,-,-,-,30.33122222,79.31063889,24-07-2026 12:00,0.5
5901,5901,Nandprayag (Nandakini),Uttarakhand,5,Uttarakhand,47,Chamoli,-,-,-,-,-,-,-,-,-,30.33122222,79.31063889,24-07-2026 13:00,1
5902,5902,Nandprayag (Nandakini),Uttarakhand,5,Uttarakhand,47,Chamoli,-,-,-,-,-,-,-,-,-,30.33122222,79.31063889,24-07-2026 14:00,0.5
5903,5903,Nandprayag (Nandakini),Uttarakhand,5,Uttarakhand,47,Chamoli,-,-,-,-,-,-,-,-,-,30.33122222,79.31063889,24-07-2026 15:00,1
5904,5904,Nandprayag (Nandakini),Uttarakhand,5,Uttarakhand,47,Chamoli,-,-,-,-,-,-,-,-,-,30.33122222,79.31063889,24-07-2026 16:00,0.5
5905,5905,Nandprayag (Nandakini),Uttarakhand,5,Uttarakhand,47,Chamoli,-,-,-,-,-,-,-,-,-,30.33122222,79.31063889,24-07-2026 17:00,0.5
5906,5906,Nandprayag (Nandakini),Uttarakhand,5,Uttarakhand,47,Chamoli,-,-,-,-,-,-,-,-,-,30.33122222,79.31063889,24-07-2026 18:00,0.5
5907,5907,Nandprayag (Nandakini),Uttarakhand,5,Uttarakhand,47,Chamoli,-,-,-,-,-,-,-,-,-,30.33122222,79.31063889,24-07-2026 19:00,1
5908,5908,Nandprayag (Nandakini),Uttarakhand,5,Uttarakhand,47,Chamoli,-,-,-,-,-,-,-,-,-,30.33122222,79.31063889,24-07-2026 20:00,1.5
5909,5909,Nandprayag (Nandakini),Uttarakhand,5,Uttarakhand,47,Chamoli,-,-,-,-,-,-,-,-,-,30.33122222,79.31063889,24-07-2026 21:00,1
5910,5910,Nandprayag (Nandakini),Uttarakhand,5,Uttarakhand,47,Chamoli,-,-,-,-,-,-,-,-,-,30.33122222,79.31063889,24-07-2026 22:00,1.5
5911,5911,Nandprayag (Nandakini),Uttarakhand,5,Uttarakhand,47,Chamoli,-,-,-,-,-,-,-,-,-,30.33122222,79.31063889,24-07-2026 23:00,1
5912,5912,Nandprayag (Nandakini),Uttarakhand,5,Uttarakhand,47,Chamoli,-,-,-,-,-,-,-,-,-,30.33122222,79.31063889,25-07-2026 00:00,1.5
5913,5913,Nandprayag (Nandakini),Uttarakhand,5,Uttarakhand,47,Chamoli,-,-,-,-,-,-,-,-,-,30.33122222,79.31063889,25-07-2026 01:00,1.5
5914,5914,Nandprayag (Nandakini),Uttarakhand,5,Uttarakhand,47,Chamoli,-,-,-,-,-,-,-,-,-,30.33122222,79.31063889,25-07-2026 02:00,1
5915,5915,Nandprayag (Nandakini),Uttarakhand,5,Uttarakhand,47,Chamoli,-,-,-,-,-,-,-,-,-,30.33122222,79.31063889,25-07-2026 03:00,1.5
5916,5916,Nandprayag (Nandakini),Uttarakhand,5,Uttarakhand,47,Chamoli,-,-,-,-,-,-,-,-,-,30.33122222,79.31063889,25-07-2026 04:00,1
5917,5917,Nandprayag (Nandakini),Uttarakhand,5,Uttarakhand,47,Chamoli,-,-,-,-,-,-,-,-,-,30.33122222,79.31063889,25-07-2026 05:00,1.5
5918,5918,Nandprayag (Nandakini),Uttarakhand,5,Uttarakhand,47,Chamoli,-,-,-,-,-,-,-,-,-,30.33122222,79.31063889,25-07-2026 06:00,1
5919,5919,Nandprayag (Nandakini),Uttarakhand,5,Uttarakhand,47,Chamoli,-,-,-,-,-,-,-,-,-,30.33122222,79.31063889,25-07-2026 07:00,1.5
5920,5920,Nandprayag (Nandakini),Uttarakhand,5,Uttarakhand,47,Chamoli,-,-,-,-,-,-,-,-,-,30.33122222,79.31063889,25-07-2026 08:00,1
5921,5921,Nandprayag (Nandakini),Uttarakhand,5,Uttarakhand,47,Chamoli,-,-,-,-,-,-,-,-,-,30.33122222,79.31063889,25-07-2026 09:00,1
5922,5922,Nandprayag (Nandakini),Uttarakhand,5,Uttarakhand,47,Chamoli,-,-,-,-,-,-,-,-,-,30.33122222,79.31063889,25-07-2026 10:00,1
5923,5923,Nandprayag (Nandakini),Uttarakhand,5,Uttarakhand,47,Chamoli,-,-,-,-,-,-,-,-,-,30.33122222,79.31063889,25-07-2026 11:00,1.5
5924,5924,Nandprayag (Nandakini),Uttarakhand,5,Uttarakhand,47,Chamoli,-,-,-,-,-,-,-,-,-,30.33122222,79.31063889,25-07-2026 12:00,1
5925,5925,Nandprayag (Nandakini),Uttarakhand,5,Uttarakhand,47,Chamoli,-,-,-,-,-,-,-,-,-,30.33122222,79.31063889,25-07-2026 13:00,1
5926,5926,Nandprayag (Nandakini),Uttarakhand,5,Uttarakhand,47,Chamoli,-,-,-,-,-,-,-,-,-,30.33122222,79.31063889,25-07-2026 14:00,0.5
5927,5927,Nandprayag (Nandakini),Uttarakhand,5,Uttarakhand,47,Chamoli,-,-,-,-,-,-,-,-,-,30.33122222,79.31063889,25-07-2026 15:00,0.5
5928,5928,Nandprayag (Nandakini),Uttarakhand,5,Uttarakhand,47,Chamoli,-,-,-,-,-,-,-,-,-,30.33122222,79.31063889,25-07-2026 16:00,1
5929,5929,Nandprayag (Nandakini),Uttarakhand,5,Uttarakhand,47,Chamoli,-,-,-,-,-,-,-,-,-,30.33122222,79.31063889,25-07-2026 17:00,0.5
5930,5930,Nandprayag (Nandakini),Uttarakhand,5,Uttarakhand,47,Chamoli,-,-,-,-,-,-,-,-,-,30.33122222,79.31063889,25-07-2026 18:00,0.5
5931,5931,Nandprayag (Nandakini),Uttarakhand,5,Uttarakhand,47,Chamoli,-,-,-,-,-,-,-,-,-,30.33122222,79.31063889,25-07-2026 19:00,0.5
5932,5932,Nandprayag (Nandakini),Uttarakhand,5,Uttarakhand,47,Chamoli,-,-,-,-,-,-,-,-,-,30.33122222,79.31063889,25-07-2026 20:00,1
5933,5933,Nandprayag (Nandakini),Uttarakhand,5,Uttarakhand,47,Chamoli,-,-,-,-,-,-,-,-,-,30.33122222,79.31063889,25-07-2026 21:00,1
5934,5934,Nandprayag (Nandakini),Uttarakhand,5,Uttarakhand,47,Chamoli,-,-,-,-,-,-,-,-,-,30.33122222,79.31063889,25-07-2026 22:00,1
5935,5935,Nandprayag (Nandakini),Uttarakhand,5,Uttarakhand,47,Chamoli,-,-,-,-,-,-,-,-,-,30.33122222,79.31063889,25-07-2026 23:00,1
5936,5936,Nandprayag (Nandakini),Uttarakhand,5,Uttarakhand,47,Chamoli,-,-,-,-,-,-,-,-,-,30.33122222,79.31063889,26-07-2026 00:00,1
5937,5937,Nandprayag (Nandakini),Uttarakhand,5,Uttarakhand,47,Chamoli,-,-,-,-,-,-,-,-,-,30.33122222,79.31063889,26-07-2026 01:00,1
5938,5938,Nandprayag (Nandakini),Uttarakhand,5,Uttarakhand,47,Chamoli,-,-,-,-,-,-,-,-,-,30.33122222,79.31063889,26-07-2026 02:00,1
5939,5939,Nandprayag (Nandakini),Uttarakhand,5,Uttarakhand,47,Chamoli,-,-,-,-,-,-,-,-,-,30.33122222,79.31063889,26-07-2026 03:00,1
5940,5940,Nandprayag (Nandakini),Uttarakhand,5,Uttarakhand,47,Chamoli,-,-,-,-,-,-,-,-,-,30.33122222,79.31063889,26-07-2026 04:00,1
5941,5941,Nandprayag (Nandakini),Uttarakhand,5,Uttarakhand,47,Chamoli,-,-,-,-,-,-,-,-,-,30.33122222,79.31063889,26-07-2026 05:00,1
5942,5942,Nandprayag (Nandakini),Uttarakhand,5,Uttarakhand,47,Chamoli,-,-,-,-,-,-,-,-,-,30.33122222,79.31063889,26-07-2026 06:00,1
5943,5943,Nandprayag (Nandakini),Uttarakhand,5,Uttarakhand,47,Chamoli,-,-,-,-,-,-,-,-,-,30.33122222,79.31063889,26-07-2026 07:00,0.5
5944,5944,Nandprayag (Nandakini),Uttarakhand,5,Uttarakhand,47,Chamoli,-,-,-,-,-,-,-,-,-,30.33122222,79.31063889,26-07-2026 08:00,1
5945,5945,Nandprayag (Nandakini),Uttarakhand,5,Uttarakhand,47,Chamoli,-,-,-,-,-,-,-,-,-,30.33122222,79.31063889,26-07-2026 09:00,1
5946,5946,Nandprayag (Nandakini),Uttarakhand,5,Uttarakhand,47,Chamoli,-,-,-,-,-,-,-,-,-,30.33122222,79.31063889,26-07-2026 14:00,0.5
5947,5947,Nandprayag (Nandakini),Uttarakhand,5,Uttarakhand,47,Chamoli,-,-,-,-,-,-,-,-,-,30.33122222,79.31063889,26-07-2026 15:00,0.5
5948,5948,Nandprayag (Nandakini),Uttarakhand,5,Uttarakhand,47,Chamoli,-,-,-,-,-,-,-,-,-,30.33122222,79.31063889,26-07-2026 16:00,0.5
5949,5949,Nandprayag (Nandakini),Uttarakhand,5,Uttarakhand,47,Chamoli,-,-,-,-,-,-,-,-,-,30.33122222,79.31063889,26-07-2026 17:00,0.5
5950,5950,Nandprayag (Nandakini),Uttarakhand,5,Uttarakhand,47,Chamoli,-,-,-,-,-,-,-,-,-,30.33122222,79.31063889,26-07-2026 18:00,0.5
5951,5951,Nandprayag (Nandakini),Uttarakhand,5,Uttarakhand,47,Chamoli,-,-,-,-,-,-,-,-,-,30.33122222,79.31063889,26-07-2026 19:00,1
5952,5952,Nandprayag (Nandakini),Uttarakhand,5,Uttarakhand,47,Chamoli,-,-,-,-,-,-,-,-,-,30.33122222,79.31063889,26-07-2026 20:00,0.5
5953,5953,Nandprayag (Nandakini),Uttarakhand,5,Uttarakhand,47,Chamoli,-,-,-,-,-,-,-,-,-,30.33122222,79.31063889,26-07-2026 21:00,1.5
5954,5954,Nandprayag (Nandakini),Uttarakhand,5,Uttarakhand,47,Chamoli,-,-,-,-,-,-,-,-,-,30.33122222,79.31063889,26-07-2026 22:00,1.5
5955,5955,Nandprayag (Nandakini),Uttarakhand,5,Uttarakhand,47,Chamoli,-,-,-,-,-,-,-,-,-,30.33122222,79.31063889,26-07-2026 23:00,1
5956,5956,Nandprayag (Nandakini),Uttarakhand,5,Uttarakhand,47,Chamoli,-,-,-,-,-,-,-,-,-,30.33122222,79.31063889,27-07-2026 00:00,1.5
5957,5957,Nandprayag (Nandakini),Uttarakhand,5,Uttarakhand,47,Chamoli,-,-,-,-,-,-,-,-,-,30.33122222,79.31063889,27-07-2026 01:00,1.5
5958,5958,Nandprayag (Nandakini),Uttarakhand,5,Uttarakhand,47,Chamoli,-,-,-,-,-,-,-,-,-,30.33122222,79.31063889,27-07-2026 02:00,1
5959,5959,Nandprayag (Nandakini),Uttarakhand,5,Uttarakhand,47,Chamoli,-,-,-,-,-,-,-,-,-,30.33122222,79.31063889,27-07-2026 03:00,1
5960,5960,Nandprayag (Nandakini),Uttarakhand,5,Uttarakhand,47,Chamoli,-,-,-,-,-,-,-,-,-,30.33122222,79.31063889,27-07-2026 04:00,1.5
5961,5961,Nandprayag (Nandakini),Uttarakhand,5,Uttarakhand,47,Chamoli,-,-,-,-,-,-,-,-,-,30.33122222,79.31063889,27-07-2026 05:00,1
5962,5962,Nandprayag (Nandakini),Uttarakhand,5,Uttarakhand,47,Chamoli,-,-,-,-,-,-,-,-,-,30.33122222,79.31063889,27-07-2026 06:00,1
5963,5963,Nandprayag (Nandakini),Uttarakhand,5,Uttarakhand,47,Chamoli,-,-,-,-,-,-,-,-,-,30.33122222,79.31063889,27-07-2026 07:00,1
5964,5964,Nandprayag (Nandakini),Uttarakhand,5,Uttarakhand,47,Chamoli,-,-,-,-,-,-,-,-,-,30.33122222,79.31063889,27-07-2026 08:00,1.5
5965,5965,Nandprayag (Nandakini),Uttarakhand,5,Uttarakhand,47,Chamoli,-,-,-,-,-,-,-,-,-,30.33122222,79.31063889,27-07-2026 09:00,1
5966,5966,Nandprayag (Nandakini),Uttarakhand,5,Uttarakhand,47,Chamoli,-,-,-,-,-,-,-,-,-,30.33122222,79.31063889,27-07-2026 10:00,1
5967,5967,Nandprayag (Nandakini),Uttarakhand,5,Uttarakhand,47,Chamoli,-,-,-,-,-,-,-,-,-,30.33122222,79.31063889,27-07-2026 11:00,1
5968,5968,Nandprayag (Nandakini),Uttarakhand,5,Uttarakhand,47,Chamoli,-,-,-,-,-,-,-,-,-,30.33122222,79.31063889,27-07-2026 12:00,1
5969,5969,Nandprayag (Nandakini),Uttarakhand,5,Uttarakhand,47,Chamoli,-,-,-,-,-,-,-,-,-,30.33122222,79.31063889,27-07-2026 13:00,0.5
5970,5970,Nandprayag (Nandakini),Uttarakhand,5,Uttarakhand,47,Chamoli,-,-,-,-,-,-,-,-,-,30.33122222,79.31063889,27-07-2026 14:00,1
5971,5971,Nandprayag (Nandakini),Uttarakhand,5,Uttarakhand,47,Chamoli,-,-,-,-,-,-,-,-,-,30.33122222,79.31063889,27-07-2026 15:00,1
5972,5972,Nandprayag (Nandakini),Uttarakhand,5,Uttarakhand,47,Chamoli,-,-,-,-,-,-,-,-,-,30.33122222,79.31063889,27-07-2026 16:00,1
5973,5973,Nandprayag (Nandakini),Uttarakhand,5,Uttarakhand,47,Chamoli,-,-,-,-,-,-,-,-,-,30.33122222,79.31063889,27-07-2026 17:00,0.5
5974,5974,Nandprayag (Nandakini),Uttarakhand,5,Uttarakhand,47,Chamoli,-,-,-,-,-,-,-,-,-,30.33122222,79.31063889,27-07-2026 18:00,2
5975,5975,Nandprayag (Nandakini),Uttarakhand,5,Uttarakhand,47,Chamoli,-,-,-,-,-,-,-,-,-,30.33122222,79.31063889,27-07-2026 19:00,1.5
5976,5976,Nandprayag (Nandakini),Uttarakhand,5,Uttarakhand,47,Chamoli,-,-,-,-,-,-,-,-,-,30.33122222,79.31063889,27-07-2026 20:00,2
5977,5977,Nandprayag (Nandakini),Uttarakhand,5,Uttarakhand,47,Chamoli,-,-,-,-,-,-,-,-,-,30.33122222,79.31063889,27-07-2026 21:00,2
5978,5978,Nandprayag (Nandakini),Uttarakhand,5,Uttarakhand,47,Chamoli,-,-,-,-,-,-,-,-,-,30.33122222,79.31063889,27-07-2026 22:00,2
5979,5979,Nandprayag (Nandakini),Uttarakhand,5,Uttarakhand,47,Chamoli,-,-,-,-,-,-,-,-,-,30.33122222,79.31063889,27-07-2026 23:00,2
5980,5980,Nandprayag (Nandakini),Uttarakhand,5,Uttarakhand,47,Chamoli,-,-,-,-,-,-,-,-,-,30.33122222,79.31063889,28-07-2026 00:00,2.5
5981,5981,Nandprayag (Nandakini),Uttarakhand,5,Uttarakhand,47,Chamoli,-,-,-,-,-,-,-,-,-,30.33122222,79.31063889,28-07-2026 01:00,2.5
5982,5982,Nandprayag (Nandakini),Uttarakhand,5,Uttarakhand,47,Chamoli,-,-,-,-,-,-,-,-,-,30.33122222,79.31063889,28-07-2026 02:00,2
5983,5983,Nandprayag (Nandakini),Uttarakhand,5,Uttarakhand,47,Chamoli,-,-,-,-,-,-,-,-,-,30.33122222,79.31063889,28-07-2026 03:00,2.5
5984,5984,Nandprayag (Nandakini),Uttarakhand,5,Uttarakhand,47,Chamoli,-,-,-,-,-,-,-,-,-,30.33122222,79.31063889,28-07-2026 04:00,2
5985,5985,Nandprayag (Nandakini),Uttarakhand,5,Uttarakhand,47,Chamoli,-,-,-,-,-,-,-,-,-,30.33122222,79.31063889,28-07-2026 05:00,2.5
5986,5986,Nandprayag (Nandakini),Uttarakhand,5,Uttarakhand,47,Chamoli,-,-,-,-,-,-,-,-,-,30.33122222,79.31063889,28-07-2026 06:00,2.5
5987,5987,Nandprayag (Nandakini),Uttarakhand,5,Uttarakhand,47,Chamoli,-,-,-,-,-,-,-,-,-,30.33122222,79.31063889,28-07-2026 07:00,2
5988,5988,Nandprayag (Nandakini),Uttarakhand,5,Uttarakhand,47,Chamoli,-,-,-,-,-,-,-,-,-,30.33122222,79.31063889,28-07-2026 08:00,2
5989,5989,Nandprayag (Nandakini),Uttarakhand,5,Uttarakhand,47,Chamoli,-,-,-,-,-,-,-,-,-,30.33122222,79.31063889,28-07-2026 09:00,2
5990,5990,Nandprayag (Nandakini),Uttarakhand,5,Uttarakhand,47,Chamoli,-,-,-,-,-,-,-,-,-,30.33122222,79.31063889,28-07-2026 10:00,2
5991,5991,Nandprayag (Nandakini),Uttarakhand,5,Uttarakhand,47,Chamoli,-,-,-,-,-,-,-,-,-,30.33122222,79.31063889,28-07-2026 11:00,1.5
5992,5992,Nandprayag (Nandakini),Uttarakhand,5,Uttarakhand,47,Chamoli,-,-,-,-,-,-,-,-,-,30.33122222,79.31063889,28-07-2026 12:00,2
5993,5993,Nandprayag (Nandakini),Uttarakhand,5,Uttarakhand,47,Chamoli,-,-,-,-,-,-,-,-,-,30.33122222,79.31063889,28-07-2026 13:00,1.5
5994,5994,Nandprayag (Nandakini),Uttarakhand,5,Uttarakhand,47,Chamoli,-,-,-,-,-,-,-,-,-,30.33122222,79.31063889,28-07-2026 14:00,1.5
5995,5995,Nandprayag (Nandakini),Uttarakhand,5,Uttarakhand,47,Chamoli,-,-,-,-,-,-,-,-,-,30.33122222,79.31063889,28-07-2026 15:00,2
5996,5996,Nandprayag (Nandakini),Uttarakhand,5,Uttarakhand,47,Chamoli,-,-,-,-,-,-,-,-,-,30.33122222,79.31063889,28-07-2026 16:00,2
5997,5997,Nandprayag (Nandakini),Uttarakhand,5,Uttarakhand,47,Chamoli,-,-,-,-,-,-,-,-,-,30.33122222,79.31063889,28-07-2026 17:00,2.5
5998,5998,Nandprayag (Nandakini),Uttarakhand,5,Uttarakhand,47,Chamoli,-,-,-,-,-,-,-,-,-,30.33122222,79.31063889,28-07-2026 18:00,3
5999,5999,Nandprayag (Nandakini),Uttarakhand,5,Uttarakhand,47,Chamoli,-,-,-,-,-,-,-,-,-,30.33122222,79.31063889,28-07-2026 19:00,3
6000,6000,Nandprayag (Nandakini),Uttarakhand,5,Uttarakhand,47,Chamoli,-,-,-,-,-,-,-,-,-,30.33122222,79.31063889,28-07-2026 20:00,2.5
6001,6001,Nandprayag (Nandakini),Uttarakhand,5,Uttarakhand,47,Chamoli,-,-,-,-,-,-,-,-,-,30.33122222,79.31063889,28-07-2026 21:00,2
6002,6002,Nandprayag (Nandakini),Uttarakhand,5,Uttarakhand,47,Chamoli,-,-,-,-,-,-,-,-,-,30.33122222,79.31063889,28-07-2026 22:00,2
6003,6003,Nandprayag (Nandakini),Uttarakhand,5,Uttarakhand,47,Chamoli,-,-,-,-,-,-,-,-,-,30.33122222,79.31063889,28-07-2026 23:00,2
6004,6004,Nandprayag (Nandakini),Uttarakhand,5,Uttarakhand,47,Chamoli,-,-,-,-,-,-,-,-,-,30.33122222,79.31063889,29-07-2026 00:00,4
6005,6005,Nandprayag (Nandakini),Uttarakhand,5,Uttarakhand,47,Chamoli,-,-,-,-,-,-,-,-,-,30.33122222,79.31063889,29-07-2026 01:00,1.5
6006,6006,Nandprayag (Nandakini),Uttarakhand,5,Uttarakhand,47,Chamoli,-,-,-,-,-,-,-,-,-,30.33122222,79.31063889,29-07-2026 02:00,2.5
6007,6007,Nandprayag (Nandakini),Uttarakhand,5,Uttarakhand,47,Chamoli,-,-,-,-,-,-,-,-,-,30.33122222,79.31063889,29-07-2026 03:00,2.5
6008,6008,Nandprayag (Nandakini),Uttarakhand,5,Uttarakhand,47,Chamoli,-,-,-,-,-,-,-,-,-,30.33122222,79.31063889,29-07-2026 04:00,1
6009,6009,Nandprayag (Nandakini),Uttarakhand,5,Uttarakhand,47,Chamoli,-,-,-,-,-,-,-,-,-,30.33122222,79.31063889,29-07-2026 05:00,2
6010,6010,Nandprayag (Nandakini),Uttarakhand,5,Uttarakhand,47,Chamoli,-,-,-,-,-,-,-,-,-,30.33122222,79.31063889,29-07-2026 06:00,4
6011,6011,Nandprayag (Nandakini),Uttarakhand,5,Uttarakhand,47,Chamoli,-,-,-,-,-,-,-,-,-,30.33122222,79.31063889,29-07-2026 07:00,4
6012,6012,Nandprayag (Nandakini),Uttarakhand,5,Uttarakhand,47,Chamoli,-,-,-,-,-,-,-,-,-,30.33122222,79.31063889,29-07-2026 08:00,1.5
6013,6013,Nandprayag (Nandakini),Uttarakhand,5,Uttarakhand,47,Chamoli,-,-,-,-,-,-,-,-,-,30.33122222,79.31063889,29-07-2026 09:00,2
6014,6014,Nandprayag (Nandakini),Uttarakhand,5,Uttarakhand,47,Chamoli,-,-,-,-,-,-,-,-,-,30.33122222,79.31063889,29-07-2026 10:00,2
6015,6015,Nandprayag (Nandakini),Uttarakhand,5,Uttarakhand,47,Chamoli,-,-,-,-,-,-,-,-,-,30.33122222,79.31063889,29-07-2026 11:00,3
6016,6016,Nandprayag (Nandakini),Uttarakhand,5,Uttarakhand,47,Chamoli,-,-,-,-,-,-,-,-,-,30.33122222,79.31063889,29-07-2026 12:00,3.5
6017,6017,Nandprayag (Nandakini),Uttarakhand,5,Uttarakhand,47,Chamoli,-,-,-,-,-,-,-,-,-,30.33122222,79.31063889,29-07-2026 13:00,3.5
6018,6018,Nandprayag (Nandakini),Uttarakhand,5,Uttarakhand,47,Chamoli,-,-,-,-,-,-,-,-,-,30.33122222,79.31063889,29-07-2026 14:00,2
6019,6019,Nandprayag (Nandakini),Uttarakhand,5,Uttarakhand,47,Chamoli,-,-,-,-,-,-,-,-,-,30.33122222,79.31063889,29-07-2026 15:00,1
6020,6020,Nandprayag (Nandakini),Uttarakhand,5,Uttarakhand,47,Chamoli,-,-,-,-,-,-,-,-,-,30.33122222,79.31063889,29-07-2026 16:00,0.5
6021,6021,Nandprayag (Nandakini),Uttarakhand,5,Uttarakhand,47,Chamoli,-,-,-,-,-,-,-,-,-,30.33122222,79.31063889,29-07-2026 17:00,0.5
6022,6022,Nandprayag (Nandakini),Uttarakhand,5,Uttarakhand,47,Chamoli,-,-,-,-,-,-,-,-,-,30.33122222,79.31063889,29-07-2026 18:00,0.5
6023,6023,Nandprayag (Nandakini),Uttarakhand,5,Uttarakhand,47,Chamoli,-,-,-,-,-,-,-,-,-,30.33122222,79.31063889,29-07-2026 19:00,1
6024,6024,Nandprayag (Nandakini),Uttarakhand,5,Uttarakhand,47,Chamoli,-,-,-,-,-,-,-,-,-,30.33122222,79.31063889,29-07-2026 20:00,1
6025,6025,Nandprayag (Nandakini),Uttarakhand,5,Uttarakhand,47,Chamoli,-,-,-,-,-,-,-,-,-,30.33122222,79.31063889,29-07-2026 21:00,1
6026,6026,Nandprayag (Nandakini),Uttarakhand,5,Uttarakhand,47,Chamoli,-,-,-,-,-,-,-,-,-,30.33122222,79.31063889,29-07-2026 23:00,0.5
6027,6027,Nandprayag (Nandakini),Uttarakhand,5,Uttarakhand,47,Chamoli,-,-,-,-,-,-,-,-,-,30.33122222,79.31063889,30-07-2026 05:00,1.5
6028,6028,Nandprayag (Nandakini),Uttarakhand,5,Uttarakhand,47,Chamoli,-,-,-,-,-,-,-,-,-,30.33122222,79.31063889,30-07-2026 06:00,3.5
6029,6029,Nandprayag (Nandakini),Uttarakhand,5,Uttarakhand,47,Chamoli,-,-,-,-,-,-,-,-,-,30.33122222,79.31063889,30-07-2026 07:00,3
6030,6030,Nandprayag (Nandakini),Uttarakhand,5,Uttarakhand,47,Chamoli,-,-,-,-,-,-,-,-,-,30.33122222,79.31063889,30-07-2026 08:00,1.5
6031,6031,Nandprayag (Nandakini),Uttarakhand,5,Uttarakhand,47,Chamoli,-,-,-,-,-,-,-,-,-,30.33122222,79.31063889,30-07-2026 09:00,2
6032,6032,Nandprayag (Nandakini),Uttarakhand,5,Uttarakhand,47,Chamoli,-,-,-,-,-,-,-,-,-,30.33122222,79.31063889,30-07-2026 10:00,2
6033,6033,Nandprayag (Nandakini),Uttarakhand,5,Uttarakhand,47,Chamoli,-,-,-,-,-,-,-,-,-,30.33122222,79.31063889,30-07-2026 11:00,2.5
6034,6034,Nandprayag (Nandakini),Uttarakhand,5,Uttarakhand,47,Chamoli,-,-,-,-,-,-,-,-,-,30.33122222,79.31063889,30-07-2026 12:00,1.5
6035,6035,Nandprayag (Nandakini),Uttarakhand,5,Uttarakhand,47,Chamoli,-,-,-,-,-,-,-,-,-,30.33122222,79.31063889,30-07-2026 13:00,2
6036,6036,Nandprayag (Nandakini),Uttarakhand,5,Uttarakhand,47,Chamoli,-,-,-,-,-,-,-,-,-,30.33122222,79.31063889,30-07-2026 14:00,2.5
6037,6037,Nandprayag (Nandakini),Uttarakhand,5,Uttarakhand,47,Chamoli,-,-,-,-,-,-,-,-,-,30.33122222,79.31063889,30-07-2026 15:00,1.5
6038,6038,Nandprayag (Nandakini),Uttarakhand,5,Uttarakhand,47,Chamoli,-,-,-,-,-,-,-,-,-,30.33122222,79.31063889,30-07-2026 16:00,1
6039,6039,Nandprayag (Nandakini),Uttarakhand,5,Uttarakhand,47,Chamoli,-,-,-,-,-,-,-,-,-,30.33122222,79.31063889,30-07-2026 17:00,1.5
6040,6040,Nandprayag (Nandakini),Uttarakhand,5,Uttarakhand,47,Chamoli,-,-,-,-,-,-,-,-,-,30.33122222,79.31063889,01-08-2026 08:00,0.5
6041,6041,Nandprayag (Nandakini),Uttarakhand,5,Uttarakhand,47,Chamoli,-,-,-,-,-,-,-,-,-,30.33122222,79.31063889,01-08-2026 20:00,0.5
6042,6042,Nandprayag (Nandakini),Uttarakhand,5,Uttarakhand,47,Chamoli,-,-,-,-,-,-,-,-,-,30.33122222,79.31063889,02-08-2026 07:00,0.5
6043,6043,Nandprayag (Nandakini),Uttarakhand,5,Uttarakhand,47,Chamoli,-,-,-,-,-,-,-,-,-,30.33122222,79.31063889,02-08-2026 16:00,0.5
6044,6044,Nandprayag (Nandakini),Uttarakhand,5,Uttarakhand,47,Chamoli,-,-,-,-,-,-,-,-,-,30.33122222,79.31063889,03-08-2026 02:00,0.5
6045,6045,Nandprayag (Nandakini),Uttarakhand,5,Uttarakhand,47,Chamoli,-,-,-,-,-,-,-,-,-,30.33122222,79.31063889,03-08-2026 14:00,0.5
6046,6046,Nandprayag (Nandakini),Uttarakhand,5,Uttarakhand,47,Chamoli,-,-,-,-,-,-,-,-,-,30.33122222,79.31063889,04-08-2026 15:00,0.5
6047,6047,Nandprayag (Nandakini),Uttarakhand,5,Uttarakhand,47,Chamoli,-,-,-,-,-,-,-,-,-,30.33122222,79.31063889,07-08-2026 09:00,0.5
6048,6048,Nandprayag (Nandakini),Uttarakhand,5,Uttarakhand,47,Chamoli,-,-,-,-,-,-,-,-,-,30.33122222,79.31063889,07-08-2026 18:00,0.5
6049,6049,Nandprayag (Nandakini),Uttarakhand,5,Uttarakhand,47,Chamoli,-,-,-,-,-,-,-,-,-,30.33122222,79.31063889,08-08-2026 01:00,0.5
6050,6050,Nandprayag (Nandakini),Uttarakhand,5,Uttarakhand,47,Chamoli,-,-,-,-,-,-,-,-,-,30.33122222,79.31063889,08-08-2026 11:00,0.5
6051,6051,Nandprayag (Nandakini),Uttarakhand,5,Uttarakhand,47,Chamoli,-,-,-,-,-,-,-,-,-,30.33122222,79.31063889,08-08-2026 16:00,0.5
6052,6052,Nandprayag (Nandakini),Uttarakhand,5,Uttarakhand,47,Chamoli,-,-,-,-,-,-,-,-,-,30.33122222,79.31063889,08-08-2026 20:00,0.5
6053,6053,Nandprayag (Nandakini),Uttarakhand,5,Uttarakhand,47,Chamoli,-,-,-,-,-,-,-,-,-,30.33122222,79.31063889,09-08-2026 01:00,0.5
6054,6054,Nandprayag (Nandakini),Uttarakhand,5,Uttarakhand,47,Chamoli,-,-,-,-,-,-,-,-,-,30.33122222,79.31063889,09-08-2026 07:00,0.5
6055,6055,Nandprayag (Nandakini),Uttarakhand,5,Uttarakhand,47,Chamoli,-,-,-,-,-,-,-,-,-,30.33122222,79.31063889,09-08-2026 15:00,0.5
6056,6056,Nandprayag (Nandakini),Uttarakhand,5,Uttarakhand,47,Chamoli,-,-,-,-,-,-,-,-,-,30.33122222,79.31063889,10-08-2026 00:00,0.5
6057,6057,Nandprayag (Nandakini),Uttarakhand,5,Uttarakhand,47,Chamoli,-,-,-,-,-,-,-,-,-,30.33122222,79.31063889,10-08-2026 07:00,0.5
6058,6058,Nandprayag (Nandakini),Uttarakhand,5,Uttarakhand,47,Chamoli,-,-,-,-,-,-,-,-,-,30.33122222,79.31063889,10-08-2026 18:00,0.5
6059,6059,Nandprayag (Nandakini),Uttarakhand,5,Uttarakhand,47,Chamoli,-,-,-,-,-,-,-,-,-,30.33122222,79.31063889,11-08-2026 03:00,0.5
6060,6060,Nandprayag (Nandakini),Uttarakhand,5,Uttarakhand,47,Chamoli,-,-,-,-,-,-,-,-,-,30.33122222,79.31063889,11-08-2026 15:00,0.5
6061,6061,Nandprayag (Nandakini),Uttarakhand,5,Uttarakhand,47,Chamoli,-,-,-,-,-,-,-,-,-,30.33122222,79.31063889,12-08-2026 01:00,0.5
6062,6062,Nandprayag (Nandakini),Uttarakhand,5,Uttarakhand,47,Chamoli,-,-,-,-,-,-,-,-,-,30.33122222,79.31063889,12-08-2026 12:00,0.5
6063,6063,Nandprayag (Nandakini),Uttarakhand,5,Uttarakhand,47,Chamoli,-,-,-,-,-,-,-,-,-,30.33122222,79.31063889,12-08-2026 18:00,0.5
6064,6064,Nandprayag (Nandakini),Uttarakhand,5,Uttarakhand,47,Chamoli,-,-,-,-,-,-,-,-,-,30.33122222,79.31063889,12-08-2026 22:00,0.5
6065,6065,Nandprayag (Nandakini),Uttarakhand,5,Uttarakhand,47,Chamoli,-,-,-,-,-,-,-,-,-,30.33122222,79.31063889,13-08-2026 02:00,0.5
6066,6066,Nandprayag (Nandakini),Uttarakhand,5,Uttarakhand,47,Chamoli,-,-,-,-,-,-,-,-,-,30.33122222,79.31063889,13-08-2026 07:00,0.5
6067,6067,Nandprayag (Nandakini),Uttarakhand,5,Uttarakhand,47,Chamoli,-,-,-,-,-,-,-,-,-,30.33122222,79.31063889,13-08-2026 14:00,0.5
6068,6068,Nandprayag (Nandakini),Uttarakhand,5,Uttarakhand,47,Chamoli,-,-,-,-,-,-,-,-,-,30.33122222,79.31063889,13-08-2026 21:00,0.5
6069,6069,Nandprayag (Nandakini),Uttarakhand,5,Uttarakhand,47,Chamoli,-,-,-,-,-,-,-,-,-,30.33122222,79.31063889,14-08-2026 05:00,0.5
6070,6070,Nandprayag (Nandakini),Uttarakhand,5,Uttarakhand,47,Chamoli,-,-,-,-,-,-,-,-,-,30.33122222,79.31063889,14-08-2026 16:00,0.5
6071,6071,Nandprayag (Nandakini),Uttarakhand,5,Uttarakhand,47,Chamoli,-,-,-,-,-,-,-,-,-,30.33122222,79.31063889,14-08-2026 23:00,0.5
6072,6072,Nandprayag (Nandakini),Uttarakhand,5,Uttarakhand,47,Chamoli,-,-,-,-,-,-,-,-,-,30.33122222,79.31063889,15-08-2026 08:00,0.5
6073,6073,Nandprayag (Nandakini),Uttarakhand,5,Uttarakhand,47,Chamoli,-,-,-,-,-,-,-,-,-,30.33122222,79.31063889,15-08-2026 17:00,0.5
6074,6074,Nandprayag (Nandakini),Uttarakhand,5,Uttarakhand,47,Chamoli,-,-,-,-,-,-,-,-,-,30.33122222,79.31063889,16-08-2026 01:00,0.5
6075,6075,Nandprayag (Nandakini),Uttarakhand,5,Uttarakhand,47,Chamoli,-,-,-,-,-,-,-,-,-,30.33122222,79.31063889,16-08-2026 04:00,0.5
6076,6076,Nandprayag (Nandakini),Uttarakhand,5,Uttarakhand,47,Chamoli,-,-,-,-,-,-,-,-,-,30.33122222,79.31063889,16-08-2026 07:00,0.5
6077,6077,Nandprayag (Nandakini),Uttarakhand,5,Uttarakhand,47,Chamoli,-,-,-,-,-,-,-,-,-,30.33122222,79.31063889,16-08-2026 15:00,0.5
6078,6078,Nandprayag (Nandakini),Uttarakhand,5,Uttarakhand,47,Chamoli,-,-,-,-,-,-,-,-,-,30.33122222,79.31063889,17-08-2026 00:00,0.5
6079,6079,Nandprayag (Nandakini),Uttarakhand,5,Uttarakhand,47,Chamoli,-,-,-,-,-,-,-,-,-,30.33122222,79.31063889,17-08-2026 07:00,0.5
6080,6080,Nandprayag (Nandakini),Uttarakhand,5,Uttarakhand,47,Chamoli,-,-,-,-,-,-,-,-,-,30.33122222,79.31063889,18-08-2026 11:00,0.5
6081,6081,Nandprayag (Nandakini),Uttarakhand,5,Uttarakhand,47,Chamoli,-,-,-,-,-,-,-,-,-,30.33122222,79.31063889,18-08-2026 20:00,0.5
6082,6082,Nandprayag (Nandakini),Uttarakhand,5,Uttarakhand,47,Chamoli,-,-,-,-,-,-,-,-,-,30.33122222,79.31063889,19-08-2026 03:00,0.5
6083,6083,Nandprayag (Nandakini),Uttarakhand,5,Uttarakhand,47,Chamoli,-,-,-,-,-,-,-,-,-,30.33122222,79.31063889,19-08-2026 11:00,0.5
6084,6084,Nandprayag (Nandakini),Uttarakhand,5,Uttarakhand,47,Chamoli,-,-,-,-,-,-,-,-,-,30.33122222,79.31063889,19-08-2026 13:00,0.5
6085,6085,Nandprayag (Nandakini),Uttarakhand,5,Uttarakhand,47,Chamoli,-,-,-,-,-,-,-,-,-,30.33122222,79.31063889,23-08-2026 20:00,0.5
6086,6086,Nandprayag (Nandakini),Uttarakhand,5,Uttarakhand,47,Chamoli,-,-,-,-,-,-,-,-,-,30.33122222,79.31063889,24-08-2026 05:00,0.5
6087,6087,Nandprayag (Nandakini),Uttarakhand,5,Uttarakhand,47,Chamoli,-,-,-,-,-,-,-,-,-,30.33122222,79.31063889,24-08-2026 22:00,0.5
6088,6088,Nandprayag (Nandakini),Uttarakhand,5,Uttarakhand,47,Chamoli,-,-,-,-,-,-,-,-,-,30.33122222,79.31063889,25-08-2026 03:00,0.5
6089,6089,Nandprayag (Nandakini),Uttarakhand,5,Uttarakhand,47,Chamoli,-,-,-,-,-,-,-,-,-,30.33122222,79.31063889,25-08-2026 08:00,0.5
6090,6090,Nandprayag (Nandakini),Uttarakhand,5,Uttarakhand,47,Chamoli,-,-,-,-,-,-,-,-,-,30.33122222,79.31063889,25-08-2026 15:00,0.5
6091,6091,Nandprayag (Nandakini),Uttarakhand,5,Uttarakhand,47,Chamoli,-,-,-,-,-,-,-,-,-,30.33122222,79.31063889,25-08-2026 20:00,0.5
6092,6092,Nandprayag (Nandakini),Uttarakhand,5,Uttarakhand,47,Chamoli,-,-,-,-,-,-,-,-,-,30.33122222,79.31063889,26-08-2026 03:00,0.5
6093,6093,Nandprayag (Nandakini),Uttarakhand,5,Uttarakhand,47,Chamoli,-,-,-,-,-,-,-,-,-,30.33122222,79.31063889,26-08-2026 09:00,0.5
6094,6094,Nandprayag (Nandakini),Uttarakhand,5,Uttarakhand,47,Chamoli,-,-,-,-,-,-,-,-,-,30.33122222,79.31063889,27-08-2026 05:00,0.5
6095,6095,Nandprayag (Nandakini),Uttarakhand,5,Uttarakhand,47,Chamoli,-,-,-,-,-,-,-,-,-,30.33122222,79.31063889,27-08-2026 13:00,0.5
6096,6096,Nandprayag (Nandakini),Uttarakhand,5,Uttarakhand,47,Chamoli,-,-,-,-,-,-,-,-,-,30.33122222,79.31063889,27-08-2026 17:00,0.5
6097,6097,Nandprayag (Nandakini),Uttarakhand,5,Uttarakhand,47,Chamoli,-,-,-,-,-,-,-,-,-,30.33122222,79.31063889,28-08-2026 00:00,0.5
6098,6098,Nandprayag (Nandakini),Uttarakhand,5,Uttarakhand,47,Chamoli,-,-,-,-,-,-,-,-,-,30.33122222,79.31063889,28-08-2026 08:00,0.5
6099,6099,Nandprayag (Nandakini),Uttarakhand,5,Uttarakhand,47,Chamoli,-,-,-,-,-,-,-,-,-,30.33122222,79.31063889,28-08-2026 15:00,0.5
6100,6100,Nandprayag (Nandakini),Uttarakhand,5,Uttarakhand,47,Chamoli,-,-,-,-,-,-,-,-,-,30.33122222,79.31063889,28-08-2026 18:00,0.5
6101,6101,Nandprayag (Nandakini),Uttarakhand,5,Uttarakhand,47,Chamoli,-,-,-,-,-,-,-,-,-,30.33122222,79.31063889,29-08-2026 00:00,0.5
6102,6102,Nandprayag (Nandakini),Uttarakhand,5,Uttarakhand,47,Chamoli,-,-,-,-,-,-,-,-,-,30.33122222,79.31063889,29-08-2026 07:00,0.5
6103,6103,Nandprayag (Nandakini),Uttarakhand,5,Uttarakhand,47,Chamoli,-,-,-,-,-,-,-,-,-,30.33122222,79.31063889,29-08-2026 13:00,0.5
6104,6104,Nandprayag (Nandakini),Uttarakhand,5,Uttarakhand,47,Chamoli,-,-,-,-,-,-,-,-,-,30.33122222,79.31063889,29-08-2026 17:00,0.5
6105,6105,Nandprayag (Nandakini),Uttarakhand,5,Uttarakhand,47,Chamoli,-,-,-,-,-,-,-,-,-,30.33122222,79.31063889,30-08-2026 02:00,0.5
6106,6106,Nandprayag (Nandakini),Uttarakhand,5,Uttarakhand,47,Chamoli,-,-,-,-,-,-,-,-,-,30.33122222,79.31063889,30-08-2026 09:00,0.5
6107,6107,Nandprayag (Nandakini),Uttarakhand,5,Uttarakhand,47,Chamoli,-,-,-,-,-,-,-,-,-,30.33122222,79.31063889,31-08-2026 14:00,0.5
6108,6108,Nandprayag (Nandakini),Uttarakhand,5,Uttarakhand,47,Chamoli,-,-,-,-,-,-,-,-,-,30.33122222,79.31063889,31-08-2026 18:00,0.5
6109,6109,Nandprayag (Nandakini),Uttarakhand,5,Uttarakhand,47,Chamoli,-,-,-,-,-,-,-,-,-,30.33122222,79.31063889,01-09-2026 00:00,0.5
6110,6110,Nandprayag (Nandakini),Uttarakhand,5,Uttarakhand,47,Chamoli,-,-,-,-,-,-,-,-,-,30.33122222,79.31063889,01-09-2026 05:00,0.5
6111,6111,Nandprayag (Nandakini),Uttarakhand,5,Uttarakhand,47,Chamoli,-,-,-,-,-,-,-,-,-,30.33122222,79.31063889,01-09-2026 13:00,0.5
6112,6112,Nandprayag (Nandakini),Uttarakhand,5,Uttarakhand,47,Chamoli,-,-,-,-,-,-,-,-,-,30.33122222,79.31063889,01-09-2026 20:00,0.5
6113,6113,Nandprayag (Nandakini),Uttarakhand,5,Uttarakhand,47,Chamoli,-,-,-,-,-,-,-,-,-,30.33122222,79.31063889,02-09-2026 04:00,0.5
6114,6114,Nandprayag (Nandakini),Uttarakhand,5,Uttarakhand,47,Chamoli,-,-,-,-,-,-,-,-,-,30.33122222,79.31063889,02-09-2026 10:00,0.5
6115,6115,Nandprayag (Nandakini),Uttarakhand,5,Uttarakhand,47,Chamoli,-,-,-,-,-,-,-,-,-,30.33122222,79.31063889,02-09-2026 15:00,0.5
6116,6116,Nandprayag (Nandakini),Uttarakhand,5,Uttarakhand,47,Chamoli,-,-,-,-,-,-,-,-,-,30.33122222,79.31063889,02-09-2026 21:00,0.5
6117,6117,Nandprayag (Nandakini),Uttarakhand,5,Uttarakhand,47,Chamoli,-,-,-,-,-,-,-,-,-,30.33122222,79.31063889,03-09-2026 06:00,0.5
6118,6118,Nandprayag (Nandakini),Uttarakhand,5,Uttarakhand,47,Chamoli,-,-,-,-,-,-,-,-,-,30.33122222,79.31063889,03-09-2026 12:00,0.5
6119,6119,Nandprayag (Nandakini),Uttarakhand,5,Uttarakhand,47,Chamoli,-,-,-,-,-,-,-,-,-,30.33122222,79.31063889,03-09-2026 16:00,0.5
6120,6120,Nandprayag (Nandakini),Uttarakhand,5,Uttarakhand,47,Chamoli,-,-,-,-,-,-,-,-,-,30.33122222,79.31063889,03-09-2026 19:00,0.5
6121,6121,Nandprayag (Nandakini),Uttarakhand,5,Uttarakhand,47,Chamoli,-,-,-,-,-,-,-,-,-,30.33122222,79.31063889,04-09-2026 02:00,0.5
6122,6122,Nandprayag (Nandakini),Uttarakhand,5,Uttarakhand,47,Chamoli,-,-,-,-,-,-,-,-,-,30.33122222,79.31063889,04-09-2026 10:00,0.5
6123,6123,Nandprayag (Nandakini),Uttarakhand,5,Uttarakhand,47,Chamoli,-,-,-,-,-,-,-,-,-,30.33122222,79.31063889,04-09-2026 18:00,0.5
6124,6124,Nandprayag (Nandakini),Uttarakhand,5,Uttarakhand,47,Chamoli,-,-,-,-,-,-,-,-,-,30.33122222,79.31063889,05-09-2026 00:00,0.5
6125,6125,Nandprayag (Nandakini),Uttarakhand,5,Uttarakhand,47,Chamoli,-,-,-,-,-,-,-,-,-,30.33122222,79.31063889,05-09-2026 05:00,0.5
6126,6126,Nandprayag (Nandakini),Uttarakhand,5,Uttarakhand,47,Chamoli,-,-,-,-,-,-,-,-,-,30.33122222,79.31063889,05-09-2026 12:00,0.5
6127,6127,Nandprayag (Nandakini),Uttarakhand,5,Uttarakhand,47,Chamoli,-,-,-,-,-,-,-,-,-,30.33122222,79.31063889,05-09-2026 22:00,0.5
6128,6128,Nandprayag (Nandakini),Uttarakhand,5,Uttarakhand,47,Chamoli,-,-,-,-,-,-,-,-,-,30.33122222,79.31063889,06-09-2026 06:00,0.5
6129,6129,Nandprayag (Nandakini),Uttarakhand,5,Uttarakhand,47,Chamoli,-,-,-,-,-,-,-,-,-,30.33122222,79.31063889,06-09-2026 15:00,0.5
6130,6130,Nandprayag (Nandakini),Uttarakhand,5,Uttarakhand,47,Chamoli,-,-,-,-,-,-,-,-,-,30.33122222,79.31063889,07-09-2026 01:00,0.5
6131,6131,Nandprayag (Nandakini),Uttarakhand,5,Uttarakhand,47,Chamoli,-,-,-,-,-,-,-,-,-,30.33122222,79.31063889,07-09-2026 12:00,0.5
6132,6132,Nandprayag (Nandakini),Uttarakhand,5,Uttarakhand,47,Chamoli,-,-,-,-,-,-,-,-,-,30.33122222,79.31063889,08-09-2026 00:00,0.5
6133,6133,Nandprayag (Nandakini),Uttarakhand,5,Uttarakhand,47,Chamoli,-,-,-,-,-,-,-,-,-,30.33122222,79.31063889,08-09-2026 14:00,0.5
6134,6134,Nandprayag (Nandakini),Uttarakhand,5,Uttarakhand,47,Chamoli,-,-,-,-,-,-,-,-,-,30.33122222,79.31063889,09-09-2026 00:00,0.5
6135,6135,Nandprayag (Nandakini),Uttarakhand,5,Uttarakhand,47,Chamoli,-,-,-,-,-,-,-,-,-,30.33122222,79.31063889,10-09-2026 04:00,0.5
6136,6136,Nandprayag (Nandakini),Uttarakhand,5,Uttarakhand,47,Chamoli,-,-,-,-,-,-,-,-,-,30.33122222,79.31063889,10-09-2026 18:00,0.5
6137,6137,Nandprayag (Nandakini),Uttarakhand,5,Uttarakhand,47,Chamoli,-,-,-,-,-,-,-,-,-,30.33122222,79.31063889,11-09-2026 14:00,0.5
6138,6138,Nandprayag (Nandakini),Uttarakhand,5,Uttarakhand,47,Chamoli,-,-,-,-,-,-,-,-,-,30.33122222,79.31063889,12-09-2026 06:00,0.5
6139,6139,Nandprayag (Nandakini),Uttarakhand,5,Uttarakhand,47,Chamoli,-,-,-,-,-,-,-,-,-,30.33122222,79.31063889,12-09-2026 18:00,0.5
6140,6140,Nandprayag (Nandakini),Uttarakhand,5,Uttarakhand,47,Chamoli,-,-,-,-,-,-,-,-,-,30.33122222,79.31063889,13-09-2026 02:00,0.5
