Station,date,observations,max_discharge,mean_discharge,max_risk_score,mean_risk_score,high_or_critical_observations,daily_risk_category
Lambagarh,2026-01-01,94,7.19,6.701489361702128,40.0,31.51063829787234,0,MODERATE
Lambagarh,2026-01-02,94,7.05,6.63404255319149,40.0,31.893617021276597,0,MODERATE
Lambagarh,2026-01-03,91,7.22,6.606593406593407,52.0,31.692307692307693,0,MODERATE
Lambagarh,2026-01-04,83,7.19,6.474698795180722,40.0,30.313253012048193,0,MODERATE
Lambagarh,2026-01-05,90,7.04,6.596666666666668,40.0,30.666666666666668,0,MODERATE
Lambagarh,2026-01-06,95,7.14,6.574,52.0,31.157894736842106,0,MODERATE
Lambagarh,2026-01-07,93,6.8,6.338924731182796,40.0,27.806451612903224,0,MODERATE
Lambagarh,2026-01-08,93,6.82,6.354946236559139,40.0,29.096774193548388,0,MODERATE
Lambagarh,2026-01-09,93,6.82,6.378279569892473,40.0,29.032258064516128,0,MODERATE
Lambagarh,2026-01-10,87,6.86,6.391264367816092,52.0,30.482758620689655,0,MODERATE
Lambagarh,2026-01-11,92,6.79,6.44554347826087,40.0,30.347826086956523,0,MODERATE
Lambagarh,2026-01-12,94,6.81,6.473404255319149,40.0,29.851063829787233,0,MODERATE
Lambagarh,2026-01-13,95,8.33,6.467052631578947,52.0,28.126315789473683,0,MODERATE
Lambagarh,2026-01-14,91,6.68,6.260659340659341,40.0,24.835164835164836,0,MODERATE
Lambagarh,2026-01-15,91,6.74,6.288791208791208,40.0,26.54945054945055,0,MODERATE
Lambagarh,2026-01-16,88,6.66,6.293295454545454,40.0,25.204545454545453,0,MODERATE
Lambagarh,2026-01-17,95,8.89,6.874736842105263,52.0,24.46315789473684,0,MODERATE
Lambagarh,2026-01-18,87,6.67,6.161149425287356,40.0,24.896551724137932,0,MODERATE
Lambagarh,2026-01-19,85,6.52,6.189058823529412,40.0,23.694117647058825,0,MODERATE
Lambagarh,2026-01-20,88,6.7,6.130454545454546,40.0,20.704545454545453,0,MODERATE
Lambagarh,2026-01-21,87,6.41,6.067701149425287,40.0,15.241379310344827,0,MODERATE
Lambagarh,2026-01-22,87,6.63,6.036781609195403,40.0,16.413793103448278,0,MODERATE
Lambagarh,2026-01-23,82,19.35,8.329878048780488,60.0,28.536585365853657,1,HIGH
Lambagarh,2026-01-24,87,10.37,6.074597701149425,52.0,19.03448275862069,0,MODERATE
Lambagarh,2026-01-25,95,6.65,6.1216842105263165,40.0,19.347368421052632,0,MODERATE
Lambagarh,2026-01-26,95,6.28,5.9526315789473685,28.0,12.842105263157896,0,LOW
Lambagarh,2026-01-27,92,13.04,6.160652173913043,52.0,18.08695652173913,0,MODERATE
Lambagarh,2026-01-28,93,24.68,6.798494623655914,70.0,17.93548387096774,3,HIGH
Lambagarh,2026-01-29,90,6.24,5.877777777777778,40.0,12.6,0,MODERATE
Lambagarh,2026-01-30,95,6.2,5.880947368421054,22.0,12.147368421052631,0,LOW
Lambagarh,2026-01-31,91,6.38,5.8840659340659345,40.0,12.835164835164836,0,MODERATE
Lambagarh,2026-02-01,94,6.83,6.143510638297872,52.0,21.680851063829788,0,MODERATE
Lambagarh,2026-02-02,95,6.95,5.832210526315789,40.0,14.673684210526316,0,MODERATE
Lambagarh,2026-02-03,94,7.26,5.85904255319149,40.0,15.425531914893616,0,MODERATE
Lambagarh,2026-02-04,92,6.33,5.690543478260869,28.0,13.195652173913043,0,LOW
Lambagarh,2026-02-05,95,5.93,5.627999999999999,22.0,11.76842105263158,0,LOW
Lambagarh,2026-02-06,89,6.04,5.63,22.0,12.426966292134832,0,LOW
Lambagarh,2026-02-07,86,6.81,5.618372093023256,52.0,13.069767441860465,0,MODERATE
Lambagarh,2026-02-08,96,5.94,5.6196875,22.0,12.875,0,LOW
Lambagarh,2026-02-09,83,8.08,6.226385542168674,52.0,19.180722891566266,0,MODERATE
Lambagarh,2026-02-10,95,9.05,7.676,52.0,31.410526315789475,0,MODERATE
Lambagarh,2026-02-11,95,8.24,7.352842105263158,52.0,30.589473684210525,0,MODERATE
Lambagarh,2026-02-12,95,8.14,7.370736842105264,40.0,30.526315789473685,0,MODERATE
Lambagarh,2026-02-13,95,7.96,7.265684210526316,40.0,31.03157894736842,0,MODERATE
Lambagarh,2026-02-14,95,7.58,7.191578947368422,40.0,29.642105263157895,0,MODERATE
Lambagarh,2026-02-15,95,7.72,7.257263157894737,40.0,31.410526315789475,0,MODERATE
Lambagarh,2026-02-16,95,7.64,7.259894736842106,40.0,31.157894736842106,0,MODERATE
Lambagarh,2026-02-17,96,7.65,7.292291666666666,40.0,30.0,0,MODERATE
Lambagarh,2026-02-18,95,9.37,7.358421052631578,52.0,32.421052631578945,0,MODERATE
Lambagarh,2026-02-19,95,8.96,7.192631578947368,52.0,31.53684210526316,0,MODERATE
Lambagarh,2026-02-20,94,9.48,7.249787234042554,52.0,30.80851063829787,0,MODERATE
Lambagarh,2026-02-21,93,10.1,7.346344086021506,52.0,32.38709677419355,0,MODERATE
Lambagarh,2026-02-22,94,7.91,6.7959574468085115,52.0,27.93617021276596,0,MODERATE
Lambagarh,2026-02-23,87,6.58,5.9270114942528735,40.0,16.551724137931036,0,MODERATE
Lambagarh,2026-02-24,80,6.24,5.77825,40.0,12.475,0,MODERATE
Lambagarh,2026-02-25,76,6.22,5.7875000000000005,22.0,12.052631578947368,0,LOW
Lambagarh,2026-02-26,80,7.17,6.000375,52.0,19.6,0,MODERATE
Lambagarh,2026-02-27,88,7.03,6.13909090909091,52.0,25.954545454545453,0,MODERATE
Lambagarh,2026-02-28,83,7.14,5.919036144578314,52.0,15.349397590361447,0,MODERATE
Lambagarh,2026-03-01,84,6.17,5.513333333333334,22.0,12.0,0,LOW
Lambagarh,2026-03-02,79,5.82,5.402151898734177,22.0,12.278481012658228,0,LOW
Lambagarh,2026-03-03,85,5.74,5.398588235294118,22.0,11.976470588235294,0,LOW
Lambagarh,2026-03-04,83,5.76,5.4313253012048195,22.0,11.734939759036145,0,LOW
Lambagarh,2026-03-05,83,5.82,5.3833734939759035,22.0,12.457831325301205,0,LOW
Lambagarh,2026-03-06,80,5.75,5.294625,22.0,12.7,0,LOW
Lambagarh,2026-03-07,80,5.86,5.317125,22.0,13.3,0,LOW
Lambagarh,2026-03-08,82,5.87,5.301463414634147,22.0,12.487804878048781,0,LOW
Lambagarh,2026-03-09,84,5.8,5.265714285714286,22.0,11.714285714285714,0,LOW
Lambagarh,2026-03-10,80,5.93,5.340999999999999,22.0,12.1,0,LOW
Lambagarh,2026-03-11,85,5.84,5.253058823529412,22.0,12.117647058823529,0,LOW
Lambagarh,2026-03-12,87,6.77,5.8341379310344825,40.0,19.17241379310345,0,MODERATE
Lambagarh,2026-03-13,87,6.89,5.601379310344828,40.0,13.10344827586207,0,MODERATE
Lambagarh,2026-03-14,88,7.85,5.948522727272728,52.0,17.022727272727273,0,MODERATE
Lambagarh,2026-03-15,84,6.71,5.77702380952381,52.0,17.0,0,MODERATE
Lambagarh,2026-03-16,42,28.49,6.661904761904762,70.0,19.38095238095238,3,HIGH
Lambagarh,2026-05-02,38,6.77,6.1792105263157895,40.0,24.526315789473685,0,MODERATE
Lambagarh,2026-05-03,94,7.24,6.39436170212766,40.0,29.02127659574468,0,MODERATE
Lambagarh,2026-05-04,96,7.12,6.527395833333333,40.0,30.375,0,MODERATE
Lambagarh,2026-05-05,93,7.28,6.514193548387097,40.0,31.677419354838708,0,MODERATE
Lambagarh,2026-05-06,94,7.02,6.398936170212766,40.0,29.914893617021278,0,MODERATE
Lambagarh,2026-05-07,95,7.07,6.442,40.0,30.33684210526316,0,MODERATE
Lambagarh,2026-05-08,96,7.16,6.5209375,40.0,28.8125,0,MODERATE
Lambagarh,2026-05-09,94,7.15,6.505106382978724,40.0,30.48936170212766,0,MODERATE
Lambagarh,2026-05-10,94,7.08,6.516808510638298,52.0,29.72340425531915,0,MODERATE
Lambagarh,2026-05-11,95,7.08,6.468421052631579,40.0,30.46315789473684,0,MODERATE
Lambagarh,2026-05-12,94,7.07,6.473829787234042,40.0,28.893617021276597,0,MODERATE
Lambagarh,2026-05-13,95,7.03,6.449578947368422,40.0,27.621052631578948,0,MODERATE
Lambagarh,2026-05-14,95,7.11,6.50978947368421,40.0,29.705263157894738,0,MODERATE
Lambagarh,2026-05-15,95,6.97,6.597263157894737,40.0,30.71578947368421,0,MODERATE
Lambagarh,2026-05-16,95,7.19,6.456947368421052,40.0,29.073684210526316,0,MODERATE
Lambagarh,2026-05-17,95,7.04,6.488947368421053,40.0,29.010526315789473,0,MODERATE
Lambagarh,2026-05-18,87,11.92,6.506091954022988,52.0,27.379310344827587,0,MODERATE
Lambagarh,2026-05-19,79,9.36,6.494430379746834,52.0,22.227848101265824,0,MODERATE
Lambagarh,2026-05-20,83,13.44,7.711686746987953,52.0,26.337349397590362,0,MODERATE
Lambagarh,2026-05-21,92,11.68,9.736847826086956,52.0,33.73913043478261,0,MODERATE
Lambagarh,2026-05-22,91,14.08,9.637032967032967,52.0,32.879120879120876,0,MODERATE
Lambagarh,2026-05-23,95,9.95,9.200526315789473,40.0,32.294736842105266,0,MODERATE
Lambagarh,2026-05-24,95,9.85,9.303368421052632,40.0,33.05263157894737,0,MODERATE
Lambagarh,2026-05-25,95,9.96,9.34578947368421,40.0,32.54736842105263,0,MODERATE
Lambagarh,2026-05-26,95,9.7,9.202526315789473,40.0,32.92631578947368,0,MODERATE
Lambagarh,2026-05-27,96,9.89,9.261145833333334,40.0,31.5,0,MODERATE
Lambagarh,2026-05-28,95,22.48,9.602947368421052,52.0,34.44210526315789,0,MODERATE
Lambagarh,2026-05-29,95,10.1,9.51021052631579,40.0,33.93684210526316,0,MODERATE
Lambagarh,2026-05-30,95,10.12,9.437157894736842,52.0,33.305263157894736,0,MODERATE
Lambagarh,2026-05-31,95,10.0,9.433894736842106,40.0,33.810526315789474,0,MODERATE
Lambagarh,2026-06-01,95,10.65,10.018105263157896,40.0,34.189473684210526,0,MODERATE
Lambagarh,2026-06-02,95,10.86,10.004947368421053,40.0,34.189473684210526,0,MODERATE
Lambagarh,2026-06-03,96,10.77,10.018749999999999,40.0,33.375,0,MODERATE
Lambagarh,2026-06-04,95,10.68,10.107473684210527,40.0,33.305263157894736,0,MODERATE
Lambagarh,2026-06-05,95,10.75,10.041157894736841,40.0,32.92631578947368,0,MODERATE
Lambagarh,2026-06-06,95,10.71,10.046526315789473,40.0,33.05263157894737,0,MODERATE
Lambagarh,2026-06-07,96,10.57,9.911666666666667,40.0,33.5,0,MODERATE
Lambagarh,2026-06-08,94,10.4,9.860531914893617,40.0,32.340425531914896,0,MODERATE
Lambagarh,2026-06-09,95,10.5,9.836947368421052,40.0,33.55789473684211,0,MODERATE
Lambagarh,2026-06-10,96,12.2,10.205416666666666,52.0,32.75,0,MODERATE
Lambagarh,2026-06-11,95,12.01,10.136315789473684,52.0,32.8,0,MODERATE
Lambagarh,2026-06-12,95,10.65,10.07578947368421,40.0,33.05263157894737,0,MODERATE
Lambagarh,2026-06-13,95,10.66,10.004,52.0,33.55789473684211,0,MODERATE
Lambagarh,2026-06-14,96,11.0,10.116145833333333,40.0,32.375,0,MODERATE
Lambagarh,2026-06-15,94,10.52,9.990851063829787,40.0,33.234042553191486,0,MODERATE
Lambagarh,2026-06-16,95,10.52,9.968421052631578,52.0,33.810526315789474,0,MODERATE
Lambagarh,2026-06-17,96,10.52,9.99375,40.0,32.0,0,MODERATE
Lambagarh,2026-06-18,95,11.22,10.000105263157895,40.0,33.810526315789474,0,MODERATE
Lambagarh,2026-06-19,95,14.73,10.49178947368421,52.0,33.68421052631579,0,MODERATE
Lambagarh,2026-06-20,95,14.23,10.731894736842104,52.0,35.83157894736842,0,MODERATE
Lambagarh,2026-06-21,96,12.18,10.793645833333334,52.0,34.0,0,MODERATE
Lambagarh,2026-06-22,95,11.64,10.844315789473685,52.0,34.694736842105264,0,MODERATE
Lambagarh,2026-06-23,95,11.5,10.771263157894737,52.0,34.06315789473684,0,MODERATE
Lambagarh,2026-06-24,95,13.52,11.026947368421052,52.0,34.82105263157895,0,MODERATE
Lambagarh,2026-06-25,95,26.92,13.376736842105263,70.0,37.410526315789475,8,HIGH
Lambagarh,2026-06-26,95,31.17,16.325157894736844,70.0,41.83157894736842,5,HIGH
Lambagarh,2026-06-27,95,62.62,24.512421052631577,78.0,47.51578947368421,18,HIGH
Lambagarh,2026-06-28,96,64.36,34.87375,78.0,55.270833333333336,29,HIGH
Lambagarh,2026-06-29,94,98.86,51.123829787234044,78.0,63.361702127659576,54,HIGH
Lambagarh,2026-06-30,95,65.03,48.03863157894737,78.0,64.4421052631579,53,HIGH
Lambagarh,2026-07-01,96,66.9,52.30677083333333,78.0,62.875,51,HIGH
Lambagarh,2026-07-02,95,65.79,56.99863157894737,78.0,62.88421052631579,48,HIGH
Lambagarh,2026-07-03,95,120.86,53.92378947368421,78.0,65.70526315789473,62,HIGH
Lambagarh,2026-07-04,95,145.98,80.74642105263158,90.0,68.52631578947368,68,CRITICAL
Lambagarh,2026-07-05,96,213.48,96.60364583333335,90.0,71.33333333333333,71,CRITICAL
Lambagarh,2026-07-06,93,366.62,97.19086021505376,90.0,73.48387096774194,83,CRITICAL
Lambagarh,2026-07-07,95,104.26,69.00242105263159,78.0,69.91578947368421,81,HIGH
Lambagarh,2026-07-08,95,98.48,74.52252631578948,78.0,68.82105263157895,75,HIGH
Lambagarh,2026-07-09,95,101.7,73.62115789473684,78.0,69.11578947368422,81,HIGH
Lambagarh,2026-07-10,96,97.32,69.011875,78.0,67.625,76,HIGH
Lambagarh,2026-07-11,95,100.51,68.57526315789474,78.0,66.54736842105264,68,HIGH
Lambagarh,2026-07-12,95,94.32,59.26989473684211,78.0,65.70526315789473,65,HIGH
Lambagarh,2026-07-13,95,96.7,54.72831578947368,78.0,65.45263157894736,63,HIGH
Lambagarh,2026-07-14,96,97.26,64.24,78.0,68.04166666666667,74,HIGH
Lambagarh,2026-07-15,96,100.56,55.29583333333333,78.0,65.70833333333333,64,HIGH
Lambagarh,2026-07-16,96,117.89,61.012499999999996,78.0,67.33333333333333,69,HIGH
Lambagarh,2026-07-17,93,475.97,104.01989247311829,90.0,72.88172043010752,76,CRITICAL
Lambagarh,2026-07-18,96,179.3,90.1996875,90.0,72.45833333333333,81,CRITICAL
Lambagarh,2026-07-19,96,179.13,93.31791666666668,90.0,73.08333333333333,83,CRITICAL
Lambagarh,2026-07-20,96,151.94,93.9784375,90.0,72.29166666666667,88,CRITICAL
Lambagarh,2026-07-21,96,120.74,66.87125,78.0,65.45833333333333,63,HIGH
Lambagarh,2026-07-22,95,223.66,97.47705263157894,90.0,70.33684210526316,73,CRITICAL
Lambagarh,2026-07-23,93,213.06,100.25989247311828,90.0,71.29032258064517,75,CRITICAL
Lambagarh,2026-07-24,90,438.31,129.96933333333334,90.0,78.66666666666667,82,CRITICAL
Lambagarh,2026-07-25,95,169.09,114.97,90.0,76.48421052631579,84,CRITICAL
Lambagarh,2026-07-26,96,182.82,103.080625,90.0,72.95833333333333,78,CRITICAL
Lambagarh,2026-07-27,96,168.44,97.56958333333334,90.0,71.625,76,CRITICAL
Lambagarh,2026-07-28,90,245.64,143.27955555555556,90.0,77.24444444444444,81,CRITICAL
Lambagarh,2026-07-29,95,168.02,113.96115789473684,90.0,74.25263157894737,85,CRITICAL
Lambagarh,2026-07-30,95,185.68,107.90326315789473,90.0,74.46315789473684,83,CRITICAL
Lambagarh,2026-07-31,90,343.8,129.449,90.0,75.86666666666666,81,CRITICAL
Lambagarh,2026-08-01,95,159.41,120.60315789473684,90.0,75.76842105263158,88,CRITICAL
Lambagarh,2026-08-02,96,156.48,93.01260416666666,90.0,71.58333333333333,76,CRITICAL
Lambagarh,2026-08-03,95,178.35,101.09957894736841,90.0,73.03157894736842,80,CRITICAL
Lambagarh,2026-08-04,96,171.93,98.52749999999999,90.0,71.91666666666667,77,CRITICAL
Lambagarh,2026-08-05,95,188.8,102.38747368421052,90.0,73.2421052631579,82,CRITICAL
Lambagarh,2026-08-06,89,348.7,159.58449438202248,90.0,82.08988764044943,87,CRITICAL
Lambagarh,2026-08-07,96,156.83,97.48010416666666,90.0,72.66666666666667,80,CRITICAL
Lambagarh,2026-08-08,51,76.83,56.12294117647059,78.0,66.47058823529412,38,HIGH
