pseudocode,sdmp_plan_yn,struct_safaud_yn,nonstr_safaud_yn,cctv_cam_yn,fire_ext_yn,nodal_tch_yn,safty_trng_yn,dismgmt_taug_yn,slfdef_grt_yn,slfdef_trained,guide_display_yn,tch_first_level_counsellor,safe_sec_audit,teacher_displaying_photo,vidya_pravesh,stu_atndnc_yn,tch_atndnc_yn,sch_youth_club_yn,sch_eco_club_yn,tch_icard_yn,self_cert_obtained_yn
4410844,1,1,1,2,1,1,1,1,1,10,1,2,3,1,1,2,2,1,1,1,1
4086306,1,1,1,2,1,1,1,1,9,0,1,1,4,1,1,2,2,1,1,1,1
9202177,1,1,1,2,1,1,1,1,9,0,1,1,1,1,1,2,2,1,1,1,1
5973404,1,1,1,2,1,1,1,1,9,0,1,1,2,1,1,2,2,1,1,1,1
6628377,1,1,1,2,1,1,2,1,9,0,1,1,3,1,1,2,2,1,1,1,1
1780963,1,1,1,2,1,1,1,1,9,0,1,1,2,1,1,2,2,1,1,1,2
4744953,1,1,1,2,1,1,1,1,2,17,1,1,2,1,1,2,2,1,1,1,1
6566940,1,2,1,2,1,1,1,1,9,0,1,1,1,1,1,2,2,1,1,1,1
5829185,2,2,1,1,1,1,1,1,9,0,1,2,1,1,2,1,1,2,2,1,1
5188887,1,1,1,2,1,1,1,1,9,0,1,1,1,1,1,2,2,1,1,1,1
6881233,1,1,1,2,1,1,1,1,9,0,1,2,6,1,1,2,2,2,1,1,1
7454087,1,1,2,2,1,1,1,1,2,0,1,1,1,1,1,2,2,1,1,1,1
4325108,1,1,1,2,1,1,1,1,9,0,1,1,2,1,1,2,2,2,1,1,1
9657695,1,2,1,2,1,1,1,1,9,0,1,1,1,1,1,2,2,1,1,1,1
3090189,1,1,1,1,1,1,1,1,1,0,1,1,3,1,1,2,2,1,1,1,1
9853968,1,1,1,2,1,1,1,1,9,0,1,2,6,1,1,2,2,1,1,1,1
6514824,1,1,1,2,1,1,1,1,1,17,1,1,4,1,1,2,2,1,1,1,1
7835805,1,1,1,1,1,1,1,1,1,35,1,1,1,1,2,2,2,1,1,1,1
6410195,1,1,1,2,1,1,1,1,9,0,1,2,2,1,1,2,2,2,1,1,1
4252507,1,1,1,2,1,1,1,1,9,0,1,1,2,1,1,2,2,1,1,1,1
5187269,1,1,1,2,1,1,1,1,1,12,1,1,2,1,1,2,2,1,1,1,1
8856964,1,1,1,1,1,1,1,1,9,0,1,1,2,1,1,2,2,1,1,1,1
9987436,1,1,1,2,1,1,1,1,9,0,1,1,2,1,1,2,2,2,1,1,1
9012679,1,2,2,1,1,1,1,1,9,0,1,1,2,1,1,2,2,2,1,1,2
9815463,1,1,1,2,1,1,1,1,9,0,1,2,3,1,1,1,1,2,1,1,1
1009881,1,1,1,2,1,1,2,1,9,0,1,1,6,1,1,2,2,1,1,1,1
1822939,1,1,1,2,1,2,2,1,9,0,1,2,6,1,1,1,1,2,1,1,2
8980249,1,1,1,2,1,1,1,1,2,0,1,1,1,1,1,2,2,1,1,1,1
9122080,1,1,1,2,1,1,2,1,1,14,1,1,2,1,1,2,2,1,1,1,1
7934238,1,1,1,2,1,1,1,1,1,13,1,1,6,1,1,2,2,1,1,1,1
7052231,1,1,1,2,1,1,1,1,9,0,1,1,5,1,1,2,2,1,1,1,1
8150328,1,1,1,1,1,1,1,1,1,80,1,1,2,1,2,2,3,1,1,1,1
9624332,1,1,2,1,1,1,1,1,2,4,1,1,6,1,2,1,1,1,1,1,1
5296571,1,1,1,1,1,1,2,1,2,0,1,2,6,1,1,1,1,1,1,1,1
5597551,1,1,1,2,1,1,1,1,2,0,1,2,1,1,2,1,3,1,1,1,2
3750340,1,2,2,1,1,1,2,1,2,0,1,2,6,2,2,2,2,1,1,1,1
6570989,1,1,2,1,1,1,1,1,9,0,1,1,2,1,2,1,1,1,1,1,1
9508807,1,1,1,2,1,1,1,1,9,0,1,1,1,1,1,2,2,1,1,1,1
2684268,1,1,1,2,1,1,1,1,9,0,1,1,1,1,1,2,2,1,1,1,1
3683502,1,1,1,2,1,1,1,1,9,0,1,1,2,1,1,2,2,1,1,1,1
7857221,1,1,1,2,1,1,1,1,9,0,1,2,4,1,1,2,2,2,1,1,2
1700764,1,1,2,2,1,1,1,1,9,0,1,1,2,1,1,2,2,1,1,1,1
3199471,1,1,1,2,1,1,1,1,9,0,1,1,4,1,1,2,2,1,1,1,2
7607543,1,1,1,2,1,1,1,1,9,0,1,1,2,1,1,2,2,1,1,1,1
1386632,1,1,1,2,1,1,1,1,9,0,1,2,4,1,1,2,2,1,1,1,2
6338137,1,1,1,2,1,1,1,1,9,0,1,1,1,1,1,2,2,1,1,1,1
5247968,1,1,1,2,1,1,1,1,9,0,1,1,4,1,1,2,2,1,1,1,1
8710201,1,1,1,2,1,1,1,1,1,26,1,1,1,1,1,2,2,1,1,1,1
4133676,1,1,1,2,1,1,1,1,1,0,1,1,1,1,1,2,2,1,1,1,1
8618165,1,1,2,1,1,1,2,1,1,60,2,2,6,1,2,2,2,1,1,1,2
3251176,1,1,1,2,1,1,1,1,1,20,1,1,5,1,1,2,2,1,1,1,1
8643742,1,1,1,2,1,1,1,1,2,0,1,2,2,1,1,2,2,1,1,1,2
3478590,1,1,1,2,1,1,1,1,2,0,2,1,5,1,1,2,2,1,1,1,1
9869269,1,1,1,2,1,1,1,1,2,0,1,1,2,1,1,2,2,1,1,1,1
5170371,1,1,1,2,1,1,1,1,1,5,1,1,2,1,1,2,2,1,1,1,1
3237711,1,1,1,2,1,1,1,1,2,56,1,1,1,1,2,2,3,1,1,1,1
7476487,1,1,1,2,1,1,1,1,1,45,1,2,2,1,1,2,2,1,1,1,1
9576433,1,1,1,1,1,1,1,1,2,0,1,1,2,1,1,1,1,2,1,1,1
4857405,1,1,2,2,1,1,2,1,9,0,1,1,4,1,1,2,2,1,1,1,1
3133689,1,1,1,1,1,1,1,1,2,0,1,1,2,1,1,1,1,1,1,1,1
1391137,1,1,1,1,1,1,1,1,2,0,1,2,1,1,2,2,2,1,1,1,1
2870641,1,1,1,2,1,1,1,1,9,0,1,1,1,1,1,2,2,2,1,1,1
8057750,1,1,2,2,1,1,1,1,9,0,1,2,1,1,1,2,2,1,1,1,1
9420024,1,1,1,2,1,1,1,1,9,0,1,2,2,1,1,2,2,1,1,1,1
3943524,1,1,1,2,1,1,2,1,9,0,1,1,1,1,1,2,2,1,1,1,1
4389030,1,1,1,2,1,1,1,1,9,0,1,2,2,1,1,2,2,1,1,1,1
9735821,1,1,1,2,1,1,1,1,9,0,1,2,2,1,1,2,2,1,1,1,1
3522632,1,2,2,2,1,2,2,1,9,0,1,2,4,1,1,2,2,2,1,1,2
3600118,1,1,1,1,1,1,1,1,9,0,1,1,1,1,1,1,1,2,1,1,1
2546919,1,1,1,2,1,1,1,1,9,0,1,1,1,1,1,2,2,1,1,1,1
3907543,1,2,1,2,1,1,1,1,9,0,1,1,3,1,1,2,2,1,1,1,1
2198987,1,1,2,2,1,1,1,1,9,0,1,1,2,1,1,2,2,1,1,1,1
3740033,1,2,1,2,1,1,1,1,9,0,1,2,4,1,1,2,2,2,1,1,1
7315174,1,1,1,2,1,1,1,1,9,0,1,1,2,1,1,2,2,1,1,1,1
8436626,1,1,1,2,1,1,1,1,9,0,1,1,1,1,1,2,2,2,1,1,1
8873227,1,2,2,2,1,1,1,1,9,0,1,1,6,1,1,2,2,1,1,1,1
2555804,1,1,1,2,1,1,1,1,1,35,1,1,6,1,1,2,2,1,1,1,1
8467816,1,1,1,2,1,1,1,1,1,0,1,2,2,1,2,2,2,1,1,1,1
5670829,1,1,1,2,1,1,1,1,2,0,1,1,2,1,1,2,2,1,1,1,1
7863935,1,1,1,2,1,1,1,1,1,20,1,1,2,1,1,2,2,1,1,1,1
3840891,1,1,1,2,1,1,1,1,2,0,1,1,3,1,1,2,2,1,1,1,2
6235394,1,1,1,2,1,1,1,1,2,0,1,1,6,1,1,2,2,1,1,1,2
7705468,1,2,1,2,1,1,1,1,1,25,1,1,2,1,1,2,3,1,1,1,1
1890783,1,2,2,1,1,1,1,1,2,0,1,1,1,1,2,2,3,1,1,2,1
9242415,1,1,1,1,1,1,1,1,1,25,1,1,2,1,1,2,3,1,1,1,1
6824113,1,1,1,2,1,1,1,1,9,0,1,1,1,1,1,2,2,2,1,1,1
2965943,1,1,2,1,1,1,1,1,2,0,1,2,2,1,1,1,1,1,1,1,1
6154957,1,1,1,2,1,1,1,1,9,0,1,1,3,1,1,2,2,2,1,1,1
8741847,1,1,2,1,1,1,1,1,9,0,1,2,4,1,1,1,1,2,1,1,1
1767209,1,1,1,2,1,1,1,1,9,0,1,1,2,1,1,2,2,1,1,1,1
3874880,1,1,1,2,1,1,1,1,9,0,1,1,2,1,1,2,2,1,1,1,1
8712680,1,1,1,2,1,1,2,1,9,0,1,2,2,1,1,2,2,1,1,1,1
5096815,1,1,1,2,1,1,1,1,9,0,1,1,3,1,1,2,2,1,1,1,1
3087264,1,1,1,2,1,1,1,1,9,0,1,2,1,1,1,2,2,1,1,1,1
2979472,1,2,1,2,1,1,1,1,9,0,1,1,2,1,1,2,2,1,1,1,1
2592242,1,1,1,2,1,1,1,1,9,0,1,1,1,1,1,2,2,1,1,1,1
5704036,1,1,1,2,1,1,2,1,9,0,1,1,1,1,1,2,2,1,1,1,1
1294087,1,1,1,2,1,1,1,1,9,0,1,1,2,1,1,2,2,1,1,1,1
9711359,1,1,1,2,1,1,2,1,9,0,1,1,2,1,1,2,2,1,1,1,1
7016854,1,1,2,2,1,1,1,1,9,0,1,2,1,1,2,2,2,1,1,2,1
8867722,1,1,1,2,1,1,2,1,9,0,1,2,2,1,1,2,2,1,1,1,1
8086157,1,1,1,2,1,1,1,1,9,0,1,1,1,1,1,2,2,1,1,1,1
1054871,1,2,1,2,1,1,1,1,9,0,1,1,2,1,1,2,2,1,1,1,1
7405441,1,1,1,2,1,2,1,1,9,0,1,2,2,1,1,2,2,1,1,1,1
7841035,1,1,1,2,1,1,1,1,9,0,1,1,2,1,1,2,2,1,1,1,1
7055128,1,1,1,2,1,2,2,1,9,0,1,2,6,1,1,2,2,2,1,1,2
1026198,1,1,1,2,1,1,1,1,9,0,1,1,1,1,1,2,2,1,1,1,1
7524390,1,1,1,2,1,1,1,1,9,0,1,1,1,1,1,2,2,1,1,1,1
9650468,1,1,1,2,1,1,1,1,9,0,1,1,2,1,1,2,2,1,1,1,1
8486188,1,1,1,2,1,1,1,1,2,0,1,1,3,1,1,2,2,1,1,1,1
7245067,1,1,2,2,1,1,1,1,9,0,1,1,4,1,1,2,2,1,1,1,1
4957986,1,1,1,1,1,1,1,1,9,0,1,1,5,1,1,2,2,1,1,1,1
6298139,1,1,1,2,1,1,1,1,2,0,1,1,4,1,1,2,2,1,1,1,1
3480324,1,1,2,1,1,1,2,1,1,60,1,1,5,1,1,2,3,1,1,1,1
1953530,1,1,1,2,1,1,1,1,1,10,1,1,2,1,1,2,2,1,1,1,1
6238303,1,1,1,1,1,1,1,1,1,50,1,1,3,1,1,2,2,1,1,1,1
3752308,1,1,1,1,1,1,1,1,9,0,1,2,6,1,1,1,1,1,1,2,1
1746209,1,1,1,1,1,1,1,1,2,0,1,1,2,1,1,1,1,1,1,1,1
1610172,1,1,1,2,1,1,1,2,9,0,1,1,2,1,1,2,2,1,1,1,2
4844563,1,1,2,2,1,1,2,1,9,0,1,1,5,1,1,2,2,1,1,1,1
2680102,1,1,2,2,1,1,1,1,9,0,1,1,5,1,1,2,2,1,1,1,1
2052302,1,1,1,2,1,1,1,1,9,0,1,1,1,1,1,2,2,1,1,1,1
9974473,1,1,1,2,1,1,1,1,9,0,1,1,2,1,1,2,2,2,1,1,1
3752644,1,1,1,1,1,1,1,1,2,0,1,2,1,1,1,2,2,1,1,1,1
8789511,1,1,1,2,1,1,1,1,9,0,1,1,2,1,1,2,2,1,1,1,1
3009090,1,1,1,2,1,1,1,1,9,0,1,1,2,1,1,2,2,1,1,1,1
7045934,1,1,1,2,1,1,1,1,9,0,1,1,1,1,1,2,2,1,1,1,1
8078626,1,1,1,2,1,1,1,1,9,0,1,1,1,1,1,2,2,1,1,1,1
8664836,1,1,1,2,1,1,2,1,9,0,1,1,4,1,1,2,2,1,1,1,1
3858382,1,1,2,2,1,1,1,1,9,0,1,1,2,1,1,2,2,1,1,1,1
8435333,1,1,1,2,1,1,1,1,9,0,1,1,5,1,1,2,2,1,1,1,1
8393279,1,1,1,2,1,1,1,1,9,0,1,1,4,1,1,2,2,2,1,1,1
9873238,1,1,1,2,1,1,1,1,9,0,1,1,1,1,1,2,2,2,1,1,1
7994409,1,1,1,2,1,1,1,1,9,0,1,1,6,1,1,2,2,1,1,1,2
3766396,1,1,1,2,1,1,1,1,9,0,1,1,2,1,1,2,2,1,1,1,1
3693905,1,1,1,2,1,1,1,1,9,0,1,1,1,1,1,2,2,1,1,1,1
3777185,1,2,1,2,1,1,1,1,9,0,1,1,2,1,1,2,2,2,1,1,1
7446525,1,1,1,2,1,1,1,1,9,0,1,1,5,1,1,2,2,1,1,1,1
1123322,1,1,1,2,1,1,1,1,9,0,1,1,2,1,1,2,2,1,1,1,1
6764906,1,2,2,2,1,1,1,1,2,0,2,1,6,1,1,2,2,1,1,2,1
3830086,1,1,2,2,1,1,2,1,9,0,1,1,2,1,1,2,2,1,1,1,1
2605737,1,1,2,2,1,1,1,1,9,0,1,1,4,1,1,2,2,1,1,1,1
5984060,1,1,1,2,1,1,1,1,2,0,2,2,6,2,2,2,2,2,2,2,2
3741264,1,2,2,1,1,1,1,1,1,15,1,1,5,1,1,2,3,1,1,1,1
6560324,1,1,1,2,1,1,1,1,1,15,1,1,2,1,1,2,2,1,1,1,1
9081602,1,1,1,2,1,1,1,1,1,19,1,1,2,1,2,2,2,1,1,1,1
6129327,1,1,1,1,1,1,1,1,9,0,1,1,6,1,2,1,3,1,1,1,2
7315523,1,1,1,2,1,1,1,1,1,14,1,1,1,1,1,2,2,1,1,1,1
6079038,1,1,1,2,1,1,1,1,1,30,1,1,1,1,1,2,2,1,1,1,1
7665792,1,1,1,2,1,1,1,1,2,0,1,1,2,1,1,2,2,1,1,1,1
5256087,1,1,1,2,1,1,1,1,9,0,1,1,2,1,1,2,2,1,1,1,1
5657371,1,1,1,2,1,1,1,1,9,0,1,2,1,1,2,2,2,2,1,1,1
5176135,1,1,2,2,1,1,1,1,9,0,1,1,2,1,1,2,2,1,1,1,1
4609997,1,1,2,2,1,1,1,1,9,0,1,2,2,2,1,2,2,2,1,1,1
6505914,1,1,2,2,1,1,1,1,9,0,1,1,2,1,1,2,2,1,1,1,1
7760997,1,1,2,2,1,1,1,1,9,0,1,1,3,1,1,2,2,1,1,1,1
5388146,1,1,2,2,1,1,1,1,9,0,1,2,1,1,1,2,2,1,1,1,1
7002696,1,2,2,1,1,1,1,1,9,0,2,2,1,1,1,2,2,1,1,1,1
3268756,1,1,1,1,1,1,1,1,2,0,1,2,2,1,2,1,1,2,1,2,2
7189135,1,1,1,1,1,1,1,1,9,0,1,1,6,1,1,1,1,2,1,1,1
2978417,1,1,2,1,1,1,1,1,9,0,1,1,5,1,1,2,2,1,1,1,1
2834626,1,2,2,2,1,1,1,1,9,0,1,1,1,1,1,2,2,1,1,1,1
6052160,1,2,1,2,1,1,1,1,9,0,1,1,2,1,1,2,2,1,1,1,1
7586831,1,1,2,2,1,1,1,1,9,0,1,1,1,1,1,2,2,2,1,1,1
2443292,1,1,2,2,1,1,1,1,9,0,1,1,5,1,1,2,2,1,1,1,1
5244079,1,1,1,2,1,1,1,1,9,0,1,1,2,1,1,2,2,1,1,1,1
4839267,1,1,1,1,1,1,1,1,1,97,1,1,2,1,1,2,2,1,1,1,1
8056489,1,1,1,2,1,1,1,1,9,0,1,2,2,1,1,2,2,1,1,1,2
5952462,1,1,1,2,1,1,1,1,9,0,1,1,6,1,1,2,2,1,1,1,2
5338900,1,1,1,1,1,1,1,1,1,1,1,1,3,1,1,1,1,2,1,1,1
5820108,1,1,1,2,1,1,1,1,9,0,1,1,1,1,1,2,2,1,1,1,1
2563691,1,1,2,1,1,1,1,1,2,0,1,2,2,1,1,2,2,2,1,1,1
8176661,1,1,1,2,1,1,1,1,9,0,1,1,2,1,1,2,2,1,1,1,1
4783419,1,1,2,1,1,1,1,1,9,0,1,1,6,1,1,1,1,1,1,2,2
2008193,1,1,1,2,1,1,1,1,9,0,1,1,6,1,1,2,2,1,1,1,1
7554424,1,1,1,2,1,1,1,1,9,0,1,2,4,1,1,2,2,1,1,1,2
6338583,1,1,1,2,1,1,1,1,9,0,1,2,1,1,1,2,2,1,1,1,1
5798541,1,1,1,1,1,1,1,1,2,0,1,2,1,1,2,1,1,1,1,1,1
5298970,1,1,1,2,1,1,1,1,9,0,1,1,1,1,1,2,2,1,1,1,1
3680229,1,1,1,2,1,1,1,1,9,0,1,1,4,1,1,2,2,1,1,1,1
9828408,1,2,2,2,1,1,1,1,9,0,1,1,1,1,1,2,2,1,1,1,1
7418666,1,1,1,2,1,1,1,1,2,0,1,1,1,1,1,2,2,1,1,1,1
9839827,1,1,1,2,1,1,1,1,9,0,1,1,3,1,1,2,2,1,1,1,1
5412299,1,1,2,1,1,1,1,1,9,0,1,1,2,1,1,2,2,1,1,1,1
4170046,1,1,1,2,1,1,1,1,9,0,1,1,1,1,1,2,2,2,1,1,1
4671683,1,1,2,2,1,1,1,1,9,0,1,1,3,1,1,2,2,1,1,1,1
1812555,1,1,1,2,1,1,1,1,9,0,1,1,4,1,1,2,2,1,1,1,1
2694686,1,1,1,2,1,1,1,1,9,0,1,1,2,1,1,2,2,1,1,1,1
7755020,1,1,1,2,1,1,1,1,9,0,1,1,2,1,1,2,2,1,1,1,1
7037659,1,1,1,2,1,1,1,1,9,0,1,1,1,1,1,2,2,2,1,1,1
4858615,1,1,1,2,1,1,1,1,9,0,1,1,1,1,1,2,2,1,1,1,1
7997760,1,1,2,2,1,1,1,1,9,0,1,1,4,1,1,2,2,1,1,1,1
4476556,1,1,1,1,1,1,1,1,2,0,1,1,2,1,1,1,1,1,1,1,1
5061929,1,2,1,2,1,1,1,1,9,0,1,1,2,1,1,2,2,1,1,1,1
1455735,1,1,1,2,1,1,1,1,9,0,1,1,3,1,1,2,2,1,1,1,1
1171873,1,1,1,1,1,1,2,1,2,0,1,1,6,1,2,2,2,1,1,1,1
5154502,1,1,1,1,1,1,1,1,2,0,1,1,1,1,1,2,2,1,1,1,1
4925564,1,1,1,2,1,1,1,1,9,0,1,1,1,1,1,2,2,2,1,1,1
6989139,1,1,1,2,1,1,1,1,9,0,1,1,2,1,1,2,2,1,1,1,1
2449088,1,2,2,2,1,1,1,1,9,0,1,1,2,1,1,2,2,2,1,1,1
4881186,1,1,1,2,1,1,1,1,9,0,1,1,1,1,1,2,2,1,1,1,1
3691807,1,1,1,2,1,1,1,1,9,0,1,1,4,1,1,2,2,1,1,1,1
5587433,1,1,1,2,1,1,1,1,9,0,1,1,1,1,1,2,2,1,1,1,1
8711174,1,1,1,2,1,1,1,1,2,0,1,1,3,1,1,2,2,1,1,1,1
4513176,1,1,1,1,1,1,1,1,1,17,1,1,1,1,1,2,2,1,1,1,1
7483795,1,1,1,2,1,1,1,1,1,15,1,1,2,1,1,2,2,1,1,1,1
4286711,1,2,1,2,1,1,1,1,2,0,1,1,2,1,2,2,2,1,1,1,1
7237477,1,2,2,1,1,1,1,1,2,0,1,1,6,1,2,2,3,1,1,1,1
9287557,1,1,1,2,1,1,1,1,9,0,1,1,2,1,1,2,2,1,1,1,1
5673460,1,2,1,2,1,1,1,1,9,0,1,1,2,1,1,2,2,1,1,1,1
2169790,1,1,1,2,1,1,1,1,9,0,2,2,4,1,1,2,2,1,1,1,1
9598690,1,1,1,2,1,1,1,1,9,0,1,1,2,1,1,2,2,1,1,1,1
6838625,1,1,1,1,1,1,1,1,9,0,1,2,1,1,1,1,2,1,1,1,1
1597799,1,2,2,1,1,1,1,1,9,0,1,2,2,1,1,1,1,1,1,2,2
9161466,1,1,1,2,1,1,2,1,9,0,1,1,1,1,1,2,2,1,1,1,1
3207223,1,1,1,2,1,1,1,1,9,0,1,1,6,1,1,2,2,1,1,1,2
4961217,1,1,2,2,1,1,1,1,9,0,1,1,2,1,1,2,2,1,1,1,2
4535130,1,2,1,2,1,1,1,1,9,0,1,1,2,1,1,2,2,1,1,1,1
8047055,1,1,1,2,1,1,1,1,9,0,1,1,1,1,1,2,2,1,1,1,1
1514659,1,1,2,1,1,1,1,1,2,0,1,1,2,1,1,1,1,1,1,1,1
3852723,1,1,1,1,1,1,1,1,9,0,1,1,4,1,2,1,1,2,1,1,1
7372694,1,2,1,2,1,1,1,1,9,0,1,2,1,1,1,2,2,1,1,1,1
5673695,1,1,1,1,1,1,1,1,2,0,1,1,4,1,1,1,1,1,1,1,1
3365245,1,2,2,2,1,1,2,1,9,0,1,2,1,1,1,2,2,1,1,1,2
4212264,1,1,1,2,1,1,1,1,9,0,1,1,5,1,1,2,2,1,1,1,1
1971048,1,2,1,2,1,1,1,1,9,0,1,1,2,1,1,2,2,1,1,1,1
5517584,1,1,1,2,1,1,1,1,2,0,1,1,3,1,1,2,2,1,1,1,1
2754226,1,1,1,2,1,1,1,1,1,58,1,2,2,1,1,2,3,1,1,1,2
6535201,1,1,1,2,1,1,2,1,2,0,1,1,2,1,1,2,2,1,1,1,1
7736458,1,1,2,2,1,1,1,1,2,0,1,1,1,1,1,2,2,1,1,1,1
9464867,1,1,1,2,1,1,1,1,2,0,1,1,2,1,1,2,2,1,1,1,1
3372868,1,1,1,2,1,1,1,1,9,0,1,1,2,1,1,2,2,2,1,1,1
4617546,1,1,1,2,1,1,1,1,9,0,1,1,1,1,1,2,2,1,1,1,1
6679895,1,1,1,2,1,1,1,1,9,0,1,1,4,1,1,2,2,1,1,1,1
7166331,1,1,1,2,1,1,1,1,9,0,1,1,1,1,1,2,2,1,1,1,1
2924137,1,1,1,2,1,1,1,1,9,0,1,1,2,1,1,2,2,1,1,1,1
6267198,1,1,1,2,1,1,2,1,9,0,1,1,2,1,1,2,2,1,1,1,1
5628777,1,1,1,2,1,1,1,1,9,0,1,1,2,1,1,2,2,1,1,1,1
3543596,1,1,1,2,1,1,1,1,9,0,1,1,6,1,1,2,2,1,1,1,1
9615461,1,1,1,2,1,1,1,1,9,0,1,1,6,1,1,2,2,2,1,1,1
7734944,1,1,1,1,1,1,1,1,2,0,1,2,1,1,1,1,1,1,1,1,1
1853022,1,1,1,1,1,1,1,1,9,0,1,1,6,1,1,1,1,2,1,1,1
6996508,1,1,2,1,1,1,1,1,2,0,1,1,1,1,2,2,1,2,1,1,2
2111520,1,1,1,2,1,1,1,1,1,55,1,1,1,1,1,2,2,1,1,1,1
9571818,1,1,1,2,1,1,1,1,1,5,1,2,1,1,1,2,2,1,1,1,1
8740550,1,1,1,1,1,1,1,1,1,19,1,1,3,1,1,2,2,1,1,1,1
9737414,1,1,1,1,1,1,1,1,1,25,1,1,1,1,1,2,3,1,1,1,1
3988289,1,1,1,2,1,1,1,1,2,0,1,1,5,1,2,2,2,1,1,2,1
3322563,1,1,2,1,1,1,1,1,1,45,1,1,5,1,1,2,3,1,1,1,1
1965730,1,1,1,2,1,1,1,1,1,131,1,1,2,1,1,2,2,1,1,1,1
2908120,1,2,2,2,1,1,1,1,9,0,1,1,1,1,1,2,2,1,1,1,1
9435204,1,1,1,2,1,1,1,1,9,0,1,1,2,1,1,2,2,1,1,1,1
7696625,1,1,1,2,1,1,1,1,9,0,1,1,6,1,1,2,2,1,1,1,2
3261200,1,1,1,2,1,1,1,1,9,0,1,2,2,1,1,2,2,2,1,2,2
2195700,1,1,1,2,1,1,1,1,9,0,1,1,1,1,1,2,2,1,1,1,1
4268777,1,1,1,2,1,1,1,1,9,0,1,2,6,1,1,2,2,1,1,1,1
4537849,1,1,1,2,1,1,1,1,9,0,1,1,1,1,1,2,2,1,1,1,1
4195500,1,1,1,2,1,1,1,1,9,0,1,1,1,1,1,2,2,1,1,1,1
8007809,1,2,2,2,1,1,1,1,9,0,1,2,5,1,2,2,2,1,1,1,2
5366325,1,1,1,2,1,1,1,1,9,0,1,1,2,1,1,2,2,2,1,1,1
9147253,1,1,1,2,1,1,1,1,9,0,1,1,6,1,1,2,2,1,1,1,1
9922630,1,1,1,2,1,1,1,1,9,0,1,1,6,1,1,2,2,1,1,1,1
2976903,1,1,1,2,1,1,1,1,9,0,1,1,6,1,2,2,2,2,1,1,2
4900601,1,1,1,2,1,1,1,1,9,0,1,1,1,1,1,2,2,1,1,1,2
8425690,1,2,1,2,1,1,1,1,9,0,1,2,1,1,1,2,2,1,1,1,1
1503606,1,1,1,2,1,1,2,1,9,0,1,2,6,1,2,2,2,1,1,1,1
8851472,1,1,1,1,1,1,1,1,1,0,1,2,2,1,1,1,1,1,1,1,1
4389180,1,1,1,2,1,1,1,1,9,0,1,1,5,1,1,2,2,1,1,1,1
9355814,1,1,1,2,1,1,1,1,9,0,1,1,1,1,1,2,2,1,1,1,1
2070151,1,1,1,2,1,1,1,1,9,0,1,1,3,1,1,2,2,1,1,1,1
3970909,1,1,2,2,1,1,1,1,9,0,1,1,6,1,1,2,2,1,1,1,1
2096227,1,2,2,2,1,1,1,1,9,0,1,2,6,1,1,2,2,1,1,1,1
8680977,1,1,1,2,1,1,1,2,2,0,1,1,2,1,1,2,2,1,1,1,1
1662456,1,1,1,2,1,1,1,1,2,0,1,1,2,1,1,2,2,1,1,1,1
6411912,1,1,1,2,1,1,1,1,1,35,2,2,3,1,2,2,2,1,1,2,2
1919604,1,1,1,1,1,1,1,1,1,52,1,1,2,1,1,2,2,1,1,1,1
8554234,1,1,2,1,1,1,1,1,1,60,1,1,3,1,1,2,3,1,1,1,1
9084831,1,1,1,2,1,1,1,1,2,0,1,1,4,1,1,2,2,1,1,1,1
2337541,1,1,1,2,1,1,1,1,2,0,1,1,2,1,1,2,2,1,1,1,2
2207350,1,1,1,2,1,1,1,1,2,0,2,2,1,1,1,1,1,1,1,1,1
2638021,1,1,1,2,1,1,1,1,2,0,1,1,3,1,1,1,3,1,1,1,1
6848647,1,1,1,2,1,1,1,1,9,0,1,1,1,1,1,2,2,2,1,1,1
9182712,1,1,2,2,1,1,2,1,9,0,1,1,6,1,1,2,2,1,1,1,1
6078619,1,1,1,2,1,1,1,1,9,0,1,1,5,1,1,2,2,1,1,1,1
8097552,1,1,2,1,1,1,1,1,9,0,1,1,2,1,1,2,2,2,1,1,1
4406165,1,1,1,2,1,1,1,1,9,0,1,1,1,1,1,2,2,1,1,1,1
3720184,1,1,2,1,1,1,1,1,9,0,1,2,2,1,1,2,2,2,1,1,1
5834356,1,1,1,2,1,1,1,1,2,0,1,1,1,1,1,2,2,1,1,1,1
9613164,1,1,1,1,1,1,1,1,1,161,1,1,2,1,1,2,2,1,1,1,1
8495932,1,1,1,2,1,1,1,1,2,0,1,1,4,1,1,2,2,1,1,1,2
6917863,1,1,1,2,1,1,1,1,2,0,2,2,1,1,2,1,1,1,1,1,1
4364996,1,1,1,2,1,1,1,1,1,2,1,1,4,1,1,2,2,1,1,1,1
2541416,1,1,2,1,1,1,2,1,9,0,1,1,5,1,1,2,2,1,1,1,1
1666093,1,1,1,2,1,1,1,1,2,0,1,1,3,1,1,2,2,1,1,1,1
9156747,1,1,1,1,1,1,1,1,1,27,1,1,3,1,2,2,3,1,1,1,1
6007434,1,1,1,2,1,1,1,1,9,0,1,1,3,1,1,2,2,1,1,1,1
2465427,1,1,2,2,1,1,1,1,9,0,1,1,2,1,1,2,2,1,1,1,1
5886051,1,1,1,2,1,1,2,1,9,0,1,1,2,1,1,2,2,1,1,1,1
6436584,1,1,1,2,1,1,1,1,9,0,1,1,1,1,1,2,2,1,1,1,1
1962668,1,1,1,2,1,1,1,1,9,0,1,1,4,1,1,2,2,1,1,1,1
3491243,1,1,1,2,1,1,1,1,9,0,1,2,1,1,1,2,2,1,1,1,1
9864733,1,1,2,2,1,1,1,1,9,0,1,1,6,1,1,2,2,1,1,1,1
2112714,1,1,1,2,1,1,1,1,9,0,1,1,5,1,1,2,2,1,1,1,1
9079353,1,1,1,2,1,1,1,1,9,0,1,1,1,1,1,2,2,1,1,1,1
8599510,1,1,2,2,1,1,1,1,9,0,1,1,1,1,1,2,2,1,1,1,2
5044658,1,1,1,2,1,1,1,1,9,0,1,1,4,1,1,2,2,1,1,1,1
7070729,1,1,2,2,1,1,1,1,9,0,1,1,5,1,1,2,2,1,1,1,1
5255136,1,2,1,2,1,1,1,1,9,0,1,1,6,1,1,2,2,1,1,1,1
1539119,1,1,1,2,1,1,1,1,9,0,1,1,5,1,1,2,2,1,1,1,1
5050781,1,2,2,2,1,1,1,1,9,0,1,1,6,1,1,2,2,1,1,1,1
6501651,1,1,1,1,1,1,1,1,9,0,1,1,6,1,1,1,1,2,1,1,1
2583233,1,2,2,2,1,1,1,1,9,0,2,2,6,1,2,2,2,2,1,1,1
3153961,1,1,1,2,1,1,1,1,2,0,1,1,2,1,1,2,2,2,1,1,1
8982591,1,1,1,1,1,1,1,1,1,64,1,1,1,1,2,2,2,1,1,1,1
6794612,1,1,1,2,1,1,1,1,1,2,1,1,5,1,1,2,2,1,1,1,1
2868710,1,1,1,2,1,1,1,1,2,0,1,2,6,1,1,2,2,1,1,1,1
9352792,1,1,1,2,1,1,1,1,1,20,1,1,2,1,1,2,2,1,1,1,1
7369964,1,1,1,2,1,1,1,1,9,0,1,1,6,1,1,2,2,1,1,1,1
8183729,1,1,1,2,1,1,1,1,9,0,1,1,6,1,1,2,2,1,1,1,2
8061388,1,1,1,2,1,1,1,1,9,0,1,1,2,1,1,2,2,1,1,1,1
4219861,1,1,1,2,1,1,2,1,9,0,1,1,3,1,1,2,2,1,1,1,1
9579461,1,1,1,2,1,1,1,1,9,0,1,1,2,1,1,2,2,1,1,1,1
6834886,1,1,1,2,1,1,1,1,9,0,1,1,3,1,1,2,2,1,1,1,1
9469456,1,1,1,2,1,1,1,1,9,0,1,1,6,1,1,2,2,1,1,1,1
8286901,1,2,1,2,1,1,1,1,9,0,1,1,6,1,1,2,2,1,1,1,1
7415694,1,1,1,2,1,1,1,1,9,0,1,1,1,1,1,2,2,2,1,1,1
1649026,1,1,1,2,1,1,1,1,9,0,1,1,1,1,1,2,2,1,1,1,1
6422839,1,1,1,2,1,1,1,1,9,0,1,1,3,1,1,2,2,1,1,1,1
4766578,1,1,1,2,1,1,1,1,9,0,1,1,5,1,1,2,2,1,1,1,1
7844943,1,1,1,1,1,1,1,1,2,0,1,2,3,1,1,1,1,2,2,2,2
6264175,1,1,1,1,1,1,1,1,2,0,1,2,3,1,1,1,1,2,1,1,1
3808140,1,1,1,2,1,1,1,1,9,0,1,1,1,1,1,2,2,1,1,1,1
4684735,1,1,2,1,1,1,1,1,1,165,1,1,6,1,1,2,3,1,1,1,1
8912255,1,2,1,2,1,1,1,1,2,0,1,1,2,1,1,2,2,1,1,1,1
3052345,1,1,1,2,1,1,1,1,2,0,1,2,1,1,1,2,2,1,1,1,1
1150580,1,1,1,2,1,1,1,1,2,0,1,1,2,1,1,2,2,1,1,1,2
1665303,1,1,1,2,1,1,1,1,1,23,1,1,2,1,1,2,2,1,1,1,1
7869076,1,2,2,2,1,1,1,1,2,0,1,2,1,1,2,2,2,1,1,1,1
4736572,1,1,2,2,1,1,1,1,9,0,1,1,2,1,1,2,2,1,1,1,1
8903752,1,1,1,2,1,1,1,1,9,0,1,1,2,1,1,2,2,1,1,1,1
7446516,1,1,1,2,1,1,1,1,9,0,1,1,1,1,1,2,2,1,1,1,1
2409133,1,1,1,2,1,1,1,1,9,0,1,2,5,1,1,2,2,1,1,1,1
1117407,1,1,1,2,1,1,2,1,9,0,1,1,2,1,1,2,2,1,1,1,1
1545165,1,1,1,2,1,1,1,1,9,0,1,1,2,1,1,2,2,1,1,1,1
6205371,1,1,2,2,1,1,1,1,9,0,1,1,6,1,1,2,2,1,1,1,1
1621489,1,1,1,2,1,1,1,1,9,0,1,1,1,1,1,2,2,1,1,1,1
7152550,1,1,1,2,1,1,1,1,9,0,1,1,2,1,1,2,2,1,1,1,1
6471188,1,1,1,2,1,1,1,1,9,0,1,1,1,1,1,2,2,1,1,1,1
1488472,1,1,1,2,1,1,1,1,9,0,1,1,1,1,1,2,2,1,1,1,1
2316744,1,1,1,2,1,1,2,1,9,0,1,1,4,1,1,2,2,1,1,1,1
6784230,1,1,1,2,1,1,1,1,9,0,1,1,2,1,1,2,2,2,1,1,1
2685323,1,1,2,2,1,1,1,1,9,0,1,1,2,1,1,2,2,1,1,1,1
8277447,1,1,1,2,1,1,1,1,9,0,1,2,4,1,1,2,2,1,1,1,1
4834610,1,1,1,2,1,1,1,1,9,0,1,1,1,1,1,2,2,1,1,1,1
9229795,1,1,1,2,1,1,1,1,9,0,1,2,1,1,1,2,2,1,1,1,1
9954276,1,1,1,2,1,1,1,1,9,0,1,2,3,1,1,2,2,1,1,2,1
9909530,1,1,1,2,1,1,1,1,9,0,1,1,2,1,1,2,2,1,1,1,1
5679677,1,1,1,1,1,1,1,1,2,0,1,1,2,1,2,1,1,1,1,1,1
4379556,1,1,2,1,1,1,1,1,9,0,1,1,1,1,1,1,1,1,1,1,1
2338338,1,1,2,2,1,1,1,1,9,0,1,1,4,1,1,2,2,1,1,1,1
9998762,1,1,1,2,1,1,2,1,1,40,1,1,4,1,1,2,2,1,1,1,1
6207244,1,2,2,2,1,1,1,1,2,0,1,2,1,1,1,2,2,1,1,1,1
9373133,1,1,1,2,1,1,1,1,1,9,1,2,3,1,2,2,2,1,1,1,2
9096520,1,1,1,2,1,1,1,1,1,41,1,1,2,1,1,2,2,1,1,1,1
1008957,1,1,1,1,1,1,2,1,1,94,1,2,1,1,2,2,2,1,1,1,2
2290287,1,1,1,1,1,1,1,1,1,0,1,1,6,1,2,2,2,1,1,1,2
5878403,1,1,1,2,1,1,1,1,1,40,1,1,2,1,1,2,2,1,1,1,1
9234396,1,1,2,1,1,1,1,1,2,0,1,1,1,1,1,2,2,1,1,1,1
5043146,1,1,1,2,1,1,1,1,9,0,1,1,4,1,1,1,1,2,1,1,2
2811932,1,2,1,2,1,1,1,1,9,0,1,1,2,1,1,2,2,1,1,1,1
7265734,1,1,1,2,1,1,1,1,9,0,1,1,4,1,1,2,2,1,1,1,1
5136338,1,1,1,2,1,1,1,1,9,0,1,1,1,1,1,2,2,1,1,1,2
3788266,1,1,1,2,1,1,1,1,9,0,1,1,1,1,1,2,2,1,1,1,1
8272271,1,1,1,2,1,1,1,1,9,0,1,2,1,1,1,2,2,1,1,1,1
8611034,1,1,1,2,1,1,1,1,9,0,1,1,1,1,1,2,2,1,1,1,1
3377935,1,1,2,2,1,1,1,1,9,0,1,2,2,1,1,2,2,1,1,1,1
3647109,1,1,1,2,1,1,1,1,9,0,1,1,6,1,1,2,2,1,1,1,1
6675372,1,1,1,2,1,1,1,1,9,0,1,1,2,1,1,2,2,1,1,1,1
8698265,1,1,2,2,1,1,2,1,9,0,1,1,3,1,1,2,2,2,1,1,2
3237207,1,1,1,2,1,1,1,1,9,0,1,1,1,1,1,2,2,1,1,1,1
8168460,1,1,1,1,1,1,1,1,2,0,1,1,2,1,1,1,1,1,1,1,1
2320958,1,2,2,1,1,1,2,1,9,0,1,2,6,2,2,2,2,1,1,1,2
8825327,1,1,2,2,1,1,2,1,9,0,1,1,1,1,1,2,2,1,1,1,1
7351224,1,1,1,2,1,1,1,1,2,0,1,1,3,1,1,1,1,1,1,1,1
9666477,1,1,1,2,1,1,1,1,2,0,1,1,2,1,1,2,2,1,1,1,1
3217406,1,1,1,1,1,1,1,1,2,0,1,1,4,1,1,2,3,1,1,1,1
1963162,1,1,1,1,1,1,1,1,1,72,1,1,3,1,1,2,2,1,1,1,1
1777377,1,2,2,1,1,1,1,1,1,110,1,2,4,1,1,2,3,1,1,1,1
9695667,1,1,1,2,1,1,1,1,1,0,1,1,2,1,1,2,2,1,1,1,1
9922661,1,1,1,2,1,1,1,1,2,0,1,1,2,1,1,2,2,1,1,1,1
3332607,1,1,1,2,1,1,2,1,2,0,1,2,4,1,1,2,2,1,1,1,2
3959720,1,2,2,2,1,1,2,1,1,34,1,1,3,1,1,2,2,1,1,2,2
5714447,1,1,1,1,1,1,1,1,2,0,1,1,2,1,1,1,2,1,1,1,1
9045310,1,1,1,2,1,1,1,1,2,0,1,1,6,1,1,1,1,1,1,1,1
3812448,1,1,1,2,1,1,1,1,9,0,1,1,5,1,1,2,2,1,1,1,1
5660195,1,2,2,2,1,1,1,1,9,0,1,1,1,1,1,2,2,1,1,1,1
5288107,1,1,1,2,1,1,1,1,9,0,1,1,2,1,1,2,2,1,1,1,1
1702614,1,1,1,2,1,1,1,1,9,0,1,1,6,1,2,2,2,1,1,1,2
9331816,1,1,1,2,1,1,1,1,9,0,1,1,2,1,1,2,2,2,1,1,1
8577942,1,1,1,2,1,1,1,1,9,0,1,1,2,1,1,2,2,2,1,1,1
7134226,1,1,1,2,1,1,1,1,9,0,1,1,2,1,1,2,2,1,1,1,1
4689869,1,1,1,2,1,1,1,1,9,0,1,1,6,1,1,2,2,1,1,1,2
3018999,1,2,2,2,1,2,2,2,9,0,1,2,1,1,1,2,2,1,1,1,2
1569378,1,1,1,2,1,1,1,1,9,0,1,1,1,1,1,2,2,1,1,1,1
2427206,1,1,2,2,1,1,1,1,9,0,1,2,1,1,1,2,2,2,1,1,1
9337622,1,1,1,2,1,1,1,1,9,0,1,1,1,1,1,2,2,1,1,1,1
3716848,1,1,2,2,1,1,1,1,9,0,1,1,1,1,1,2,2,1,1,1,1
8613289,1,1,1,1,1,1,1,1,9,0,1,1,2,1,1,2,2,2,1,1,1
6027495,1,1,1,2,1,1,1,1,9,0,1,1,2,1,1,2,2,2,1,1,1
8829909,1,1,1,2,1,1,1,1,9,0,1,1,6,1,1,2,2,1,1,1,2
8589499,1,1,1,2,1,1,1,1,9,0,1,1,1,1,1,2,2,1,1,1,1
5407797,1,1,1,2,1,1,1,1,9,0,1,1,3,1,1,2,2,1,1,1,1
9373558,1,1,1,1,1,1,1,1,9,0,1,1,2,1,2,1,1,1,1,1,1
9645975,1,1,1,2,1,1,1,1,2,0,1,1,6,1,1,1,1,1,1,1,1
3977269,1,1,1,1,1,1,2,1,2,0,1,1,2,1,1,1,1,1,1,1,1
3624270,1,1,2,1,1,1,1,1,2,0,1,1,3,1,1,1,1,1,1,1,1
5977023,1,2,2,1,1,1,1,1,2,0,1,2,1,1,1,1,1,1,1,1,1
5066749,1,1,2,2,1,1,1,1,1,0,1,1,2,1,1,2,2,1,1,1,1
9710689,1,1,1,2,1,1,1,1,2,0,1,1,3,1,1,1,1,1,1,1,1
3130485,1,1,1,2,1,1,1,1,1,38,1,1,1,1,1,2,2,1,1,1,1
3919315,1,1,1,2,1,1,1,1,1,0,1,1,2,1,1,2,2,1,1,1,1
3873987,1,1,1,2,1,1,1,1,2,0,1,1,5,1,1,2,2,1,1,1,2
3641789,1,1,1,2,1,1,1,1,2,0,1,1,4,1,1,2,2,1,1,1,1
1131695,1,1,1,2,1,1,1,1,2,0,1,1,4,1,1,2,2,1,1,1,1
7947029,1,1,2,2,1,1,1,1,2,0,1,1,5,1,1,2,2,2,1,1,1
8624798,1,1,1,2,1,1,1,1,1,25,1,2,6,1,1,2,2,1,1,1,1
9748066,1,1,1,2,1,1,1,1,2,0,1,1,1,1,1,2,2,1,1,1,1
5825885,1,1,1,2,1,1,1,1,1,30,1,1,5,1,1,2,2,1,1,1,1
2237467,1,1,1,2,1,1,1,1,1,68,1,1,3,1,1,2,2,1,1,1,1
6357264,1,1,1,2,1,2,1,1,9,0,1,1,5,1,1,2,2,1,1,1,1
8323561,1,1,2,2,1,1,1,1,9,0,1,1,2,1,1,2,2,1,1,1,1
5155588,1,1,1,2,1,1,1,1,9,0,1,1,6,1,1,2,2,1,1,1,2
8124908,1,1,1,2,1,1,1,1,9,0,1,1,1,1,1,2,2,2,1,1,1
2648158,1,1,1,2,1,1,1,1,9,0,1,1,1,1,1,2,2,1,1,1,1
8364113,1,1,2,2,1,1,1,1,9,0,1,1,5,1,1,2,2,1,1,1,1
3356920,1,1,1,2,1,1,1,1,9,0,1,1,2,1,1,2,2,2,1,1,1
8768069,1,2,2,2,1,1,2,1,9,0,1,1,2,1,1,2,2,1,1,1,2
1408165,1,1,1,2,1,1,1,1,9,0,1,2,4,1,1,2,2,1,1,1,1
4973120,1,1,1,2,1,1,1,1,9,0,1,1,1,1,1,2,2,1,1,1,1
8790015,1,1,2,2,1,1,2,1,9,0,1,1,6,1,1,2,2,1,1,1,1
2464694,1,2,2,2,1,1,1,1,9,0,1,1,1,1,1,2,2,1,1,1,1
3516379,1,1,1,2,1,1,1,1,9,0,1,1,4,1,1,2,2,1,1,1,1
7980396,1,2,1,2,1,1,1,1,9,0,1,1,2,1,1,2,2,1,1,1,1
9717717,1,1,1,2,1,1,1,1,9,0,1,1,5,1,1,2,2,2,1,2,2
6777703,1,1,1,1,1,1,1,1,9,0,1,1,2,1,1,1,2,2,1,1,2
9256831,1,1,1,1,1,1,1,1,2,0,1,2,1,1,1,1,1,1,1,1,1
5266420,1,2,2,1,1,1,1,1,1,40,2,1,6,1,2,2,2,2,1,1,1
6854860,1,1,1,1,1,1,1,1,2,0,1,1,1,1,2,1,3,1,1,1,1
5388462,1,1,1,2,1,1,1,1,2,0,1,1,2,1,1,2,2,1,1,2,1
6295565,1,1,2,1,1,1,1,1,1,36,1,1,3,1,1,2,3,1,1,1,1
6251578,1,1,1,2,1,1,1,1,1,20,1,1,3,1,1,2,2,1,1,1,1
3470600,1,1,1,2,1,1,1,1,1,21,1,1,5,1,1,2,2,1,1,1,1
4548253,1,1,1,1,1,1,1,1,1,30,1,1,2,1,2,2,2,1,1,1,1
6248121,1,1,1,2,1,1,1,1,2,0,1,2,4,1,1,1,1,1,1,2,1
7358147,1,1,1,2,1,1,1,1,9,0,1,1,2,1,1,2,2,1,1,1,1
1636112,1,1,2,2,1,1,1,1,9,0,1,1,2,1,1,2,2,1,1,1,1
7662061,1,2,2,2,1,1,1,1,9,0,1,1,5,1,1,2,2,1,1,1,1
9618602,1,1,1,2,1,2,2,2,9,0,2,2,4,2,1,2,2,2,1,2,2
8765150,1,1,1,2,1,1,1,1,9,0,1,1,2,1,1,2,2,1,1,1,1
5902945,1,2,2,2,1,1,1,1,9,0,1,2,4,1,1,2,2,1,1,1,2
7566724,1,1,1,2,1,1,1,1,9,0,1,1,2,1,1,2,2,2,1,1,1
6405113,1,2,2,2,1,1,1,1,9,0,1,1,4,1,2,2,2,1,1,1,2
2044567,1,1,1,2,1,1,1,1,9,0,1,1,2,1,1,2,2,1,1,1,1
3293480,1,1,1,2,1,1,1,1,9,0,1,1,6,1,1,2,2,1,1,1,2
8962105,1,1,2,2,1,2,2,2,9,0,1,2,2,1,2,2,2,1,1,1,2
4792808,1,1,2,2,1,1,2,1,9,0,1,1,4,1,1,2,2,1,1,1,1
3194216,1,1,1,2,1,1,2,1,9,0,1,1,3,1,1,2,2,2,1,1,1
5109580,1,1,1,1,1,1,1,1,2,0,1,1,1,1,1,2,2,1,1,1,1
5120704,1,1,1,2,1,1,1,1,1,31,1,1,2,1,2,2,2,1,1,1,1
4394718,1,2,2,1,1,1,2,1,1,74,1,1,2,1,2,2,2,1,1,2,2
6853273,1,1,1,1,1,1,1,1,2,0,1,2,2,1,1,2,2,2,1,1,1
6356014,1,1,1,2,1,1,1,1,1,26,1,1,1,1,1,2,2,1,1,1,1
6698380,1,1,1,2,1,1,1,1,2,0,1,1,6,1,1,1,1,1,1,1,2
3300306,1,1,1,2,1,1,1,1,1,66,1,1,2,1,1,2,2,1,1,1,1
4406408,1,1,1,2,1,1,1,1,9,0,1,2,3,1,1,2,2,1,1,1,1
9618808,1,1,1,2,1,1,1,1,9,0,1,1,5,1,1,2,2,1,1,1,1
9864240,1,1,2,2,1,1,1,1,9,0,1,1,1,1,1,2,2,1,1,1,1
9623218,1,1,1,2,1,1,1,1,9,0,1,1,1,1,1,2,2,2,1,1,1
8619003,1,1,1,2,1,1,1,1,9,0,1,1,1,1,1,2,2,1,1,1,1
3196183,1,1,1,2,1,1,1,1,9,0,1,1,2,1,1,2,2,1,1,1,1
5410985,1,1,1,2,1,1,1,1,9,0,1,1,2,1,1,2,2,1,1,1,1
3887364,1,2,1,2,1,1,1,1,9,0,1,1,2,1,1,2,2,1,1,1,1
5176825,1,1,1,2,1,1,1,1,9,0,1,1,3,1,1,2,2,1,1,1,1
6060158,1,1,1,2,1,1,1,1,9,0,1,1,2,1,1,2,2,1,1,1,1
9223249,1,2,1,2,1,1,1,1,9,0,1,1,2,1,1,2,2,1,1,1,1
4382759,1,1,1,2,1,1,1,2,9,0,1,1,3,1,1,2,2,1,1,1,2
5699421,1,1,1,2,1,1,1,1,9,0,1,1,1,1,1,2,2,2,1,1,1
3657739,1,1,1,2,1,1,1,1,9,0,1,1,1,1,1,2,2,1,1,1,2
7613926,1,1,1,2,1,1,1,1,1,24,1,1,2,1,1,2,2,1,1,1,1
5416741,1,1,1,1,1,1,1,1,2,0,1,2,2,1,1,2,2,1,1,1,1
4735670,1,1,1,2,1,1,1,1,1,16,1,1,3,1,1,2,2,1,1,1,1
7961392,1,1,1,1,1,1,1,1,1,20,1,1,5,1,1,2,2,1,1,1,1
5952379,1,1,1,2,1,1,1,1,1,20,1,1,2,1,1,2,2,1,1,1,1
7493822,1,1,1,1,1,1,1,1,1,220,1,1,5,1,1,2,2,1,1,1,1
4836894,1,1,1,2,1,1,1,1,1,36,1,2,6,1,1,2,3,1,1,1,1
9761773,1,1,1,2,1,1,1,1,2,0,1,1,1,1,1,2,2,1,1,1,1
9481674,1,1,1,1,1,1,1,1,2,0,1,1,1,1,1,1,1,1,1,1,1
4935027,1,1,2,1,1,1,1,1,2,0,1,2,1,1,2,1,1,2,1,2,2
1380151,1,1,1,1,1,1,1,1,1,118,1,1,1,1,1,2,2,1,1,1,1
1303265,1,1,1,2,1,1,1,1,9,0,1,1,1,1,1,2,2,1,1,1,1
6190652,1,1,2,2,1,1,2,1,9,0,1,1,2,1,1,2,2,1,1,1,1
7215420,1,1,2,2,1,1,1,1,9,0,1,1,6,1,1,2,2,1,1,1,1
5677075,1,1,1,2,1,1,2,1,9,0,1,1,4,1,1,2,2,1,1,1,1
1839225,1,1,1,2,1,1,1,1,9,0,1,2,6,1,1,2,2,1,1,1,2
4483317,1,1,1,2,1,1,1,1,9,0,1,1,6,1,1,2,2,1,1,1,1
6499318,1,1,1,2,1,1,1,1,9,0,1,1,1,1,1,2,2,1,1,1,1
3477859,1,1,1,2,1,1,2,1,9,0,1,2,4,1,1,2,2,1,1,2,2
1335032,1,1,1,2,1,1,1,1,9,0,1,1,1,1,1,2,2,1,1,1,1
1239699,1,1,1,2,1,1,1,1,9,0,1,1,6,1,1,2,2,1,1,1,1
4545387,1,1,1,2,1,1,1,1,9,0,1,1,1,1,1,2,2,1,1,1,1
9390870,1,1,1,1,1,1,1,1,9,0,1,1,6,1,1,2,2,1,1,1,2
3090902,1,1,2,2,1,1,1,1,9,0,1,1,1,1,1,2,2,1,1,1,1
7401661,1,1,1,2,1,1,1,1,9,0,1,1,2,1,1,2,2,1,1,1,1
8025892,1,1,1,2,1,1,1,1,9,0,1,1,6,1,1,2,2,1,1,1,2
7353199,1,1,1,2,1,1,1,1,9,0,1,1,1,1,1,2,2,1,1,1,1
1025755,1,1,1,2,1,1,1,1,9,0,1,1,1,1,1,2,2,1,1,1,1
8834066,1,1,1,2,1,1,1,1,9,0,1,1,5,1,1,2,2,1,1,1,1
2899047,1,1,1,2,1,1,2,1,9,0,1,1,5,1,1,2,2,1,1,1,1
2014543,1,2,2,2,1,2,2,2,9,0,1,2,2,1,1,2,2,2,1,2,2
1036502,1,1,1,2,1,1,1,1,9,0,1,1,1,1,1,2,2,1,1,1,1
2911184,1,1,1,1,1,1,1,1,9,0,1,1,3,1,1,2,2,1,1,1,1
7657896,1,1,1,2,1,1,1,1,9,0,1,1,2,1,1,2,2,1,1,1,1
3728795,1,1,1,2,1,1,1,1,1,14,1,1,2,1,1,2,2,1,1,1,1
4739988,1,1,1,2,1,1,1,1,1,32,1,1,6,1,1,2,2,1,1,1,2
5869425,1,1,1,1,1,1,1,1,1,82,1,1,4,1,2,2,2,1,1,1,1
3215691,1,1,1,2,1,1,1,1,2,0,1,1,4,1,1,2,2,1,1,1,1
3159643,1,1,1,2,1,1,1,1,2,0,1,1,4,1,1,2,2,1,1,1,1
5407053,1,1,1,2,1,1,1,1,9,0,1,1,1,1,1,2,2,1,1,1,1
4926504,1,2,1,2,1,1,1,1,9,0,1,1,2,1,1,2,2,2,1,1,1
7697563,1,1,1,2,1,1,1,1,9,0,1,2,6,1,1,2,2,1,1,1,2
8971691,1,2,2,2,1,1,1,1,9,0,1,2,2,1,1,2,2,1,1,1,1
2248420,1,1,1,2,1,1,1,1,9,0,1,2,2,1,1,2,2,2,1,1,1
3695930,1,1,1,2,1,1,1,1,9,0,1,1,1,1,1,2,2,1,1,1,1
3835456,1,1,1,2,1,1,1,1,9,0,1,2,2,1,1,2,2,1,1,1,2
6950140,1,1,1,2,1,1,1,1,9,0,1,1,1,1,1,2,2,1,1,1,1
9288210,1,1,1,2,1,1,1,1,9,0,1,2,6,1,1,2,2,2,1,1,1
7405069,1,1,2,2,1,1,1,1,9,0,1,1,1,1,1,2,2,1,1,1,1
8333592,1,1,1,2,1,1,1,1,1,0,1,1,1,1,1,2,2,1,1,1,1
7428004,1,1,2,2,1,1,1,1,2,0,1,1,3,1,1,2,2,1,1,1,1
4066649,1,1,1,2,1,1,1,1,1,44,1,1,3,1,2,2,2,1,1,1,1
1793795,1,1,1,1,1,1,1,1,1,113,1,1,3,1,1,2,2,1,1,1,1
3932871,1,1,1,1,1,1,1,1,2,0,1,1,3,1,1,2,2,1,1,1,1
9046962,1,2,1,1,1,1,2,1,2,0,1,1,2,1,1,1,1,1,1,1,1
4311597,1,1,1,2,1,1,1,1,2,0,1,1,2,1,1,1,1,1,1,1,1
1728778,1,1,1,1,1,1,1,1,2,0,1,1,2,1,1,1,1,1,1,1,1
7721728,1,1,2,1,1,1,1,1,1,16,1,1,2,1,1,2,3,1,1,1,1
9577185,1,1,1,1,1,1,1,1,9,0,1,2,2,1,1,1,1,1,1,2,2
7266099,1,1,1,2,1,1,1,1,9,0,1,1,2,1,1,2,2,2,1,1,1
1248124,1,1,2,2,1,1,1,1,9,0,1,1,1,1,1,2,2,2,1,1,1
8236113,1,1,1,2,1,1,1,1,9,0,1,1,2,1,1,2,2,1,1,1,1
4814877,1,1,1,2,1,1,2,1,9,0,1,2,2,1,2,2,2,1,1,2,2
2840715,1,1,1,2,1,1,1,1,9,0,1,1,3,1,1,2,2,1,1,1,1
4631759,1,2,2,2,1,1,1,1,9,0,1,1,6,1,1,2,2,1,1,1,1
3664994,1,1,1,2,1,1,2,1,9,0,1,1,2,1,1,2,2,1,1,1,1
4682524,1,1,1,2,1,1,1,1,9,0,1,1,1,1,1,2,2,1,1,1,1
8091122,1,1,2,2,1,1,1,1,9,0,1,1,1,1,1,2,2,1,1,1,1
5551105,1,1,1,2,1,1,1,1,9,0,1,1,1,1,1,2,2,2,1,1,1
1398545,1,1,1,2,1,1,1,1,9,0,1,1,1,1,1,2,2,1,1,1,1
9975470,1,1,1,2,1,1,1,1,9,0,1,1,2,1,1,2,2,1,1,1,1
2241555,1,2,2,2,1,2,1,2,9,0,1,1,4,1,1,1,1,1,1,2,2
3249769,1,1,1,2,1,1,1,1,9,0,1,1,6,1,1,2,2,1,1,1,1
2502710,1,1,1,1,1,1,1,1,1,25,1,1,1,1,1,2,2,1,1,2,1
2392310,1,1,1,2,1,1,1,1,2,0,1,1,2,1,1,2,2,1,1,1,2
3643746,1,1,1,2,1,1,1,1,1,8,1,1,1,1,1,2,2,1,1,1,1
5052642,1,1,1,2,1,1,2,1,1,0,1,1,2,1,1,2,2,1,1,1,1
7667720,1,1,1,2,1,1,1,1,2,0,1,1,6,1,1,2,2,1,1,1,1
5802231,1,1,2,2,1,1,2,1,9,0,1,1,2,1,1,2,2,1,1,1,1
6265154,1,1,1,1,1,1,1,1,2,0,1,2,2,1,1,2,2,1,1,1,1
6951069,1,1,1,2,1,1,1,1,2,0,1,1,3,1,1,1,2,1,1,1,1
8716430,1,1,1,2,1,1,1,1,9,0,1,2,1,1,1,2,2,1,1,1,1
5128919,1,1,1,2,1,1,1,1,9,0,1,1,1,1,1,2,2,2,1,1,1
4022352,1,1,1,2,1,1,1,1,9,0,1,1,3,1,1,2,2,1,1,1,1
5200959,1,1,1,2,1,1,1,1,9,0,1,1,6,1,1,2,2,1,1,1,2
7381041,1,1,1,2,1,1,1,1,9,0,1,1,1,1,1,2,2,1,1,1,1
5738978,1,1,1,1,1,1,1,1,9,0,1,1,4,1,1,2,2,1,1,1,1
6267319,1,2,2,2,1,1,1,1,9,0,1,1,4,1,1,2,2,1,1,1,1
3424304,1,1,1,2,1,1,1,1,9,0,1,1,2,1,1,2,2,1,1,1,1
2899393,1,1,1,2,1,1,1,1,9,0,1,1,2,1,1,2,2,2,1,1,1
4991196,1,2,1,2,1,1,1,1,9,0,1,1,3,1,1,2,2,1,1,1,1
8189274,1,1,2,2,1,1,1,1,9,0,1,1,1,1,1,2,2,2,1,1,1
4306891,1,1,1,2,1,1,1,1,9,0,1,1,1,1,1,2,2,2,1,1,1
2234513,1,1,1,2,1,1,1,1,1,26,1,1,2,1,1,2,2,1,1,1,1
9745975,1,1,1,1,1,1,1,1,1,71,1,1,3,1,1,2,2,1,1,1,1
5842103,1,2,2,2,1,1,1,1,2,0,1,1,2,1,1,2,2,1,1,1,1
7378947,1,1,1,2,1,1,1,1,2,0,1,1,1,1,1,2,2,1,1,1,1
7079597,1,1,1,2,1,1,1,1,2,0,1,1,1,1,1,2,2,1,1,2,1
2653092,1,1,2,2,1,1,1,1,9,0,1,1,1,1,1,2,2,1,1,1,1
5873668,1,1,1,2,1,1,1,1,9,0,1,1,2,1,1,2,2,1,1,1,1
1764382,1,2,2,2,1,1,1,1,9,0,1,1,3,1,2,2,2,1,1,1,2
2201850,1,2,1,2,1,1,1,1,9,0,1,1,2,1,1,2,2,1,1,1,1
2175501,1,1,1,2,1,1,1,1,9,0,1,1,6,1,1,2,2,1,1,1,2
5167900,1,1,1,2,1,1,1,1,1,38,1,1,2,1,1,2,2,1,1,1,1
2216471,1,2,2,2,1,1,1,1,9,0,1,1,1,1,1,2,2,2,1,1,1
6823028,1,1,1,2,1,1,1,1,9,0,1,1,2,1,1,2,2,1,1,1,2
5335363,1,1,1,2,1,1,1,1,9,0,1,1,1,1,1,2,2,1,1,1,1
6702421,1,1,1,2,1,1,1,1,9,0,1,1,2,1,1,2,2,1,1,1,1
4740697,1,1,1,2,1,1,1,1,9,0,1,2,2,1,1,2,2,2,1,1,1
8996501,1,1,1,2,1,1,1,1,9,0,1,1,2,1,1,2,2,1,1,1,1
4144569,1,1,1,2,1,1,1,1,2,0,1,1,1,1,1,2,2,1,1,1,1
6713997,1,1,2,2,1,1,1,1,1,60,1,1,2,1,1,2,2,1,1,1,1
7496140,1,1,1,2,1,1,1,1,2,0,1,1,2,1,1,2,2,1,1,1,1
6638579,1,1,2,1,1,1,1,1,1,22,1,1,3,1,1,2,3,1,1,1,1
4241087,1,1,1,1,1,1,1,1,1,55,1,1,1,1,1,2,3,1,1,1,1
8064538,1,1,1,2,1,1,1,1,1,0,1,1,1,1,2,2,2,1,1,1,1
6063757,1,1,1,2,1,1,2,1,2,0,1,1,1,1,1,2,2,1,1,1,1
7629310,1,1,1,2,1,1,1,1,9,0,1,1,2,1,1,2,2,1,1,1,1
6504365,1,1,1,2,1,1,1,1,9,0,1,1,4,1,1,2,2,2,1,1,1
3950955,1,1,1,2,1,1,1,1,9,0,1,1,6,1,1,2,2,1,1,1,1
2402098,1,2,2,2,1,2,2,1,9,0,1,1,6,1,1,2,2,1,1,1,1
4417988,1,1,1,2,1,1,1,1,9,0,1,1,1,1,1,2,2,2,1,1,1
5809092,1,1,1,2,1,1,2,1,9,0,1,1,2,1,1,2,2,1,1,1,1
7726241,1,1,1,2,1,1,1,1,9,0,1,2,2,1,1,2,2,2,1,1,1
3711887,1,1,2,2,1,1,1,1,9,0,1,1,2,1,1,2,2,1,1,1,1
5589046,1,1,1,2,1,1,1,1,9,0,1,1,1,1,1,2,2,1,1,1,1
7518365,1,1,1,2,1,1,1,1,1,0,1,1,3,1,1,2,2,1,1,1,1
5245612,1,2,2,1,1,1,2,1,9,0,1,1,2,1,1,2,2,2,1,1,1
2431097,1,1,1,1,1,1,1,1,2,0,1,1,3,1,1,2,2,1,1,1,1
8440380,1,1,1,1,1,1,1,1,1,96,1,1,2,1,1,2,2,1,1,1,1
2468744,1,1,1,2,1,1,1,1,1,0,1,1,3,1,1,2,2,1,1,1,2
2054044,1,1,1,2,1,1,1,1,2,0,1,1,4,1,1,2,2,1,1,1,1
6569349,1,1,2,2,1,1,1,1,2,17,1,1,3,1,1,2,2,1,1,1,1
1711624,1,1,1,2,1,1,1,1,1,70,1,1,1,1,1,2,2,1,1,1,1
9321500,1,1,1,2,1,1,1,1,2,0,1,1,4,1,1,2,2,1,1,1,1
7521870,1,1,1,2,1,1,1,1,9,0,1,2,3,1,1,2,2,1,1,1,1
7044732,1,1,1,2,1,1,1,1,9,0,1,1,1,1,1,2,2,2,1,1,1
5045214,1,2,1,2,1,1,1,1,9,0,1,1,5,1,1,2,2,2,1,1,1
6217618,1,1,1,1,1,1,1,1,2,0,1,1,2,1,1,1,1,1,1,1,1
9864627,1,1,2,1,1,1,1,1,2,0,1,1,1,1,1,1,1,2,1,2,2
7161773,1,1,2,2,1,1,2,1,2,0,1,1,5,1,1,2,2,1,1,1,1
6002127,1,1,1,2,1,1,1,1,2,0,1,1,1,1,1,2,2,1,1,1,1
1594739,1,1,2,2,1,1,1,1,2,0,1,1,2,1,1,2,2,1,1,1,1
5974853,1,1,1,2,1,1,1,1,2,0,1,2,2,1,1,2,2,1,1,1,2
4935436,1,1,1,2,1,1,2,1,1,134,1,1,2,1,1,2,2,1,1,1,1
4285839,1,1,1,2,1,1,2,1,2,0,1,2,2,1,1,2,2,1,1,2,1
9735640,1,1,1,2,1,1,1,1,1,0,1,2,2,1,1,2,2,1,1,1,1
7508105,1,1,2,1,1,1,1,1,1,20,1,1,6,1,1,2,2,1,1,1,1
1330330,1,1,1,2,1,1,1,1,1,22,1,1,2,1,1,2,2,1,1,1,1
4831032,1,1,1,2,1,1,1,1,9,0,1,1,3,1,1,2,2,1,1,1,1
4275052,1,1,1,2,1,1,1,1,9,0,1,1,4,1,1,2,2,1,1,1,1
1014582,1,1,1,2,1,1,2,1,9,0,2,2,1,1,1,1,1,1,1,1,2
2359564,1,1,1,2,1,1,1,1,9,0,1,1,3,1,1,2,2,1,1,1,1
5261071,1,1,1,2,1,1,1,1,9,0,1,1,6,1,2,2,2,1,1,1,2
3346392,1,1,1,2,1,1,1,1,9,0,1,1,2,1,1,2,2,1,1,1,1
4998196,1,1,1,2,1,1,1,1,9,0,2,2,4,1,1,2,2,2,1,1,1
2090125,1,1,2,2,1,1,1,1,2,0,1,1,6,1,1,2,2,1,1,1,1
2853788,1,1,1,2,1,1,1,1,2,0,1,1,1,1,1,2,1,1,1,1,2
1953133,1,1,2,2,1,1,1,1,2,0,1,2,1,1,1,2,2,1,1,1,1
4407423,1,1,1,2,1,1,1,1,1,25,1,1,2,1,1,2,2,1,1,1,1
5466335,1,1,1,2,1,1,1,1,2,0,1,1,1,1,1,2,2,1,1,1,1
8992893,1,1,1,2,1,1,1,1,2,0,1,1,2,1,1,2,2,1,1,1,1
2610272,1,1,1,2,1,1,1,1,9,0,1,1,2,1,1,2,2,1,1,1,1
3604656,1,1,2,2,1,1,1,1,9,0,1,1,1,1,1,2,2,1,1,1,1
8596614,1,1,1,2,1,1,2,1,9,0,1,1,2,1,1,2,2,1,1,1,1
9503893,1,1,1,2,1,1,1,1,9,0,1,1,1,1,1,2,2,1,1,1,1
8411910,1,1,2,2,1,1,1,1,9,0,1,1,6,1,1,2,2,1,1,1,1
8955921,1,1,2,2,1,1,1,1,9,0,1,1,5,1,1,2,2,2,1,1,1
7370903,1,1,1,2,1,1,1,1,9,0,1,1,1,1,1,2,2,2,1,1,1
1542129,1,1,1,2,1,1,1,1,9,0,1,1,2,1,1,2,2,1,1,1,1
2652381,1,1,1,2,1,1,1,1,9,0,1,2,4,1,1,2,2,2,1,1,1
2704485,1,1,1,1,1,1,1,1,2,0,1,2,6,1,1,2,2,2,1,1,1
8301306,1,1,1,2,1,1,2,1,9,0,1,1,2,1,1,2,2,1,1,1,1
5391905,1,1,1,2,1,1,1,1,2,0,1,1,2,1,1,2,2,1,1,1,1
4083996,1,2,1,2,1,1,1,1,9,0,1,1,2,1,1,2,2,1,1,1,1
4623426,1,1,2,2,1,1,1,1,1,0,1,1,1,1,1,2,2,1,1,1,1
3552851,1,1,1,2,1,1,1,1,2,0,1,1,3,1,1,2,3,1,1,1,1
7737837,1,1,1,2,1,1,1,1,1,8,1,1,2,1,2,2,2,1,1,1,1
5139919,1,1,1,2,1,1,1,1,1,0,1,1,2,1,1,2,2,1,1,1,1
4943381,1,1,1,2,1,1,1,1,1,6,1,1,4,1,1,2,2,1,1,1,2
9143797,1,1,1,2,1,1,1,1,2,0,1,1,1,1,1,2,2,1,1,1,1
1319434,1,1,1,1,1,1,1,1,1,40,1,1,2,1,1,2,2,1,1,1,1
9428079,1,1,2,2,1,1,2,1,9,0,1,2,1,1,1,2,2,1,1,1,1
6157965,1,1,1,2,1,1,1,1,9,0,1,2,6,1,2,2,2,2,1,1,1
5020304,1,1,1,2,1,1,1,1,9,0,1,1,1,1,1,2,2,2,1,1,1
4278100,1,1,1,2,1,1,1,1,9,0,1,1,1,1,1,2,2,2,1,1,1
8228712,1,1,1,2,1,1,1,1,9,0,1,1,3,1,1,2,2,1,1,1,1
5280974,1,1,1,2,1,1,1,1,9,0,1,1,6,1,1,2,2,1,1,1,1
5831905,1,1,2,2,1,1,1,1,9,0,1,1,4,1,1,2,2,1,1,1,1
6747446,1,1,2,2,1,1,1,1,9,0,1,1,3,1,1,2,2,1,1,1,1
6609509,1,1,2,2,1,1,1,1,9,0,2,2,1,1,1,2,2,1,1,1,1
9250615,1,1,1,2,1,1,1,1,9,0,1,1,4,1,1,2,2,1,1,1,1
5433088,1,2,2,2,1,2,2,2,9,0,1,2,4,1,1,2,2,1,1,1,2
3665483,1,1,1,2,1,1,1,1,9,0,1,1,1,1,1,2,2,1,1,1,1
6618957,1,1,1,2,1,1,1,1,9,0,1,1,1,1,1,2,2,1,1,1,1
7862210,1,2,2,2,1,1,1,1,9,0,1,1,1,1,1,2,2,2,1,1,1
6364064,1,1,1,2,1,1,1,1,9,0,1,1,2,1,1,2,2,1,1,1,1
3696848,1,1,1,1,1,1,1,1,2,0,1,1,1,1,1,2,2,2,1,2,1
2234683,1,1,2,1,1,1,1,1,2,0,1,2,2,1,1,1,1,2,1,2,2
3856092,1,2,2,1,1,1,1,1,9,0,1,2,1,1,2,2,2,2,1,1,1
7713457,1,1,1,2,1,2,1,1,2,0,1,1,1,1,1,2,2,1,1,1,2
5786865,1,1,1,2,1,1,1,1,2,0,1,1,3,1,1,2,2,1,1,1,1
8751967,1,1,1,2,1,1,1,1,1,0,1,1,2,1,1,2,2,1,1,1,1
2578775,1,1,1,2,1,1,1,1,1,15,1,1,5,1,1,2,2,1,1,1,1
3103421,1,1,1,2,1,1,1,1,9,0,1,1,2,1,1,2,2,1,1,1,1
9477191,1,1,2,2,1,1,1,1,9,0,1,1,2,1,1,2,2,1,1,1,1
8085991,1,1,1,2,1,1,1,1,9,0,1,1,2,1,1,2,2,1,1,1,1
2200629,1,1,2,2,1,1,1,1,9,0,1,1,2,1,1,2,2,1,1,1,1
2666540,1,1,1,2,1,1,1,1,9,0,1,1,2,1,1,2,2,1,1,1,1
8948297,1,1,1,2,1,1,1,1,9,0,1,1,6,1,1,2,2,1,1,1,1
2087252,1,1,1,2,1,1,1,1,9,0,1,1,5,1,1,2,2,1,1,1,1
4507547,1,1,1,2,1,1,1,1,9,0,1,1,4,1,1,2,2,1,1,1,1
5832730,1,1,1,2,1,1,1,1,9,0,1,1,4,1,1,2,2,1,1,1,1
5236843,1,1,1,2,1,1,1,1,9,0,1,1,1,1,1,2,2,1,1,1,1
3400241,1,1,1,2,1,1,1,1,9,0,1,1,4,1,1,2,2,2,1,1,1
3038593,1,1,1,2,1,1,1,1,9,0,1,1,6,1,1,2,2,1,1,1,1
9293283,1,1,1,2,1,1,1,1,9,0,1,1,1,1,1,2,2,1,1,1,1
6983936,1,1,2,1,1,1,1,1,1,25,1,2,5,1,1,1,1,1,1,1,1
5292610,1,1,2,1,1,1,1,1,2,0,1,1,1,1,1,1,1,1,1,1,2
8248982,1,1,2,1,1,1,1,1,9,0,1,1,1,1,1,1,1,1,1,1,1
4283719,1,1,1,1,1,1,1,1,2,0,1,1,6,1,1,1,1,1,1,1,1
9017941,1,1,2,1,1,1,1,1,9,0,1,2,1,1,1,1,1,1,1,2,2
4848037,1,1,1,2,1,1,1,2,9,0,1,2,2,1,1,2,2,1,1,1,1
2049602,1,1,2,2,1,1,1,1,1,9,1,1,1,1,1,2,2,1,1,1,1
8527431,1,1,1,2,1,1,1,1,1,35,1,1,4,1,1,2,3,1,1,1,1
9866933,1,1,1,2,1,1,1,1,1,86,1,1,2,1,1,2,3,1,1,1,1
3118552,1,1,2,1,1,1,1,1,1,163,1,1,4,1,1,2,2,1,1,1,1
8291456,1,1,1,2,1,1,1,1,1,15,1,1,1,1,1,2,2,1,1,1,1
8888966,1,1,1,2,1,1,1,1,1,8,1,1,1,1,1,2,2,1,1,1,1
8292857,1,1,2,2,1,1,1,1,1,25,1,1,1,1,1,2,2,1,1,1,1
1533876,1,1,1,2,1,1,1,1,9,0,1,1,2,1,1,2,2,1,1,1,1
7340942,1,1,1,2,1,1,1,1,9,0,1,2,4,1,1,2,2,1,1,1,1
2454844,1,1,1,2,1,2,2,2,9,0,1,2,2,1,1,2,2,1,1,1,1
2090595,1,1,1,2,1,1,1,1,9,0,1,1,2,1,1,2,2,1,1,1,1
1136747,1,2,2,2,1,1,1,1,9,0,1,2,1,1,1,2,2,2,1,1,1
2600357,1,1,1,2,1,1,1,1,9,0,1,1,3,1,1,2,2,1,1,1,1
7636370,1,1,1,2,1,1,1,1,9,0,1,1,2,1,1,2,2,2,1,1,1
1736186,1,1,1,2,1,1,1,1,9,0,1,1,1,1,1,2,2,1,1,1,1
6317584,1,1,1,2,1,1,1,1,9,0,1,1,2,1,1,2,2,1,1,1,1
4937163,1,1,1,2,1,1,1,1,2,0,1,1,2,1,1,2,2,1,1,1,1
1185540,1,1,1,2,1,1,1,1,1,7,1,1,1,1,1,2,2,1,1,1,1
6180717,1,1,1,2,1,1,1,1,2,0,1,1,2,1,1,2,2,1,1,1,1
2598645,1,1,1,2,1,1,1,1,1,24,1,1,4,1,1,2,3,1,1,1,1
5698156,1,1,1,2,1,1,1,1,9,0,1,1,6,1,1,2,2,1,1,1,2
8618675,1,1,1,2,1,1,1,1,9,0,1,1,2,1,1,2,2,1,1,1,1
5221661,1,1,1,2,1,1,1,1,9,0,1,1,2,1,1,2,2,2,1,1,1
2974480,1,1,2,2,1,1,1,1,9,0,1,1,1,1,1,2,2,1,1,1,1
1344179,1,1,1,2,1,1,1,1,9,0,1,1,1,1,1,2,2,1,1,1,1
4100211,1,1,1,2,1,1,1,1,9,0,1,1,6,1,1,2,2,1,1,1,1
2526297,1,1,1,2,1,1,1,1,9,0,1,2,1,1,1,2,2,1,1,1,1
1133263,1,1,2,2,1,1,2,1,9,0,1,2,6,1,1,2,2,2,1,1,1
3668593,1,1,1,2,1,1,1,1,9,0,1,1,2,1,1,2,2,2,1,1,1
4221027,1,1,1,2,1,1,1,1,9,0,1,1,1,1,1,2,2,2,1,1,1
8331701,1,1,1,2,1,1,1,1,9,0,1,1,5,1,1,2,2,2,1,1,1
7073310,1,1,1,2,1,1,1,1,9,0,1,1,2,1,1,2,2,1,1,1,1
9846087,1,1,2,2,1,1,1,1,9,0,1,1,2,1,1,2,2,1,1,1,1
4570859,1,1,1,2,1,1,1,1,9,0,1,1,2,1,1,2,2,1,1,1,1
5770464,1,1,1,1,1,1,1,1,2,0,1,1,6,1,1,2,2,1,1,1,1
9115870,1,1,1,1,1,1,1,1,2,0,1,1,1,1,1,1,1,1,1,1,1
8945384,1,1,1,1,1,1,1,1,9,0,1,1,1,1,1,1,1,2,1,1,1
1723636,1,1,1,2,1,1,1,1,9,0,1,1,6,1,1,1,1,2,1,1,1
8998698,1,1,2,1,1,1,2,1,2,0,1,2,2,1,1,1,1,1,1,1,1
3354483,1,2,2,1,1,1,1,1,2,0,1,2,2,1,1,1,1,2,1,2,2
5185989,1,1,1,2,1,1,1,1,2,23,1,1,2,1,1,2,2,1,1,1,1
6629926,1,1,1,2,1,1,1,1,9,0,1,1,1,1,1,2,2,1,1,1,1
6313024,1,1,1,2,1,1,1,1,9,0,1,1,1,1,1,2,2,1,1,1,1
8836745,1,1,1,2,1,1,1,1,2,0,1,1,6,1,1,1,1,1,1,1,1
9859864,1,1,2,1,1,1,1,1,1,35,1,1,2,1,1,2,2,1,1,1,1
9507709,1,1,1,2,1,1,1,1,9,0,1,1,3,1,1,2,2,2,1,1,1
2677403,1,1,1,1,1,1,2,1,9,0,2,2,6,1,2,2,2,1,1,2,1
4712803,1,1,2,1,1,1,1,1,1,64,1,1,2,1,1,2,2,1,1,1,1
4876427,1,1,2,1,1,1,1,1,1,35,1,1,2,1,1,2,3,1,1,1,1
8127154,1,1,1,1,1,1,1,1,2,0,2,2,3,1,1,1,1,2,1,1,2
8488245,1,2,2,1,1,1,2,1,2,0,2,1,6,1,2,2,2,1,1,2,2
4119608,1,1,1,2,1,1,1,1,9,0,1,1,2,1,1,2,2,1,1,1,1
1768655,1,1,1,2,1,1,1,1,9,0,1,1,1,1,1,2,2,1,1,1,1
5472174,1,2,1,2,1,1,1,1,9,0,1,1,1,1,1,2,2,1,1,1,1
4767357,1,1,1,2,1,1,1,1,9,0,1,1,5,1,1,2,2,2,1,1,1
6630562,1,1,2,2,1,1,2,1,2,0,1,1,2,1,1,2,2,1,1,1,2
7869347,1,1,1,2,1,1,1,1,9,0,1,1,3,1,1,2,2,1,1,1,1
9700057,1,1,1,2,1,1,1,1,9,0,1,1,2,1,1,2,2,1,1,1,1
3753644,1,1,1,2,1,1,1,1,9,0,1,1,3,1,1,2,2,1,1,1,1
3198053,1,1,1,2,1,1,1,1,1,16,1,1,5,1,1,2,2,1,1,1,1
6253828,1,1,2,1,1,1,1,1,1,27,1,1,2,1,1,2,3,1,1,1,1
1326250,1,1,2,1,1,1,2,1,1,50,1,1,6,1,1,2,3,1,1,1,1
2769459,1,1,1,2,1,1,1,1,1,50,1,1,3,1,1,2,2,1,1,1,1
3600749,1,1,1,2,1,1,1,1,2,0,1,1,5,1,1,2,2,1,1,1,2
4763761,1,1,1,1,1,1,1,1,1,75,1,2,2,1,1,2,2,1,1,1,1
9989722,1,1,1,2,1,1,1,1,2,0,1,1,3,1,1,2,2,1,1,1,1
9485041,1,1,1,2,1,1,1,1,2,0,1,1,2,1,2,2,2,1,1,1,1
3472550,1,1,1,1,1,1,1,1,1,91,1,1,1,1,1,2,2,1,1,1,1
3480391,1,1,1,1,1,1,1,1,1,70,1,1,2,1,1,2,2,1,1,1,1
8352916,1,1,1,2,1,1,1,1,9,0,1,1,5,1,1,2,2,2,1,1,1
9145173,1,1,1,1,1,1,1,2,9,0,1,2,1,1,1,2,2,2,1,1,1
2249495,1,1,1,2,1,1,1,1,9,0,1,2,2,2,1,2,2,1,1,1,2
8837613,1,1,1,2,1,1,1,1,9,0,1,2,2,1,1,2,2,1,1,1,1
7880080,1,1,1,2,1,1,1,1,9,0,1,1,2,1,1,2,2,1,1,1,1
4373938,1,1,1,2,1,1,1,1,9,0,2,1,2,1,1,2,2,1,1,1,1
2554915,1,2,1,2,1,1,1,1,9,0,1,1,2,1,1,2,2,1,1,1,1
5619887,1,1,1,2,1,1,2,1,9,0,1,1,2,1,1,2,2,1,1,1,1
4739355,1,1,1,2,1,1,1,1,9,0,1,1,2,1,1,2,2,1,1,1,1
1217529,1,1,1,2,1,1,1,1,9,0,1,1,4,1,1,2,2,2,1,1,1
6655797,1,1,1,2,1,1,1,1,9,0,1,1,4,1,1,2,2,1,1,1,1
2321745,1,1,1,2,1,1,1,1,9,0,1,1,6,1,1,2,2,1,1,1,2
5552260,1,1,1,2,1,1,1,1,9,0,1,1,3,1,1,2,2,1,1,1,2
7889047,1,1,1,2,1,1,1,1,9,0,1,1,2,1,1,2,2,1,1,1,1
6630117,1,1,2,2,1,1,1,1,9,0,1,1,6,1,1,2,2,1,1,1,1
4848964,1,2,1,2,1,1,1,1,9,0,1,1,1,1,1,2,2,1,1,1,1
8345788,1,1,1,2,1,1,1,1,9,0,1,1,2,1,1,2,2,1,1,1,1
1085623,1,1,1,2,1,1,1,1,9,0,1,1,2,1,1,2,2,1,1,1,1
9833812,1,1,1,2,1,1,1,1,9,0,1,2,1,1,1,2,2,1,1,1,1
2172353,1,1,2,2,1,1,2,1,1,3,1,1,2,1,1,2,2,1,1,1,1
2466408,1,1,1,2,1,1,1,1,2,0,1,1,1,1,1,2,2,1,1,1,1
6417473,1,1,2,1,1,1,1,1,2,0,1,1,2,1,1,1,1,1,1,1,1
4055824,1,1,1,2,1,1,1,1,2,0,1,1,6,1,2,2,2,2,1,1,1
1672150,1,1,1,2,1,1,1,1,2,0,1,1,6,1,1,1,1,1,1,2,2
2121748,1,1,2,2,1,1,1,1,1,82,1,1,1,1,1,2,2,1,1,1,1
8443575,1,1,1,2,1,1,2,1,2,0,1,1,2,1,1,2,2,1,1,1,1
5625782,1,2,2,2,1,1,1,1,2,0,1,1,2,1,1,2,3,1,1,1,1
4151851,1,1,1,2,1,1,1,1,1,50,1,1,1,1,1,2,2,1,1,1,1
9720014,1,1,1,2,1,1,1,1,9,0,1,2,2,1,1,2,2,2,1,1,2
2242928,1,1,1,2,1,1,1,1,9,0,1,1,1,1,1,2,2,2,1,1,1
8440012,1,1,1,2,1,1,1,1,9,0,1,1,2,1,1,2,2,1,1,1,1
7942658,1,2,1,2,1,1,1,1,9,0,1,1,5,1,1,2,2,1,1,1,1
3397100,1,1,1,2,1,1,1,1,9,0,1,1,2,1,1,2,2,1,1,1,1
8409152,1,1,1,2,1,1,1,1,9,0,1,1,2,1,1,2,2,1,1,1,1
5000058,1,1,1,2,1,1,1,1,9,0,1,1,2,1,1,2,2,1,1,1,1
8874420,1,1,2,1,1,1,1,1,1,120,1,2,1,1,1,1,2,1,1,1,2
9389443,1,1,1,2,1,1,1,1,9,0,1,1,1,1,1,2,2,1,1,1,1
7747536,1,1,2,1,1,1,1,1,9,0,2,2,5,1,2,2,2,2,1,1,1
3254104,1,1,1,2,1,1,1,1,9,0,1,1,2,1,1,2,2,1,1,1,1
3867568,1,1,1,2,1,1,1,1,9,0,1,1,1,1,1,2,2,2,1,1,1
1956564,1,1,1,2,1,1,1,1,9,0,1,1,5,1,1,2,2,1,1,1,1
9821694,1,1,1,2,1,1,1,1,9,0,1,1,1,1,1,2,2,1,1,1,1
7285769,1,1,1,2,1,1,1,1,1,24,1,1,2,1,1,2,2,1,1,1,1
4054814,1,1,1,1,1,1,1,1,2,0,1,1,2,1,1,2,2,2,1,1,1
2677012,1,2,1,2,1,1,1,1,2,0,1,1,2,1,1,2,2,1,1,1,1
5689455,1,1,1,2,1,1,1,1,1,9,1,1,2,1,1,2,2,1,1,1,1
4284851,1,1,1,2,1,1,1,1,2,0,1,1,6,1,1,2,3,1,1,1,2
1510896,1,1,1,1,1,1,1,1,1,0,1,2,1,1,1,1,1,1,1,1,1
7959420,1,1,1,1,1,1,1,1,2,0,1,1,1,1,2,1,1,2,1,1,1
6749423,1,1,2,1,1,1,1,1,9,0,1,1,1,1,1,1,1,1,1,1,1
6399550,1,1,2,2,1,1,2,1,9,0,1,1,2,1,1,2,2,1,1,1,1
2746066,1,1,1,2,1,1,1,1,9,0,1,1,2,1,1,2,2,2,1,1,1
3981966,1,1,1,2,1,1,1,1,9,0,1,1,1,1,1,2,2,1,1,1,1
2717162,1,1,1,2,1,1,1,1,9,0,1,1,6,1,2,2,2,1,1,1,2
8089344,1,1,1,1,1,1,1,1,9,0,1,1,1,1,1,1,1,2,1,1,1
2144909,1,1,1,2,1,1,1,1,9,0,1,1,2,1,1,2,2,1,1,1,1
1562926,1,1,1,2,1,1,1,1,9,0,1,1,2,1,1,2,2,2,1,1,1
6636658,1,1,1,2,1,1,1,1,9,0,1,1,3,1,1,2,2,1,1,1,1
1994896,1,1,1,2,1,1,1,1,9,0,1,1,2,1,1,2,2,1,1,1,1
8153338,1,1,1,2,1,1,1,1,9,0,1,1,6,1,1,2,2,1,1,1,2
8440848,1,1,1,2,1,1,1,1,9,0,1,1,1,1,1,2,2,1,1,1,1
7502883,1,1,1,2,1,2,1,1,9,0,1,2,5,1,2,2,2,1,1,2,2
1959556,1,1,1,2,1,1,1,1,9,0,1,1,2,1,1,2,2,2,1,1,1
4846774,1,1,1,2,1,1,1,1,9,0,1,2,6,1,1,2,2,1,1,1,2
1187959,1,1,1,2,1,1,1,1,9,0,1,2,1,1,1,2,2,1,1,1,1
2466565,1,1,1,2,1,1,1,1,9,0,1,1,2,1,1,2,2,2,1,1,1
8709546,1,1,1,2,1,1,1,1,9,0,1,1,5,1,1,2,2,1,1,1,1
8694733,1,1,1,2,1,1,1,1,9,0,1,2,2,1,1,2,2,1,1,1,1
7535241,1,1,2,2,1,1,2,1,9,0,1,1,1,1,1,2,2,1,1,1,1
4213259,1,1,1,2,1,1,1,1,9,0,1,2,2,1,1,2,2,1,1,1,1
1947871,1,1,1,2,1,2,1,1,9,0,1,2,5,1,1,2,2,2,1,1,1
6188919,1,1,2,1,1,1,1,1,1,40,1,1,5,1,1,2,3,1,1,1,1
9285948,1,1,1,2,1,1,1,1,2,0,1,1,1,1,1,2,2,1,1,1,1
1624504,1,1,2,2,1,1,1,1,1,92,1,1,2,1,1,2,2,1,1,1,1
8055552,1,1,1,2,1,1,1,1,2,0,1,1,3,1,1,2,2,1,1,1,1
5948233,1,2,2,1,1,1,2,1,2,0,1,1,2,1,2,2,2,1,1,1,1
9184139,1,1,1,1,1,1,1,1,1,72,1,1,3,1,1,2,3,1,1,1,1
1162288,1,1,1,1,1,1,1,1,9,0,1,1,3,1,2,2,2,1,1,1,1
2194448,1,1,2,2,1,1,2,1,1,48,1,1,1,1,1,2,2,1,1,1,1
1301064,1,1,1,1,1,1,1,1,2,0,1,2,5,1,1,1,1,2,1,1,1
6177610,1,1,1,1,1,1,1,1,2,0,1,2,1,1,1,2,2,2,1,1,1
3818141,1,1,2,2,1,1,1,1,9,0,1,1,5,1,1,2,2,1,1,1,1
8564460,1,1,1,2,1,1,1,1,9,0,1,1,5,1,1,2,2,1,1,1,1
8539397,1,1,1,1,1,1,1,1,2,0,1,2,2,1,1,2,2,2,1,1,1
5446504,1,1,1,2,1,1,1,1,9,0,1,2,1,1,1,2,2,1,1,1,1
1153140,1,1,2,2,1,1,1,1,2,0,1,2,1,1,1,1,1,1,1,1,2
5849766,1,2,2,2,1,1,2,1,9,0,1,1,1,1,1,2,2,1,1,1,1
6549334,1,1,1,2,1,1,1,1,9,0,1,1,6,1,1,2,2,1,1,1,2
5302343,1,1,1,2,1,1,1,1,9,0,1,1,4,1,1,2,2,1,1,1,1
1103512,1,1,1,2,1,1,1,1,9,0,1,1,1,1,1,2,2,1,1,1,1
1357302,1,1,1,2,1,1,1,1,9,0,1,1,3,1,1,2,2,1,1,1,1
2345125,1,2,1,2,1,1,1,1,9,0,1,1,6,1,1,2,2,1,1,1,1
7265750,1,1,1,1,1,1,1,1,2,0,1,1,2,1,1,1,1,2,1,1,1
1806167,1,1,1,2,1,2,1,2,9,0,2,2,6,1,2,2,2,2,1,1,2
9412716,1,1,1,2,1,2,1,1,9,0,1,2,4,1,1,2,2,1,1,1,2
1891167,1,1,2,2,1,1,1,1,9,0,1,1,1,1,1,2,2,2,1,1,1
3431355,1,1,1,2,1,1,1,1,9,0,1,1,4,1,1,2,2,1,1,2,1
1096015,1,1,1,2,1,1,1,1,9,0,1,1,1,1,1,2,2,1,1,1,1
3045824,1,2,2,2,1,1,1,1,1,8,1,1,6,1,1,2,2,1,1,1,1
8997235,1,1,1,1,1,1,1,1,1,24,1,1,5,1,1,2,2,1,1,1,1
5472996,1,1,1,2,1,1,1,1,1,0,1,2,2,1,1,2,2,1,1,1,1
8726252,1,1,1,2,1,1,1,1,2,0,1,1,1,1,1,2,2,1,1,1,1
4673452,1,1,1,2,1,1,1,1,2,0,1,1,1,1,1,2,2,1,1,1,1
1750713,1,1,1,1,1,1,1,1,9,0,1,2,3,1,1,1,1,2,1,2,2
2438363,1,1,1,2,1,1,2,1,9,0,1,1,1,1,1,2,2,1,1,1,2
2766295,1,1,1,2,1,1,1,1,9,0,1,1,1,1,1,2,2,2,1,1,1
1492991,1,1,2,1,1,1,1,1,2,0,1,1,5,1,1,1,1,2,1,1,1
7920886,1,1,1,2,1,1,1,1,9,0,1,1,2,1,1,2,2,2,1,1,1
9815029,1,1,1,1,1,1,1,1,9,0,1,1,5,1,1,2,2,1,1,1,1
2379525,1,1,1,2,1,1,1,1,9,0,1,1,1,1,1,2,2,2,1,1,1
4782039,1,1,1,1,1,1,1,1,1,0,1,1,5,1,1,2,2,1,1,1,1
6655969,1,1,2,2,1,1,1,1,9,0,1,1,5,1,1,2,2,1,1,1,1
5067253,1,1,1,2,1,1,1,1,9,0,1,1,3,1,1,2,2,2,1,1,1
3828252,1,1,1,2,1,1,1,1,9,0,1,1,2,1,1,2,2,2,1,1,1
2797225,1,1,1,2,1,1,1,1,9,0,1,1,5,1,1,2,2,1,1,1,1
8300719,1,1,1,2,1,1,1,1,9,0,1,1,2,1,1,2,2,1,1,1,1
1394088,1,1,1,2,1,1,2,1,9,0,1,1,5,1,1,2,2,1,1,1,1
5097335,1,1,1,1,1,1,1,1,9,0,1,1,3,1,1,2,2,1,1,1,1
8211316,1,1,1,2,1,1,2,1,9,0,1,1,6,1,1,2,2,1,1,1,1
3549544,1,1,1,2,1,1,1,1,9,0,1,1,1,1,1,2,2,2,1,1,1
4442398,1,1,1,2,1,1,1,1,9,0,1,1,6,1,1,2,2,1,1,1,2
8536995,1,1,1,2,1,1,1,1,9,0,1,1,1,1,1,1,1,2,1,1,1
3740651,1,1,1,2,1,1,1,1,9,0,1,1,2,1,1,2,2,1,1,1,1
5798696,1,1,1,2,1,1,2,1,2,0,1,1,2,1,1,2,2,1,1,1,1
3968931,1,1,1,2,1,1,1,1,2,0,1,2,4,1,1,2,2,1,1,1,1
3797981,1,1,1,2,1,1,1,1,9,0,1,1,2,1,1,2,2,1,1,1,2
4992651,1,1,1,2,1,1,1,1,1,50,1,1,3,1,1,2,2,1,1,1,1
5028975,1,1,1,2,1,1,1,1,2,0,1,2,2,1,1,2,2,1,1,1,1
1694658,1,1,1,2,1,1,1,1,2,0,1,1,2,1,1,2,2,1,1,1,1
6323320,1,1,2,2,1,1,1,1,2,0,1,2,6,1,1,2,2,1,1,1,1
9478223,1,1,1,2,1,1,1,1,1,61,1,1,5,1,1,2,2,1,1,1,1
1567262,1,1,1,2,1,1,1,1,9,0,1,2,5,1,1,2,2,2,1,1,1
3655550,1,1,1,2,1,1,1,1,9,0,1,1,2,1,1,2,2,1,1,1,1
5535317,1,1,1,2,1,1,1,1,9,0,1,1,2,1,1,2,2,1,1,1,1
8708892,1,1,1,2,1,1,1,1,9,0,1,1,5,1,1,2,2,1,1,1,1
4440613,1,1,1,2,1,1,1,1,9,0,1,1,2,1,1,2,2,2,1,1,1
7842817,1,1,1,2,1,1,1,1,9,0,1,1,1,1,1,2,2,1,1,1,1
7938003,1,1,1,2,1,1,1,1,9,0,1,2,5,1,1,2,2,1,1,1,1
8346412,1,1,1,1,1,1,1,1,2,0,1,1,1,1,1,1,1,1,1,1,1
3178149,1,1,2,2,1,1,1,1,9,0,1,1,5,1,1,2,2,1,1,2,2
5666922,1,1,2,2,1,1,1,1,9,0,1,1,2,1,1,2,2,1,1,1,1
3775571,1,1,1,2,1,1,1,1,9,0,1,1,1,1,1,2,2,1,1,1,1
5873649,1,1,2,2,1,1,1,1,9,0,1,2,3,1,1,2,2,1,1,1,1
3978944,1,1,1,2,1,1,1,1,9,0,1,1,1,1,1,2,2,1,1,1,1
7263438,1,1,1,2,1,1,1,1,1,30,1,1,2,1,1,2,2,1,1,1,1
4145591,1,2,2,2,1,1,1,1,1,30,1,2,2,1,2,2,3,1,1,1,1
3257960,1,1,1,2,1,1,1,1,1,24,1,1,2,1,1,2,2,1,1,1,1
4501174,1,2,1,2,1,1,1,1,2,0,1,1,2,1,2,2,2,1,1,1,1
3313925,1,1,1,2,1,1,1,1,2,0,1,1,2,1,2,2,2,1,1,1,1
3479460,1,1,1,1,1,1,1,1,1,31,1,1,2,1,1,2,2,1,1,1,1
6106197,1,1,1,2,1,1,1,1,2,0,1,1,2,1,1,2,2,1,1,1,1
3649482,1,1,1,2,1,1,1,1,9,0,1,1,2,1,1,2,2,2,1,1,1
9285112,1,1,2,2,1,1,1,1,9,0,1,1,2,1,1,2,2,1,1,1,1
9033786,1,1,1,2,1,1,1,1,9,0,1,1,5,1,1,2,2,1,1,1,2
1707678,1,1,1,2,1,1,1,1,9,0,1,1,3,1,1,2,2,1,1,1,1
7999511,1,1,1,2,1,1,1,1,9,0,1,1,2,1,1,2,2,1,1,1,1
1903161,1,1,2,2,1,1,1,1,9,0,1,1,3,1,1,2,2,1,1,1,1
3009375,1,1,1,2,1,1,1,1,9,0,1,1,2,1,1,2,2,1,1,1,1
2153663,1,1,1,2,1,1,1,1,9,0,1,1,1,1,1,2,2,1,1,1,1
7069451,1,1,1,2,1,1,1,1,9,0,1,1,2,1,1,2,2,1,1,1,1
7713540,1,1,1,2,1,1,2,1,9,0,1,1,2,1,1,2,2,1,1,1,1
6148161,1,1,1,2,1,1,1,1,9,0,1,1,4,1,1,2,2,2,1,1,1
6794162,1,1,1,2,1,1,1,1,9,0,1,1,6,1,1,2,2,1,1,1,2
1742171,1,1,1,2,1,1,1,1,9,0,1,1,2,1,1,2,2,1,1,1,1
7365222,1,1,1,2,1,1,1,1,9,0,1,1,2,1,1,2,2,1,1,1,1
7369635,1,1,1,2,1,1,1,1,9,0,1,1,2,1,1,2,2,1,1,1,1
7874670,1,1,1,2,1,1,1,1,9,0,1,1,2,1,1,2,2,1,1,1,1
3629097,1,1,1,2,1,1,1,1,2,0,1,1,2,1,1,2,2,1,1,1,1
6495039,1,1,1,2,1,1,1,1,1,34,1,1,2,1,2,1,1,1,1,1,1
2748292,1,1,1,1,1,1,1,1,1,90,1,1,6,1,1,2,3,1,1,1,1
3602283,1,1,1,2,1,1,1,1,2,0,1,1,6,1,1,2,2,1,1,1,1
2756592,1,1,1,2,1,1,1,1,2,0,1,1,3,1,1,2,2,1,1,1,1
6454765,1,1,2,2,1,1,2,1,1,4,1,1,6,1,1,2,2,1,1,1,1
5313318,1,1,1,2,1,1,1,1,2,0,1,1,1,1,2,2,2,1,1,1,1
3939260,1,1,2,2,1,1,1,1,9,0,1,1,2,1,1,2,2,1,1,1,1
7134679,1,1,1,2,1,1,1,1,9,0,1,1,2,1,1,2,2,1,1,1,1
1809263,1,1,1,2,1,1,1,1,9,0,1,1,1,1,1,2,2,1,1,1,1
8621109,1,1,1,2,1,1,1,1,9,0,1,1,2,1,1,2,2,2,1,1,1
1461990,1,1,1,2,1,1,1,1,9,0,1,1,2,1,1,2,2,2,1,1,1
7693688,1,1,1,2,1,1,1,1,9,0,1,1,6,1,1,2,2,1,1,1,2
1989257,1,1,1,2,1,1,1,1,9,0,1,1,2,1,1,2,2,1,1,1,1
8054517,1,1,1,2,1,1,1,1,9,0,1,1,2,1,1,2,2,2,1,1,1
8491633,1,2,2,2,1,1,2,1,9,0,1,2,2,1,1,2,2,1,1,1,2
8749184,1,1,1,2,1,1,1,1,1,0,1,1,4,1,1,2,2,1,1,1,1
6937665,1,1,1,2,1,1,1,1,9,0,1,2,6,2,1,2,2,1,1,1,1
8146543,1,1,1,2,1,1,2,1,9,0,1,2,2,1,1,2,2,1,1,1,1
2183882,1,2,2,2,1,1,1,1,2,0,1,1,2,1,1,2,2,1,1,1,1
3044422,1,1,1,2,1,1,1,1,9,0,1,1,2,1,1,2,2,1,1,1,1
4642091,1,1,1,1,1,1,1,1,1,20,1,1,3,1,1,2,2,1,1,1,1
2342567,1,1,1,2,1,1,1,1,9,0,1,1,2,1,1,2,2,1,1,1,1
9096696,1,1,1,2,1,1,1,1,9,0,1,1,2,1,1,2,2,1,1,1,2
8794652,1,2,1,2,1,1,1,1,9,0,1,1,3,1,1,2,2,1,1,1,1
9220297,1,1,1,2,1,1,1,1,9,0,1,1,2,1,1,2,2,1,1,1,1
3944765,1,1,1,2,1,1,1,1,9,0,1,1,1,1,1,2,2,1,1,1,1
4541834,1,1,1,2,1,1,1,1,9,0,1,1,2,1,1,2,2,1,1,1,2
3369220,1,1,1,2,1,1,1,1,9,0,1,1,3,1,1,2,2,1,1,1,1
1488198,1,1,1,2,1,1,1,1,9,0,1,1,2,1,1,2,2,1,1,1,1
1063259,1,1,1,2,1,1,1,1,9,0,1,1,2,1,1,2,2,1,1,1,1
3162920,1,1,2,2,1,1,2,1,9,0,1,2,1,1,1,2,2,1,1,1,1
2821614,1,2,1,2,1,1,1,1,9,0,1,1,6,1,1,2,2,1,1,1,1
2614536,1,1,1,2,1,1,1,1,9,0,1,1,2,1,1,2,2,1,1,1,1
8532489,1,1,1,2,1,1,1,1,9,0,1,2,3,1,1,2,2,1,1,1,1
4000266,1,1,1,2,1,1,1,1,9,0,1,1,3,1,1,2,2,1,1,1,1
8480335,1,2,2,2,1,1,2,1,9,0,1,1,5,1,1,2,2,1,1,1,1
3292053,1,1,1,2,1,1,1,1,9,0,1,1,5,1,1,2,2,1,1,1,1
8560151,1,1,1,2,1,1,1,1,9,0,1,2,4,1,1,2,2,1,1,1,1
1851020,1,1,1,1,1,1,1,1,1,19,1,2,5,1,1,1,1,1,1,1,1
9259484,1,1,1,2,1,1,2,1,9,0,1,1,6,1,1,2,2,1,1,1,2
5586451,1,1,1,2,1,1,1,1,2,0,1,1,2,1,1,2,2,1,1,1,1
2154740,1,1,1,1,1,1,1,1,1,22,1,1,2,1,1,2,2,1,1,1,1
1389802,1,1,1,2,1,1,1,1,1,20,1,1,2,1,1,2,2,1,1,1,1
5755365,1,1,1,1,1,1,2,1,1,92,1,1,4,1,1,2,3,1,1,1,1
2310885,1,1,2,2,1,1,1,1,1,7,1,2,2,1,1,2,2,1,1,1,2
3252030,1,1,1,2,1,1,1,1,2,0,1,1,2,1,1,2,2,1,1,1,1
8498572,1,1,2,2,1,1,1,1,1,44,1,1,1,1,1,2,2,1,1,1,1
7890253,1,1,1,2,1,1,1,1,1,2,1,1,1,1,1,2,2,1,1,1,1
6719352,1,1,1,2,1,1,1,1,9,0,1,1,2,1,1,2,2,2,1,1,1
2247655,1,1,1,1,1,1,1,1,2,0,1,1,2,1,1,2,2,1,1,2,1
7869219,1,2,2,2,1,2,2,1,9,0,1,2,6,1,1,2,2,1,1,1,2
5406305,1,1,1,2,1,1,1,1,9,0,1,1,6,1,1,2,2,1,1,1,1
9102550,1,1,1,2,1,1,1,1,1,8,1,1,2,1,1,2,2,1,1,1,1
4661408,1,1,1,2,1,1,1,1,9,0,1,1,3,1,1,2,2,1,1,1,1
4128417,1,1,1,2,1,1,1,1,9,0,1,1,2,1,1,2,2,1,1,1,1
4854129,1,2,1,2,1,1,1,1,9,0,1,1,2,1,1,2,2,1,1,1,1
9911458,1,2,2,2,1,1,1,1,9,0,1,1,1,1,2,2,2,1,1,1,1
4843996,1,1,1,2,1,1,1,1,9,0,1,1,1,1,1,2,2,1,1,1,1
2258670,1,2,2,2,1,1,1,1,9,0,1,1,2,1,1,2,2,1,1,1,1
5905077,1,1,1,2,1,1,1,1,9,0,1,1,1,1,1,2,2,1,1,1,1
1963130,1,1,1,2,1,1,1,1,9,0,1,1,1,1,1,2,2,1,1,1,1
6004269,1,1,1,2,1,1,1,1,9,0,1,1,3,1,1,2,2,2,1,1,1
1758912,1,1,1,2,1,1,1,1,9,0,2,2,3,1,1,2,2,1,1,1,1
8326723,1,1,1,2,1,1,1,1,9,0,1,1,6,1,1,2,2,1,1,1,2
1738465,1,1,1,2,1,1,1,1,9,0,1,1,6,1,1,2,2,1,1,1,1
3953329,1,1,1,2,1,1,1,1,9,0,1,1,1,1,1,2,2,1,1,1,1
6726230,1,1,1,1,1,1,1,1,2,0,1,1,1,1,1,1,1,1,1,1,1
5274148,1,1,1,1,1,1,2,1,2,0,1,2,6,1,1,1,1,1,1,1,2
7281157,1,1,2,1,1,1,2,1,9,0,1,2,4,1,2,2,2,2,1,1,1
2118344,1,1,2,2,1,1,2,1,9,0,1,1,1,1,1,2,2,1,1,1,1
2325909,1,2,2,1,1,1,1,1,2,0,1,1,6,1,1,2,2,2,1,1,2
2995074,1,1,1,2,1,1,1,1,2,0,1,1,1,1,1,2,2,1,1,1,1
6894529,1,1,2,2,1,1,1,1,1,19,1,1,1,1,1,2,2,1,1,1,1
2465804,1,1,1,2,1,1,1,1,1,33,1,1,1,1,1,2,3,1,1,1,1
8268540,1,1,1,2,1,1,2,1,2,0,1,2,3,1,1,2,2,1,1,2,2
3412381,1,1,1,2,1,2,1,1,1,12,1,1,1,1,1,2,2,1,1,1,1
2548990,1,1,1,2,1,1,1,1,1,34,1,1,2,1,1,2,2,1,1,1,1
7214177,1,1,1,2,1,1,1,1,9,0,1,1,1,1,1,2,2,1,1,1,1
3848816,1,1,1,2,1,1,1,1,2,0,1,1,1,1,1,2,2,1,1,1,1
6429263,1,1,1,2,1,1,2,1,9,0,2,2,6,1,1,2,2,1,1,1,1
3323376,1,1,2,2,1,1,1,1,9,0,1,1,1,1,1,2,2,1,1,1,1
3144363,1,1,1,2,1,1,1,1,9,0,1,2,6,1,1,2,2,1,1,1,1
1126996,1,1,2,2,1,1,2,1,9,0,1,2,2,1,1,2,2,1,1,1,1
7507974,1,1,1,2,1,1,1,2,9,0,2,2,3,1,1,2,2,1,1,1,2
6814163,1,2,1,2,1,1,1,1,9,0,1,1,1,1,1,2,2,1,1,1,1
3413183,1,1,2,2,1,1,1,1,9,0,1,1,3,1,1,2,2,1,1,1,1
1797898,1,2,2,2,1,1,1,1,9,0,1,2,1,1,1,2,2,1,1,1,1
8296114,1,1,1,2,1,1,1,1,9,0,1,2,2,1,1,2,2,1,1,1,1
6351958,1,1,2,2,1,1,2,1,9,0,1,1,2,1,1,2,2,1,1,1,1
7749304,1,1,1,2,1,1,1,1,9,0,1,1,2,1,1,2,2,1,1,1,1
2494514,1,1,1,2,1,1,1,1,9,0,1,2,1,1,2,2,2,1,1,1,1
1659652,1,1,1,2,1,1,1,1,9,0,1,1,1,1,1,2,2,1,1,1,1
8402256,1,1,1,2,1,1,1,1,9,0,1,1,5,1,1,2,2,1,1,1,1
6846802,1,1,1,2,1,1,1,1,9,0,1,1,4,1,1,2,2,1,1,1,1
4760414,1,1,2,2,1,1,1,1,9,0,1,1,6,1,1,2,2,2,1,1,1
5669468,1,1,1,1,1,2,1,1,2,0,1,1,1,2,2,1,1,2,1,1,2
3567829,1,1,1,1,1,1,1,1,9,0,1,1,2,1,1,1,1,2,1,1,1
1569985,1,1,1,2,1,1,1,1,1,18,1,1,4,1,1,2,2,1,1,1,1
7911226,1,1,1,2,1,1,1,1,2,0,1,1,1,1,1,2,2,1,1,1,1
8804136,1,2,1,2,1,1,1,1,9,0,1,1,2,1,1,2,2,1,1,1,1
4116285,1,2,2,2,1,2,2,1,2,0,1,1,3,1,1,2,2,1,1,2,2
7054889,1,1,1,2,1,1,1,1,2,0,1,1,2,1,1,2,2,1,1,1,1
9671263,1,1,1,2,1,1,1,1,1,10,1,1,1,1,1,2,2,1,1,1,1
4679673,1,1,1,2,1,1,1,1,1,10,1,1,2,1,1,2,2,1,1,1,1
5192250,1,1,2,2,1,1,2,1,2,20,1,1,5,1,1,2,3,1,1,1,1
9400910,1,1,1,2,1,1,1,1,2,0,1,1,6,1,1,2,2,1,1,1,1
4304615,1,1,1,2,1,1,1,1,2,0,1,1,2,1,1,2,2,1,1,1,1
9792384,1,1,1,1,1,1,1,1,2,0,1,2,4,1,1,1,1,2,1,1,1
1414405,1,1,1,2,1,1,1,1,1,62,1,1,2,1,1,2,3,1,1,1,1
1303435,1,1,1,2,1,1,1,1,1,22,1,1,1,1,1,2,2,1,1,1,1
9525262,1,1,2,2,1,1,1,1,9,0,1,1,2,1,1,2,2,1,1,1,1
3416496,1,1,1,2,1,1,1,1,2,0,2,2,2,1,2,1,2,1,1,1,2
9650827,1,1,1,2,1,1,1,1,9,0,1,1,1,1,1,2,2,1,1,1,1
7328915,1,1,1,2,1,1,1,1,9,0,1,1,6,1,1,2,2,1,1,1,1
3687401,1,1,1,2,1,1,1,1,9,0,1,1,2,1,1,2,2,1,1,1,1
8355171,1,1,1,2,1,1,1,1,9,0,1,1,2,1,1,2,2,1,1,1,1
7493766,1,1,2,2,1,1,1,1,9,0,1,1,1,1,1,2,2,1,1,1,1
9152790,1,2,2,2,1,1,1,1,9,0,1,2,6,1,2,2,2,1,1,1,1
9057715,1,1,1,1,1,1,1,1,2,0,1,1,2,1,1,1,1,1,1,1,1
7480035,1,1,1,2,1,1,1,1,9,0,1,1,2,1,1,2,2,1,1,1,1
3860816,1,1,2,2,1,1,1,1,9,0,1,1,3,1,1,2,2,1,1,1,1
3216315,1,1,1,2,1,1,1,1,9,0,1,1,6,1,1,2,2,1,1,1,2
2060347,1,1,1,2,1,1,1,1,9,0,1,1,2,1,1,2,2,2,1,1,1
6130930,1,1,1,2,1,1,1,1,9,0,1,1,6,1,1,2,2,1,1,1,2
7610348,1,1,1,2,1,1,1,1,9,0,1,1,1,1,1,2,2,2,1,1,1
6267208,1,1,1,2,1,1,1,1,9,0,1,1,5,1,1,2,2,2,1,1,1
8170979,1,1,2,1,1,1,1,1,2,0,1,1,2,1,1,1,1,1,1,1,1
9829271,1,1,1,2,1,1,1,1,9,0,1,1,6,1,1,2,2,1,1,1,1
2984786,1,1,2,1,1,1,1,1,9,0,1,1,1,1,1,1,1,1,1,1,1
1030091,1,1,1,1,1,1,1,1,9,0,1,1,5,1,1,1,1,2,1,1,2
3092843,1,1,1,2,1,1,2,1,1,30,1,1,1,1,1,2,2,1,1,1,1
3625401,1,1,2,2,1,1,1,1,1,19,1,1,4,1,1,2,2,1,1,1,1
1718762,1,2,2,2,1,1,2,1,1,35,1,1,1,1,2,2,2,1,1,2,1
6979163,1,2,2,1,1,1,1,1,2,0,1,1,1,1,2,2,2,1,1,1,1
8597625,1,1,1,2,1,1,1,1,1,15,1,2,2,1,1,2,2,1,1,1,1
3347368,1,1,1,2,1,1,1,1,2,0,1,1,6,1,1,2,2,1,1,1,2
1933958,1,1,2,1,1,1,1,1,1,79,1,1,1,1,1,2,2,1,1,1,1
2808694,1,1,1,1,1,1,2,1,1,61,1,1,3,1,1,2,2,1,1,1,1
1022466,1,1,2,2,1,1,2,1,9,0,1,1,6,1,1,2,2,1,1,1,1
8578560,1,1,1,2,1,1,1,1,9,0,1,1,1,1,1,2,2,1,1,1,1
9053056,1,1,1,2,1,1,1,1,9,0,1,1,6,1,1,2,2,1,1,1,1
6263131,1,2,2,2,1,1,1,1,9,0,1,2,1,1,1,2,2,1,1,1,1
1489194,1,1,1,2,1,1,1,1,9,0,1,1,1,1,1,2,2,1,1,1,1
5553910,1,1,2,2,1,1,1,1,9,0,1,1,1,1,1,2,2,1,1,1,1
8383272,1,1,1,2,1,1,2,1,9,0,1,1,1,1,1,2,2,1,1,1,1
7665940,1,1,1,1,1,1,2,1,9,0,1,1,2,1,1,2,2,1,1,1,2
3247776,1,1,1,2,1,1,2,1,9,0,1,1,2,1,1,2,2,1,1,1,1
2777635,1,1,1,2,1,1,1,1,9,0,1,1,2,1,1,1,1,2,1,1,1
6779996,1,1,2,2,1,1,1,1,9,0,1,1,5,1,1,2,2,1,1,1,1
1688315,1,1,1,2,1,1,1,1,9,0,1,1,6,1,1,2,2,1,1,1,2
4352601,1,1,1,2,1,1,1,1,9,0,1,1,3,1,1,2,2,1,1,1,1
1307651,1,1,2,1,1,1,1,1,9,0,1,1,1,1,1,1,1,2,1,1,1
3079887,1,2,1,1,1,1,1,1,2,0,1,2,1,1,2,1,1,2,2,2,2
2852155,1,1,1,1,1,1,1,1,2,0,1,1,2,1,1,1,1,1,1,1,1
9905861,1,1,1,1,1,1,1,1,2,0,1,2,1,1,2,2,2,1,1,1,2
5714816,1,2,2,2,1,1,1,1,9,0,1,2,1,1,2,2,2,2,1,1,1
4855932,1,1,1,1,1,1,1,1,1,44,1,1,5,1,1,2,2,1,1,1,1
7970995,1,1,1,1,1,1,2,1,1,75,1,1,1,1,1,2,2,1,1,1,1
3783467,1,1,1,2,1,1,1,1,1,9,1,1,3,1,1,2,2,1,1,1,1
3447894,1,1,1,2,1,1,1,1,2,0,1,1,2,1,1,2,2,1,1,1,1
7631149,1,1,2,2,1,1,1,1,2,0,1,1,2,1,1,1,1,1,1,1,2
3499661,1,1,1,2,1,1,2,1,2,0,1,1,6,1,1,2,2,1,1,1,2
6479396,1,1,1,2,1,1,1,1,9,0,1,2,5,1,2,2,2,1,1,1,1
6407718,1,1,1,2,1,1,1,1,9,0,1,1,2,1,1,2,2,2,1,1,1
1606632,1,1,1,2,1,1,1,1,9,0,1,1,2,1,1,2,2,1,1,1,1
9202938,1,1,1,2,1,1,1,1,9,0,1,1,2,1,1,2,2,2,1,1,1
1943144,1,1,1,2,1,1,1,1,9,0,1,1,6,1,1,2,2,1,1,1,2
9089261,1,1,2,2,1,1,1,1,9,0,1,1,2,1,1,2,2,1,1,1,1
1267991,1,1,1,2,1,1,1,1,9,0,1,1,1,1,1,2,2,1,1,1,1
4427191,1,1,1,2,1,1,1,1,9,0,1,1,1,1,1,2,2,1,1,1,1
1133942,1,2,1,2,1,1,1,1,9,0,1,1,1,1,1,2,2,1,1,1,1
7118372,1,1,1,2,1,1,1,1,9,0,1,1,1,1,1,2,2,1,1,1,1
1772679,1,1,1,2,1,1,1,1,9,0,1,1,5,1,1,2,2,1,1,1,1
4206155,1,1,1,2,1,1,1,1,9,0,1,1,2,1,1,2,2,1,1,1,1
1118379,1,1,2,2,1,1,1,1,9,0,1,1,3,1,1,2,2,1,1,1,1
9131596,1,1,1,2,1,1,1,1,9,0,1,1,2,1,1,2,2,1,1,1,2
1116139,1,1,1,2,1,1,1,1,9,0,1,1,2,1,1,2,1,1,1,1,1
1961414,1,1,1,2,1,1,1,1,9,0,1,1,5,1,1,2,2,1,1,1,1
4898449,1,1,2,1,1,1,1,1,2,0,1,1,6,1,2,1,1,1,1,1,2
5404364,1,1,1,2,1,1,1,1,2,0,1,1,2,1,1,1,2,1,1,1,1
2917374,1,2,2,2,1,1,1,1,9,0,1,1,5,1,1,2,2,1,1,1,1
5582604,1,1,2,1,1,1,1,1,2,0,2,2,6,1,1,2,2,1,1,1,1
6310921,1,1,1,2,1,1,1,1,9,0,1,1,2,1,1,2,2,1,1,1,1
6117397,1,1,1,1,1,1,1,1,1,73,1,1,2,1,1,2,2,1,1,1,1
2915212,1,1,1,1,1,1,1,1,1,20,1,1,2,1,1,1,1,2,1,1,1
6777908,1,1,2,2,1,1,1,1,1,6,1,1,6,1,1,2,2,1,1,1,1
2194884,1,1,1,2,1,1,1,1,1,2,1,1,1,1,2,2,2,1,1,1,1
9872013,1,1,1,2,1,1,2,1,2,0,1,1,2,1,1,2,2,1,1,1,1
3077101,1,1,2,1,1,1,2,1,1,25,1,1,2,1,1,2,2,1,1,1,1
7185135,1,1,1,2,1,1,1,1,2,0,1,1,1,1,1,1,1,1,1,1,1
3559706,1,1,1,2,1,1,1,1,1,16,1,1,5,1,1,2,2,1,1,1,1
1198343,1,1,1,2,1,1,1,1,9,0,1,1,2,1,1,2,2,1,1,1,1
1400756,1,1,2,2,1,1,1,1,9,0,1,1,5,1,1,2,2,1,1,1,1
2411900,1,1,1,2,1,1,1,1,9,0,1,1,6,1,2,2,2,1,1,1,1
3291016,1,2,2,2,1,2,1,1,9,0,2,1,1,1,2,2,2,1,1,2,2
4747136,1,1,1,2,1,1,1,1,9,0,1,1,1,1,1,2,2,2,1,1,1
5963205,1,1,1,2,1,1,1,1,9,0,1,1,6,1,1,2,2,1,1,1,2
7486229,1,1,2,2,1,1,2,1,9,0,1,1,6,1,1,2,2,1,1,1,1
6004342,1,1,1,2,1,1,1,1,9,0,1,1,2,1,1,2,2,1,1,1,1
7634909,1,1,1,2,1,1,1,1,9,0,1,1,1,1,1,2,2,1,1,1,2
9950226,1,2,2,2,1,1,1,1,9,0,1,1,3,1,1,2,2,1,1,1,1
3909481,1,2,1,2,1,1,1,1,9,0,1,1,2,1,1,2,2,1,1,1,1
5163264,1,1,2,2,1,1,1,1,9,0,1,1,1,1,1,2,2,1,1,1,1
3528830,1,1,1,2,1,1,2,1,9,0,1,1,2,1,1,2,2,1,1,1,1
5050864,1,1,1,2,1,1,1,1,9,0,1,1,2,1,1,2,2,2,1,1,1
6215214,1,1,1,2,1,1,1,1,9,0,1,1,1,1,1,2,2,2,1,1,1
5517450,1,1,1,2,1,1,1,1,9,0,1,1,2,1,1,2,2,1,1,1,1
5360420,1,1,1,1,1,1,1,1,9,0,1,1,1,1,1,1,1,1,1,1,1
5571340,1,1,1,2,1,1,1,1,9,0,1,1,2,1,1,2,2,1,1,1,1
6395467,1,1,1,2,1,1,1,1,2,0,1,1,2,1,1,2,2,1,1,1,1
3914494,1,1,1,1,1,1,1,1,1,10,1,1,1,1,1,1,1,1,1,1,1
3820617,1,1,2,2,1,1,2,1,2,0,1,1,6,1,1,2,2,1,1,1,1
4270841,1,1,1,2,1,1,1,1,1,0,1,2,2,1,1,2,2,2,1,1,1
8492355,1,1,1,1,1,1,1,1,1,78,1,1,3,1,1,2,2,1,1,1,1
5263671,1,1,1,2,1,1,1,1,1,6,1,1,1,1,1,2,3,1,1,1,1
4180327,1,1,1,2,1,1,1,1,1,49,1,1,4,1,1,2,2,1,1,1,1
2854106,1,1,1,2,1,1,1,1,1,21,1,1,3,1,1,2,2,1,1,1,1
1576486,1,1,1,2,1,1,1,1,2,0,1,1,1,1,2,1,1,1,1,1,1
3706523,1,1,1,1,1,1,1,1,1,60,1,1,2,1,1,2,3,1,1,1,1
8338533,1,1,2,2,1,1,1,1,9,0,1,1,3,1,1,2,2,1,1,1,1
6148581,1,1,2,2,1,1,1,1,9,0,1,1,1,1,1,2,2,2,1,1,1
1865171,1,1,1,2,1,1,1,1,9,0,1,2,6,1,1,2,2,1,1,1,2
6369990,1,1,1,2,1,1,2,1,9,0,1,2,1,1,1,2,2,1,1,1,1
2553304,1,1,1,2,1,1,1,1,9,0,1,1,2,1,1,2,2,1,1,1,1
4293891,1,1,1,2,1,1,1,1,9,0,1,1,1,1,1,2,2,2,1,1,1
1312028,1,1,1,2,1,1,1,1,9,0,1,1,2,1,1,2,2,1,1,1,1
7979215,1,1,1,2,1,1,1,1,9,0,1,1,1,1,1,2,2,1,1,1,1
3951778,1,1,1,2,1,1,2,1,9,0,1,2,1,1,1,2,2,1,1,1,1
3116746,1,1,1,2,1,1,1,1,9,0,1,1,1,1,1,2,2,1,1,1,1
7434876,1,1,1,2,1,1,1,1,9,0,1,1,5,1,1,2,2,1,1,1,1
9743673,1,1,1,2,1,1,1,1,9,0,1,1,2,1,1,2,2,2,1,1,1
6013211,1,1,1,2,1,1,1,1,9,0,1,1,2,1,1,2,1,2,1,1,1
4167646,1,1,2,1,1,1,1,1,9,0,1,1,2,1,1,1,1,2,1,1,2
6249299,1,1,1,1,1,1,2,1,9,0,1,2,1,1,1,1,1,1,1,1,1
6447367,1,1,1,1,1,1,1,1,9,0,1,1,5,1,1,1,1,1,1,1,2
5988154,1,1,2,1,1,1,1,1,1,147,1,1,3,1,1,2,3,1,1,2,1
4948701,1,1,1,2,1,1,1,1,1,26,1,1,2,1,1,2,2,1,1,1,1
1895174,1,1,1,2,1,1,1,1,2,0,1,1,2,1,1,2,2,1,1,1,1
6943212,1,1,1,2,1,1,1,1,2,0,1,2,1,1,1,1,1,1,1,1,2
1770554,1,1,1,2,1,1,1,1,9,0,1,1,1,1,1,2,2,1,1,1,1
2454904,1,1,1,2,1,1,1,1,1,0,1,2,6,1,2,2,2,1,1,1,1
7620821,1,2,2,2,1,1,1,1,9,0,1,1,6,1,1,2,2,1,1,1,1
9782839,1,1,2,2,1,1,1,1,9,0,1,2,1,1,1,2,2,1,1,2,2
3477708,1,1,1,2,1,1,1,1,9,0,1,2,1,1,1,2,2,1,1,1,1
2328252,1,1,1,2,1,1,1,1,9,0,1,1,5,1,1,2,2,1,1,1,1
5666487,1,1,1,2,1,1,1,1,9,0,1,2,2,1,1,2,2,2,1,1,1
5874935,1,1,1,2,1,1,1,1,9,0,1,1,1,1,1,2,2,2,1,1,1
4117343,1,1,1,2,1,1,1,1,9,0,1,1,3,1,1,2,2,1,1,1,2
7215442,1,2,1,2,1,1,1,1,9,0,1,1,6,1,1,2,2,1,1,1,1
1296295,1,1,1,2,1,1,1,1,9,0,1,2,4,1,1,2,2,1,1,1,1
9294358,1,1,1,2,1,1,1,1,9,0,1,1,2,1,1,2,2,1,1,1,1
5906372,1,1,1,2,1,1,1,1,9,0,1,1,2,1,1,2,2,1,1,1,1
6166946,1,1,1,2,1,1,1,1,9,0,1,2,5,1,1,2,2,1,1,1,1
3449472,1,1,1,2,1,1,1,1,2,0,1,1,6,1,1,2,2,1,1,1,2
7283225,1,1,1,2,1,1,1,1,2,0,1,1,2,1,2,2,2,1,1,1,1
8512727,1,2,1,2,1,1,1,1,1,22,1,1,2,1,1,2,2,1,1,1,1
3835285,1,1,1,2,1,1,1,1,1,12,1,1,2,1,1,2,2,1,1,1,1
4916180,1,1,1,2,1,1,2,1,2,0,1,1,1,1,1,2,2,1,1,1,1
8221044,1,2,2,2,1,1,2,1,2,0,1,1,1,1,1,2,2,1,1,1,1
1398050,1,1,1,2,1,2,1,1,2,0,1,1,2,1,1,2,2,1,1,1,1
4925594,1,1,1,2,1,1,1,1,9,0,1,1,1,1,1,2,2,2,1,1,1
1627191,1,1,1,2,1,1,1,1,2,0,1,1,3,1,2,2,2,1,1,1,1
9472438,1,1,1,2,1,1,1,1,2,0,1,1,1,1,1,2,2,1,1,1,1
1233490,1,2,1,2,1,1,1,1,1,74,1,1,2,1,1,2,2,1,1,1,1
5143372,1,1,1,2,1,1,2,1,9,0,1,1,6,1,1,2,2,1,1,1,1
8037245,1,1,1,1,1,1,1,1,1,74,1,1,1,1,1,2,2,1,1,1,1
2112739,1,1,1,2,1,1,1,1,9,0,1,1,4,1,1,2,2,1,1,1,2
1179149,1,2,2,2,1,1,1,1,9,0,2,1,1,1,1,2,2,1,1,1,1
3861306,1,1,1,2,1,1,2,1,9,0,1,1,6,1,1,2,2,1,1,1,1
6386163,1,1,1,2,1,1,1,1,9,0,1,1,6,1,1,2,2,1,1,1,2
7785562,1,1,1,2,1,2,1,1,9,0,1,1,2,1,1,2,2,1,1,1,1
7886507,1,1,1,2,1,1,1,1,9,0,1,1,1,1,1,2,2,1,1,1,1
5933186,1,1,1,2,1,1,1,1,9,0,1,1,6,1,1,2,2,1,1,1,1
8904970,1,1,2,2,1,1,1,1,9,0,1,2,1,1,1,2,2,2,1,1,1
2419734,1,1,1,2,1,1,1,1,9,0,1,1,2,1,1,2,2,1,1,1,1
2612611,1,1,1,2,1,1,1,1,1,27,1,1,2,1,1,2,2,1,1,1,1
3020821,1,2,1,2,1,1,1,1,9,0,1,1,2,1,1,2,2,1,1,1,1
7755644,1,1,1,1,1,1,1,1,9,0,1,2,1,1,1,1,1,2,1,1,1
7370977,1,1,1,1,1,1,1,1,1,110,1,1,2,1,1,2,2,1,1,1,1
5661100,1,1,1,2,1,1,1,1,2,0,1,1,2,1,1,2,2,1,1,1,1
2035746,1,1,1,2,1,1,1,1,1,0,1,1,5,1,1,2,2,1,1,1,1
9661057,1,1,1,1,1,1,1,1,2,0,1,1,1,1,1,1,1,1,1,1,1
5534969,1,1,1,2,1,1,1,1,1,20,1,1,4,1,1,2,2,1,1,1,1
5568164,1,1,2,2,1,1,2,1,1,25,1,1,2,1,1,2,2,1,1,1,1
9035432,1,1,1,1,1,1,1,1,2,0,1,1,6,1,1,2,2,1,1,1,1
2321004,1,1,1,1,1,1,1,1,9,0,1,2,1,1,1,1,1,1,1,1,1
8114135,1,1,1,1,1,1,1,1,2,0,1,2,3,1,1,2,2,1,1,1,1
6678433,1,1,2,2,1,1,1,1,9,0,1,1,2,1,1,2,2,1,1,1,1
4419758,1,1,1,2,1,1,1,1,9,0,1,1,1,1,1,2,2,1,1,1,1
7307032,1,2,1,2,1,1,1,1,9,0,1,1,2,1,1,2,2,1,1,1,1
8644952,1,1,1,2,1,1,1,1,9,0,1,1,2,1,1,2,2,1,1,1,1
1752592,1,1,1,2,1,1,2,1,9,0,1,1,2,1,1,2,2,1,1,1,1
5433605,1,1,1,2,1,1,1,1,9,0,1,1,3,1,1,2,2,2,1,1,1
7292707,1,1,1,2,1,1,1,1,9,0,1,1,1,1,1,2,2,1,1,1,1
8990937,1,2,2,2,1,1,1,1,9,0,1,1,1,1,1,2,2,1,1,1,1
2464820,1,1,1,2,1,1,1,1,9,0,1,1,2,1,1,2,2,2,1,1,1
4857165,1,1,2,2,1,1,1,1,9,0,1,1,3,1,1,2,2,1,1,1,1
1685893,1,1,1,2,1,1,1,1,9,0,1,1,1,1,1,2,2,1,1,1,1
7332865,1,1,1,2,1,1,2,1,9,0,1,1,1,1,1,2,2,2,1,1,1
1352434,1,1,1,2,1,1,2,1,9,0,1,2,3,1,1,2,2,1,1,1,1
4931706,1,2,2,2,1,1,1,1,9,0,1,1,6,1,1,2,2,2,1,1,1
2218028,1,1,1,2,1,1,1,1,9,0,1,1,1,1,1,2,2,1,1,1,1
1838271,1,1,1,2,1,1,1,1,9,0,1,1,2,1,1,2,2,1,1,1,1
1456990,1,1,1,1,1,1,1,1,9,0,1,1,2,1,1,2,2,1,1,1,1
2204860,1,1,1,2,1,1,1,1,1,28,1,1,1,1,1,2,2,1,1,1,1
3837379,1,1,1,1,1,1,1,1,1,55,1,1,2,1,1,2,2,1,1,2,1
2162195,1,1,1,2,1,1,1,1,1,20,1,1,5,1,1,2,2,1,1,1,1
5137553,1,1,1,1,1,1,1,1,1,146,1,1,2,1,1,2,2,1,1,1,1
5742651,1,1,1,2,1,1,1,1,2,0,1,2,1,1,2,2,2,1,1,1,1
7382632,1,1,1,2,1,1,1,1,2,0,1,1,2,1,1,2,2,1,1,1,1
5492823,1,1,1,1,1,1,1,1,2,0,1,1,2,1,1,1,1,1,1,1,1
3886177,1,1,1,1,1,1,1,1,2,0,1,2,5,1,1,1,3,1,1,1,2
3308633,1,1,1,1,1,1,1,1,9,0,1,1,2,1,1,1,1,1,1,1,1
5706625,1,1,2,2,1,1,1,1,9,0,1,2,6,1,1,2,2,1,1,1,1
5613260,1,1,1,1,1,1,1,1,9,0,1,1,1,1,1,1,1,2,1,1,1
8111315,1,1,1,2,1,1,2,1,9,0,1,1,2,1,1,2,2,1,1,1,1
1666076,1,1,1,2,1,1,1,1,9,0,1,1,1,1,1,2,2,1,1,1,1
6382512,1,1,1,2,1,1,1,1,9,0,1,1,1,1,1,2,2,1,1,1,1
9389803,1,1,1,2,1,1,1,1,9,0,1,1,2,1,1,2,2,2,1,1,1
3712866,1,1,1,2,1,1,1,1,9,0,1,1,1,1,1,2,2,1,1,1,1
2212645,1,1,1,2,1,1,1,1,9,0,1,1,6,1,2,2,2,1,1,1,1
4396974,1,1,1,2,1,1,1,1,9,0,1,1,2,1,1,2,2,1,1,1,1
5792563,1,1,1,2,1,1,1,1,9,0,1,1,2,1,1,2,2,1,1,1,1
1106047,1,1,1,2,1,1,1,1,9,0,1,1,1,1,1,2,2,1,1,1,1
8523951,1,1,1,2,1,1,1,1,1,56,1,1,3,1,2,2,2,1,1,1,1
7679563,1,1,1,1,1,1,1,1,1,40,1,1,2,1,1,2,2,1,1,1,1
5722409,1,1,2,1,1,1,2,1,1,17,1,1,6,1,1,2,3,1,1,1,1
9107605,1,1,2,2,1,1,1,1,2,0,1,2,6,1,1,2,2,1,1,1,1
2635573,1,1,1,2,1,1,1,1,1,42,1,1,1,1,1,2,2,1,1,1,1
1272782,1,2,2,2,1,1,1,1,1,35,1,1,1,1,2,2,2,1,1,1,2
9995704,1,1,1,1,1,1,1,1,2,0,1,2,1,1,1,1,1,2,1,1,1
3646707,1,2,2,1,1,1,1,1,1,60,1,1,3,1,1,2,3,1,1,1,1
1498326,1,1,1,2,1,1,1,1,9,0,1,1,2,1,1,2,2,1,1,1,1
5702508,1,1,1,2,1,1,1,1,1,17,1,1,2,1,1,2,2,1,1,1,1
3098071,1,1,1,2,1,1,1,1,9,0,1,1,5,1,1,2,2,1,1,1,1
5214479,1,1,2,2,1,1,1,1,9,0,1,1,2,1,1,2,2,1,1,1,1
8182605,1,1,1,2,1,1,1,1,9,0,1,1,5,1,1,2,2,1,1,1,1
3353046,1,1,1,2,1,1,1,1,9,0,1,1,3,1,1,2,2,1,1,1,1
8706216,1,1,1,2,1,1,1,1,9,0,1,1,5,1,1,2,2,1,1,1,1
5873009,1,2,1,2,1,1,1,1,9,0,1,1,1,1,1,2,2,1,1,1,1
4896199,1,1,1,2,1,1,1,1,9,0,1,1,2,1,1,2,2,1,1,1,1
5410019,1,1,1,2,1,1,1,1,9,0,1,1,1,1,1,2,2,1,1,1,1
1673628,1,1,1,2,1,1,2,1,9,0,1,1,1,1,1,2,2,1,1,1,1
2818308,1,1,1,2,1,1,1,1,9,0,1,1,1,1,1,2,2,2,1,1,1
7878276,1,2,1,2,1,1,1,1,9,0,1,1,2,1,1,2,2,1,1,1,1
8394767,1,1,1,2,1,1,1,1,9,0,1,1,3,1,1,2,2,2,1,1,1
2900490,1,1,1,2,1,1,1,1,9,0,1,1,2,1,1,2,2,1,1,1,1
1917101,1,1,1,2,1,1,1,1,9,0,1,1,2,1,1,2,2,1,1,1,2
8482618,1,1,2,2,1,1,1,1,9,0,1,1,2,1,1,2,2,1,1,1,1
2981421,1,1,1,2,1,1,1,1,1,0,1,1,2,1,1,2,2,1,1,1,2
8178507,1,1,2,2,2,1,1,1,1,6,1,1,3,1,1,2,2,1,1,1,1
1296093,1,1,1,2,1,1,2,1,9,0,1,2,6,1,1,2,2,1,1,1,1
2922615,1,1,1,2,1,1,1,1,2,0,1,1,1,1,1,2,2,1,1,1,1
4274921,1,1,1,1,1,1,1,1,1,180,1,1,2,1,1,2,2,1,1,1,1
6544858,1,1,1,2,1,1,1,1,1,36,1,1,4,1,1,2,2,1,1,1,1
8187970,1,1,2,1,1,1,2,1,9,0,1,1,2,1,1,1,1,1,1,1,1
4376869,1,1,1,1,1,1,1,1,2,0,1,1,1,1,1,1,1,1,1,1,1
9516926,1,1,1,2,1,1,1,1,2,0,1,1,1,1,1,2,2,1,1,1,1
3895183,1,1,2,1,1,1,1,1,1,30,1,1,2,1,1,2,3,1,1,1,1
6726226,1,1,1,2,1,1,1,1,9,0,1,1,3,1,1,2,2,1,1,1,1
3959767,1,1,1,2,1,1,1,1,9,0,1,1,1,1,1,2,2,1,1,1,1
6016995,1,2,2,2,1,1,1,1,9,0,1,1,1,1,1,2,2,2,1,1,1
5437720,1,1,1,2,1,1,1,1,9,0,1,1,1,1,1,2,2,2,1,1,1
8006033,1,2,2,2,1,1,1,1,9,0,1,1,1,1,1,2,2,2,1,1,1
5216242,1,1,1,2,1,1,1,1,1,23,1,1,2,1,1,2,2,1,1,1,1
4248227,1,1,1,2,1,1,1,1,1,20,1,1,1,1,1,2,2,1,1,1,1
9466793,1,1,1,2,1,1,1,1,1,25,1,2,2,1,1,2,2,1,1,1,1
3048866,1,1,1,2,1,1,1,1,2,0,1,1,3,1,2,2,2,1,1,1,1
5261615,1,1,1,2,1,1,1,1,2,0,1,1,2,1,1,2,2,1,1,1,1
6123823,1,1,1,2,1,1,1,1,9,0,1,2,6,1,1,2,2,1,1,1,1
3001330,1,1,1,2,1,1,1,1,9,0,1,1,2,1,1,2,2,1,1,1,1
6344271,1,1,1,2,1,1,2,1,9,0,1,1,3,1,1,2,2,1,1,1,1
7881446,1,1,2,2,1,1,2,1,9,0,1,2,1,1,1,2,2,1,1,1,1
8793667,1,1,1,2,1,1,1,1,9,0,1,1,2,1,1,2,2,1,1,1,1
2553058,1,1,1,1,1,1,2,1,9,0,1,1,1,1,1,1,1,1,1,1,1
6102244,1,1,1,2,1,1,2,1,9,0,1,1,2,1,1,2,2,2,1,1,2
6637024,1,1,2,1,1,1,1,1,2,0,1,1,1,1,1,2,2,1,1,1,1
6824094,1,1,1,1,1,1,1,1,1,137,1,1,1,1,1,2,2,1,1,1,1
6116666,1,1,1,1,1,1,1,1,2,0,1,1,5,1,1,2,3,1,1,1,1
7795583,1,2,2,2,1,1,1,1,9,0,1,1,3,1,1,2,2,2,1,1,1
9938605,1,1,1,2,1,1,1,1,9,0,1,1,3,1,1,2,2,2,1,1,1
5868048,1,1,2,2,1,2,2,1,9,0,1,2,6,1,1,2,2,2,1,1,2
3956203,1,1,1,2,1,1,1,1,9,0,1,1,1,1,1,2,2,1,1,1,1
3179881,1,1,1,2,1,1,1,1,9,0,1,1,2,1,1,2,2,1,1,1,1
7806829,1,2,1,2,1,1,1,1,9,0,1,1,4,1,1,2,2,2,1,1,1
6561953,1,1,1,2,1,1,1,1,1,18,1,1,2,1,1,2,2,1,1,1,1
3157773,1,1,1,1,1,1,1,1,2,0,1,2,6,1,1,2,2,2,1,1,1
1354151,1,1,1,2,1,1,1,1,9,0,1,1,2,1,1,2,2,1,1,1,1
1664430,1,1,1,1,1,1,1,1,2,0,1,1,6,1,1,1,1,2,1,1,1
6704392,1,1,1,2,1,1,1,1,2,0,1,1,6,1,1,2,2,1,1,1,2
4710764,1,1,2,1,1,1,1,1,1,30,1,1,2,1,1,2,2,1,1,1,1
3668612,1,2,2,2,1,1,2,1,1,30,1,1,6,1,1,2,3,1,1,2,1
5586389,1,1,1,2,1,1,1,1,2,0,1,1,6,1,1,2,2,1,1,1,2
2177407,1,1,1,2,1,1,1,1,2,0,1,1,2,1,1,2,2,1,1,1,1
3527434,1,1,2,2,1,1,2,1,1,56,1,1,2,1,1,2,2,1,1,1,1
9841424,1,1,1,2,1,1,1,1,9,0,1,1,4,1,1,2,2,1,1,1,1
4072337,1,1,2,2,1,1,1,1,9,0,1,1,1,1,1,2,2,1,1,2,1
7368502,1,1,1,2,1,1,1,1,9,0,1,1,3,1,1,2,2,1,1,1,2
2510109,1,1,1,2,1,1,1,1,9,0,1,1,1,1,1,2,2,1,1,1,1
6586562,1,2,1,2,1,1,1,1,9,0,1,1,6,1,1,2,2,1,1,1,1
7270669,1,1,1,2,1,1,1,1,9,0,1,1,2,1,1,2,2,1,1,1,1
7210665,1,1,1,2,1,1,1,1,9,0,1,1,2,1,1,2,2,2,1,1,1
1201146,1,1,2,2,1,1,1,2,9,0,1,2,4,1,1,2,2,1,1,1,2
4323376,1,1,1,2,1,1,1,1,9,0,1,1,3,1,1,2,2,1,1,1,1
8219337,1,1,1,2,1,1,1,1,9,0,1,1,2,1,1,2,2,1,1,1,1
3782091,1,1,1,2,1,1,1,1,9,0,1,1,4,1,1,2,2,1,1,1,1
1997968,1,1,1,2,1,1,1,1,9,0,1,1,1,1,1,2,2,1,1,1,1
9165827,1,1,1,2,1,1,1,1,9,0,1,1,3,1,1,2,2,2,1,1,1
4642004,1,1,1,1,1,1,1,1,2,0,1,2,2,1,1,1,1,1,1,1,1
3266720,1,1,1,2,1,1,2,1,9,0,1,1,1,1,1,2,2,1,1,1,1
9350703,1,1,1,2,1,1,1,1,9,0,1,1,2,1,1,2,2,2,1,1,1
5333490,1,1,1,1,1,1,1,1,2,0,1,2,2,1,1,1,1,1,1,1,1
2344092,1,1,1,2,1,1,2,1,9,0,1,2,2,1,1,2,2,1,1,1,1
4674017,1,1,2,1,1,1,1,1,9,0,1,2,1,1,1,1,1,2,1,1,1
1269696,1,1,1,2,1,1,1,1,1,16,1,1,2,1,1,2,2,1,1,1,1
4603236,1,1,1,2,1,1,1,1,1,40,1,1,2,1,2,2,2,1,1,1,1
8203390,1,1,1,2,1,1,1,1,2,0,1,1,1,1,1,2,2,1,1,1,1
1081208,1,1,2,2,1,1,1,1,1,41,1,1,2,1,1,2,2,1,1,1,1
6101635,1,1,1,2,1,1,1,1,2,0,1,2,2,1,1,2,2,1,1,1,1
8188749,1,2,2,2,1,1,2,2,2,0,1,1,4,1,1,2,2,1,1,1,2
4359757,1,1,1,2,1,2,1,1,1,39,1,1,2,1,1,2,2,1,1,1,1
1542986,1,1,2,2,1,1,2,1,2,0,1,1,2,1,1,2,2,1,1,1,2
2489372,1,1,1,2,1,1,1,1,9,0,1,1,1,1,1,2,2,2,1,1,1
9943603,1,1,1,2,1,1,1,1,9,0,1,1,2,1,1,2,2,2,1,1,1
1294104,1,1,2,1,1,1,1,1,9,0,1,1,2,1,1,1,1,1,1,1,1
1371055,1,1,1,2,1,1,1,1,9,0,1,1,1,1,1,2,2,1,1,1,1
6002698,1,2,2,2,1,1,1,1,1,30,1,1,1,1,1,2,2,1,1,1,1
3928664,1,1,1,2,1,1,1,1,1,23,1,1,2,1,1,2,2,1,1,1,1
3242467,1,1,1,2,1,1,1,1,9,0,1,2,6,1,1,2,2,1,1,1,1
1957630,1,2,2,2,1,1,2,1,9,0,1,1,6,1,1,2,2,1,1,1,1
5030756,1,1,2,2,1,1,1,1,9,0,1,1,2,1,1,2,2,1,1,1,1
9756818,1,1,1,1,1,1,1,1,9,0,1,1,6,1,1,2,2,2,1,1,1
5007593,1,1,1,2,1,1,1,1,9,0,1,1,6,1,1,2,2,1,1,1,2
5739919,1,1,1,2,1,1,1,1,9,0,1,1,2,1,1,2,2,2,1,1,1
4754230,1,1,1,2,1,1,1,1,9,0,1,1,1,1,1,2,2,1,1,1,1
3207494,1,1,1,2,1,1,1,1,9,0,1,1,1,1,1,2,2,1,1,1,1
9252407,1,2,2,2,1,1,1,1,9,0,1,1,3,1,1,2,2,1,1,1,1
6142185,1,1,1,1,1,1,1,1,9,0,1,1,6,1,1,1,1,1,1,1,1
5014435,1,2,1,2,1,1,1,1,2,0,1,1,2,1,2,2,2,1,1,1,1
5643069,1,2,2,1,1,1,1,1,2,0,1,1,2,1,1,2,2,1,1,1,1
3928543,1,1,1,1,1,1,1,1,1,133,1,1,1,1,1,1,3,1,1,1,1
6689838,1,1,2,2,1,1,1,1,1,60,1,2,1,1,2,2,2,1,1,1,2
8570899,1,1,1,2,1,1,1,1,9,0,1,1,2,1,1,2,2,1,1,1,1
3251576,1,1,1,1,1,1,1,1,1,70,1,1,1,1,1,2,3,1,1,1,1
1098336,1,1,1,2,1,1,1,1,1,51,1,1,4,1,1,2,2,1,1,1,1
5590055,1,1,1,2,1,1,2,1,2,0,1,1,6,1,1,2,2,1,1,1,1
2765006,1,1,1,2,1,1,1,1,2,0,1,2,1,1,1,2,1,1,1,1,1
2771212,1,1,2,2,1,1,1,1,2,0,1,2,2,1,1,2,2,1,1,1,1
6981495,1,1,2,2,1,1,1,1,9,0,1,1,1,1,1,2,2,1,1,1,1
3410544,1,2,2,2,1,1,2,1,9,0,1,1,5,1,1,2,2,1,1,1,2
2862818,1,1,1,2,1,1,1,1,9,0,1,1,2,1,1,2,2,2,1,1,1
4277654,1,1,1,2,1,1,1,1,9,0,1,1,1,1,1,2,2,1,1,1,1
3041770,1,1,1,2,1,1,1,1,9,0,1,1,6,1,1,2,2,1,1,1,2
1566265,1,2,1,2,1,1,1,1,9,0,1,1,3,1,1,2,2,1,1,1,1
3409343,1,1,1,2,1,1,1,1,9,0,1,1,2,1,1,2,2,1,1,1,1
3099148,1,1,1,2,1,1,1,1,9,0,1,1,2,1,1,2,2,1,1,1,1
3082285,1,1,1,2,1,1,1,1,9,0,1,1,1,1,1,2,2,1,1,1,1
1999473,1,1,1,2,1,1,1,1,9,0,1,1,6,1,1,2,2,1,1,1,2
8574309,1,1,2,2,1,1,1,1,9,0,1,2,6,1,1,2,2,1,1,1,1
9241834,1,2,2,2,1,1,1,1,9,0,1,1,3,1,1,2,2,2,1,1,2
3693558,1,1,2,2,1,1,1,1,9,0,1,1,4,1,1,2,2,2,1,1,1
6480007,1,1,1,1,1,1,1,1,9,0,1,1,5,1,1,1,1,1,1,1,1
6818519,1,2,2,2,1,1,2,1,9,0,1,2,6,1,1,2,2,1,1,1,1
1274404,1,1,1,1,1,1,1,1,9,0,1,1,1,1,1,1,1,2,1,1,1
8544400,1,1,1,1,1,1,1,1,2,0,1,2,1,1,1,1,1,2,1,1,2
5947348,1,1,1,1,1,1,1,1,2,0,1,1,2,1,1,1,1,1,1,1,1
1841916,1,1,1,2,1,1,2,1,2,0,1,1,2,1,1,2,2,1,1,1,1
7476203,1,1,1,2,1,1,1,1,1,33,1,1,5,1,1,2,2,1,1,1,1
4571575,1,1,1,2,1,1,1,1,1,41,1,1,2,1,1,2,2,1,1,1,1
5435935,1,1,1,2,1,1,1,1,1,1,1,1,4,1,1,2,2,1,1,1,1
2665309,1,1,1,2,1,1,1,1,2,0,1,1,4,1,1,2,2,1,1,1,1
6081954,1,1,1,2,1,1,1,1,1,15,1,1,2,1,1,2,2,1,1,1,1
6694733,1,1,1,2,1,1,1,1,9,0,1,1,2,1,1,2,2,1,1,1,1
1032195,1,1,1,2,1,1,2,1,9,0,1,2,6,1,1,2,2,1,1,1,1
1944047,1,1,1,2,1,1,1,1,9,0,1,1,2,1,1,2,2,1,1,1,1
8601160,1,1,1,2,1,1,1,1,9,0,1,1,1,1,1,2,2,1,1,1,1
2392691,1,1,1,2,1,1,1,1,9,0,1,1,6,1,1,2,2,1,1,1,1
9402479,1,1,2,2,1,1,1,1,9,0,1,1,2,1,1,2,2,1,1,1,1
6061799,1,1,1,2,1,1,1,1,9,0,1,2,4,1,1,2,2,1,1,1,1
7713114,1,1,1,2,1,1,1,1,9,0,1,1,2,1,1,2,2,1,1,1,1
4191050,1,1,1,2,1,1,1,1,9,0,1,1,1,1,1,2,2,1,1,1,1
2319635,1,1,1,2,1,1,1,1,9,0,1,2,1,1,1,2,2,1,1,1,1
8000013,1,1,1,2,1,1,1,1,9,0,1,1,1,1,1,2,2,2,1,1,1
9732052,1,1,1,2,1,1,1,1,9,0,1,1,1,1,1,2,2,1,1,1,1
6093651,1,1,1,2,1,1,1,1,9,0,1,1,2,1,1,2,2,2,1,1,1
5878162,1,1,1,2,1,1,1,1,9,0,1,1,1,1,1,2,2,2,1,1,1
4548238,1,1,1,2,1,1,1,1,9,0,1,1,1,1,1,2,2,2,1,1,1
8693316,1,2,1,2,1,1,1,1,9,0,1,2,2,1,1,2,2,1,1,1,1
4010873,1,1,2,2,1,1,2,1,9,0,1,1,2,1,1,2,2,1,1,1,1
3903328,1,1,1,2,1,1,1,1,9,0,1,1,2,1,1,2,2,1,1,1,1
6118955,1,1,2,2,1,1,1,1,9,0,1,1,2,1,1,2,2,1,1,1,1
6019751,1,1,1,2,1,1,1,1,9,0,1,2,1,1,1,2,2,1,1,1,1
1328638,1,1,1,2,1,1,1,1,2,0,1,1,6,1,1,1,3,1,1,2,2
3706841,1,1,2,2,1,1,1,1,9,0,1,1,2,1,1,2,2,2,1,1,1
1065317,1,1,2,1,1,1,1,1,9,0,1,1,1,1,1,1,1,1,1,1,1
4358574,1,1,1,1,1,1,1,1,2,0,1,1,5,1,1,2,2,1,1,1,1
7777595,1,1,2,1,1,1,1,1,2,0,1,2,2,1,1,2,2,1,1,1,1
4797549,1,1,1,2,1,1,1,1,9,0,1,1,4,1,1,2,2,1,1,1,1
4250527,1,1,1,2,1,1,1,1,9,0,1,1,2,1,1,2,2,1,1,1,1
9849958,1,2,2,2,1,1,2,1,9,0,1,2,4,1,1,1,2,1,1,1,2
8386799,1,1,1,2,1,1,1,1,9,0,1,1,2,1,1,2,2,1,1,1,1
3190968,1,1,1,1,1,1,1,1,9,0,1,1,4,1,1,2,2,2,1,1,1
7221134,1,1,1,2,1,1,2,1,9,0,1,1,1,1,1,2,2,1,1,1,1
4241182,1,1,1,2,1,1,1,1,9,0,1,2,4,1,1,2,2,1,1,1,2
9019297,1,1,1,2,1,1,1,1,9,0,1,1,2,1,1,2,2,1,1,1,1
2100955,1,2,2,2,1,1,1,1,1,25,1,1,1,1,2,2,2,1,1,1,1
6156417,1,1,2,2,1,1,1,1,9,0,1,1,5,1,1,2,2,1,1,1,1
2437079,1,1,1,2,1,1,1,1,9,0,1,1,6,1,1,2,2,1,1,1,1
5368291,1,1,1,2,1,1,1,1,9,0,1,1,2,1,1,2,2,1,1,1,1
9706513,1,1,1,2,1,1,1,1,9,0,1,1,1,1,1,2,2,1,1,1,1
9523556,1,1,1,2,1,1,1,1,9,0,1,1,3,1,1,2,2,2,1,1,1
9182131,1,1,1,2,1,1,1,1,9,0,1,1,3,1,1,2,2,1,1,1,1
7334278,1,2,1,2,1,1,1,1,9,0,1,1,6,1,1,2,2,1,1,1,1
6194176,1,1,1,2,1,1,2,1,9,0,1,1,2,1,1,2,2,2,1,1,1
5948665,1,2,2,2,1,1,1,1,9,0,1,1,1,1,1,2,2,2,1,1,1
9408040,1,1,1,2,1,1,1,1,9,0,1,1,1,1,1,2,2,2,1,1,1
7967841,1,2,2,2,1,1,1,1,9,0,1,1,5,1,1,2,2,1,1,1,2
1163274,1,2,2,2,1,1,1,1,9,0,1,1,6,1,1,2,2,1,1,1,1
7420987,1,1,1,1,1,1,2,1,1,102,1,1,2,1,1,2,2,1,1,1,2
2094465,1,1,1,2,1,1,1,1,9,0,1,1,1,1,1,2,2,2,1,1,1
5327638,1,1,1,1,1,1,1,1,2,0,1,2,1,1,1,1,1,1,1,1,1
3144528,1,1,1,1,1,1,2,1,1,21,1,1,4,1,1,2,2,1,1,1,1
3432159,1,1,1,2,1,1,1,1,2,0,1,1,3,1,2,2,2,1,1,1,1
5443985,1,1,1,1,1,1,1,1,1,21,1,1,2,1,2,2,2,1,1,1,1
5994124,1,1,1,2,1,1,1,1,2,0,1,1,2,1,1,2,2,1,1,1,1
5998765,1,1,2,2,1,1,1,1,1,20,1,1,2,1,1,2,2,1,1,1,1
3104308,1,1,1,2,2,1,1,1,2,0,1,1,2,1,2,2,2,2,1,1,1
1374922,1,1,2,2,1,1,1,1,1,0,1,1,2,1,1,2,2,1,1,1,1
8496292,1,1,2,2,1,1,1,1,2,0,1,1,1,1,1,2,2,1,1,1,1
8835224,1,1,1,2,1,1,1,1,1,28,1,1,3,1,1,2,3,1,1,1,1
1129430,1,1,2,1,1,1,2,1,1,70,1,1,2,1,2,2,2,1,1,1,2
5764901,1,1,1,2,1,1,1,1,9,0,1,1,5,1,1,2,2,1,1,1,1
4322642,1,1,1,2,1,1,1,1,9,0,1,1,6,1,1,2,2,1,1,1,2
3834809,1,2,1,2,1,1,1,1,9,0,1,1,1,1,1,2,2,1,1,1,1
1758479,1,1,1,2,1,1,1,1,9,0,1,1,1,1,1,2,2,1,1,1,1
5957597,1,1,1,2,1,1,1,1,9,0,1,1,4,1,1,2,2,1,1,1,2
6549090,1,1,1,2,1,1,1,1,9,0,1,1,1,1,1,2,2,1,1,1,1
9509485,1,1,1,2,1,1,1,1,9,0,1,1,2,1,1,2,2,1,1,1,1
8427150,1,1,1,2,1,1,1,1,9,0,1,1,2,1,1,2,2,2,1,1,1
8459755,1,1,1,2,1,1,1,1,9,0,1,2,2,1,1,2,2,1,1,1,1
3073542,1,1,1,1,1,1,1,1,2,0,1,1,1,1,1,2,2,1,1,1,1
9784401,1,1,1,1,1,1,1,1,1,0,1,1,3,1,1,1,1,1,1,1,1
8603308,1,1,1,1,1,1,1,1,2,0,1,1,2,1,1,2,2,1,1,1,1
4176349,1,1,2,1,1,1,1,1,1,20,1,2,2,1,1,1,1,1,1,1,1
