id,type,latitude,longitude,name,amenity,healthcare,highway,bridge,building
37610610,way,30.5572045,79.5574685,,,,unclassified,,
37610612,way,30.5404626,79.5316695,,,,trunk,,
37612844,way,30.5322274,79.5684847,Joshimath - Auli road,,,primary,,
44817250,way,30.6296897,79.5505018,,,,trunk,,
44817255,way,30.7845281,79.4910876,,,,trunk,,
223893506,way,30.8232637,79.4808915,,,,trunk,,
227069672,way,30.7413372,79.4928601,,,,service,,
227069673,way,30.7454373,79.493414,,,,service,,
227069674,way,30.7410281,79.4918026,,,,service,,
227069675,way,30.7452147,79.4953934,,,,service,,
227069676,way,30.7448933,79.4921078,,,,service,,
227069677,way,30.7452889,79.4918875,,,,service,yes,
227069678,way,30.7444383,79.4917166,,,,service,yes,
227069679,way,30.7477799,79.4931298,Matamurti - Satopanth Road,,,service,,
227069680,way,30.7448982,79.4915445,,,,service,,
227069882,way,30.7436365,79.4934188,,,,unclassified,,
227069884,way,30.7465641,79.4959177,,,,service,,
227069888,way,30.74542,79.4936962,,,,service,,
227069890,way,30.7455397,79.4952453,,,,service,,
227069893,way,30.7434838,79.493775,,,,unclassified,,
227070522,way,30.7444088,79.493027,,,,service,,
227070734,way,30.7409568,79.4927125,,,,track,yes,
227070957,way,30.7345945,79.4958362,,,,trunk,,
227070959,way,30.7125527,79.4997326,,,,trunk,,
227073688,way,30.7406772,79.4940239,,,,residential,,
227073698,way,30.7400679,79.4954599,,,,service,,
227073699,way,30.741385,79.4936792,,,,residential,,
227073720,way,30.7369049,79.4951583,,,,footway,,
227073765,way,30.7381062,79.4958757,,,,footway,,
227073939,way,30.7444586,79.4958481,,,,service,,
227073940,way,30.7442001,79.4944029,,,,service,,
227074005,way,30.7434716,79.4926457,,,,service,,
227074006,way,30.7346122,79.4934402,,,,service,,
227074018,way,30.7346405,79.4939818,,,,service,,
227074031,way,30.7337716,79.4968105,,,,service,,
227074245,way,30.7433879,79.4931493,,,,residential,,
227074246,way,30.7445639,79.4924119,,,,residential,,
227122056,way,30.7596631,79.4960253,Matamurti - Satopanth Road,,,unclassified,,
227122057,way,30.7666263,79.4981961,,,,unclassified,,
227140518,way,30.7604322,79.4936605,,,,path,,
227140519,way,30.7605138,79.493526,,,,path,,
227142121,way,30.7694972,79.4948292,,,,footway,,
227142123,way,30.7694651,79.4928438,,,,footway,,
227142124,way,30.7657708,79.4959896,,,,unclassified,,
227142460,way,30.7682225,79.4958901,,,,path,,
227142461,way,30.7686595,79.4949057,,,,path,,
227142462,way,30.767845,79.4964229,,,,path,,
227145064,way,30.7734219,79.4942142,,,,footway,,
227145065,way,30.7649987,79.4977368,,,,unclassified,,
227145066,way,30.7706297,79.4959159,,,,path,,
227145067,way,30.7721729,79.4949467,Saraswati River BhimPul Road,,,path,,
227145068,way,30.7726191,79.4952098,Ganesh Gufa Vyas Gufa Road,,,path,,
227145069,way,30.7715038,79.4954776,,,,path,,
227148459,way,30.7733953,79.4918272,Kuldevi Temple Road,,,path,,
227148460,way,30.7724201,79.4935908,,,,path,,
227148461,way,30.7771191,79.4807957,,,,path,,
227148462,way,30.7744868,79.4929091,,,,path,,
227203604,way,30.7456128,79.4905071,,,,track,,
227203611,way,30.7439847,79.4905514,,,,track,,
227203613,way,30.7449442,79.4902081,,,,track,,
227203614,way,30.7443241,79.4908305,,,,track,,
227203615,way,30.7435124,79.4901294,,,,service,,
227203618,way,30.7444603,79.4903823,,,,track,,
227203622,way,30.747389,79.4923668,,,,track,,
227203627,way,30.7437561,79.4907647,,,,track,,
227267538,way,30.7572147,79.4947744,,,,path,,
227267539,way,30.7578565,79.4945101,,,,path,,
227267540,way,30.7553848,79.4949201,,,,path,,
227342463,way,30.7543135,79.4991001,,,,footway,,
227343454,way,30.7688062,79.4976909,,,,trunk,,
227343455,way,30.7525806,79.4986176,,,,trunk,yes,
227343674,way,30.7509483,79.492686,,,,footway,,
227343676,way,30.7538211,79.4989724,,,,footway,,
227343981,way,30.7477776,79.497553,,,,footway,,
227343982,way,30.7471084,79.4972935,,,,footway,,
227343983,way,30.7507663,79.4980327,,,,footway,,
227343984,way,30.7501734,79.4978104,,,,footway,,
227345444,way,30.7423805,79.4943225,,,,service,,
227443250,way,30.7405205,79.49334,,,,footway,,
227443251,way,30.7417746,79.4909356,,,,footway,,
227443252,way,30.741476,79.4910091,,,,footway,,
227443253,way,30.7418293,79.4903741,,,,footway,,
227466381,way,30.5320657,79.7438932,,,,tertiary,yes,
227466382,way,30.5300734,79.7412623,,,,tertiary,yes,
227466389,way,30.5183905,79.5974533,Joshimath-Malari Road,,,tertiary,,
227470906,way,30.5068845,79.7172172,,,,tertiary,,
227470907,way,30.5309709,79.7426641,,,,tertiary,,
227470908,way,30.5483071,79.754317,,,,tertiary,,
227672417,way,30.7018064,79.5081288,,,,trunk,,
227672420,way,30.6949981,79.5136283,,,,trunk,yes,
227701556,way,30.7420268,79.4886803,,,,footway,,
227701560,way,30.7424303,79.4872279,,,,footway,,
227834930,way,30.7365348,79.4964862,,,,path,,
227834931,way,30.745942,79.4912974,,,,track,,
227834932,way,30.7361972,79.4954331,,,,path,,
227834933,way,30.7363153,79.497788,,,,path,,
227834934,way,30.7456567,79.5073233,,,,path,,
227834935,way,30.7350103,79.4912959,,,,path,,
227834936,way,30.7388075,79.497396,,,,path,,
227834937,way,30.7398674,79.4994903,,,,path,,
227834938,way,30.7369117,79.4958358,,,,path,,
227834939,way,30.7399074,79.4911786,,,,track,,
227834940,way,30.7338559,79.4949592,,,,path,,
227834941,way,30.7482165,79.5081788,,,,path,,
227834943,way,30.7371072,79.4962029,,,,path,,
227834944,way,30.7399592,79.4907291,,,,track,,
227953641,way,30.6799516,79.512908,,,,trunk,,
227953654,way,30.664909,79.5173721,,,,trunk,yes,
227953724,way,30.6680276,79.5154005,,,,service,,
227953726,way,30.6958622,79.5141706,,,,path,,
227953729,way,30.6893254,79.5122736,,,,path,,
227953732,way,30.6934302,79.5142519,,,,path,,
227958593,way,30.7506502,79.4931483,,,,path,,
227958594,way,30.7505841,79.4929305,,,,path,,
227958595,way,30.7496831,79.492723,,,,path,,
227960834,way,30.7399827,79.4923587,,,,path,,
227960835,way,30.741319,79.4913393,,,,service,yes,
227960836,way,30.7394145,79.4926284,,,,path,yes,
227960837,way,30.7422022,79.4911426,,,,service,,
227960838,way,30.7405193,79.4915264,,,,service,,
227960839,way,30.7407051,79.492342,,,,service,,
227960840,way,30.7396478,79.4933619,,,,path,,
227984995,way,30.7698975,79.4949217,,,,path,,
227984996,way,30.770562,79.4942525,,,,path,yes,
227990580,way,30.7430783,79.4909616,,,,service,yes,
227990581,way,30.7433139,79.4904282,,,,service,yes,
227990582,way,30.7443042,79.4913045,,,,service,,
227990583,way,30.7426765,79.4904209,,,,path,,
227990584,way,30.743208,79.4907062,,,,service,,
227992320,way,30.7470254,79.4889771,,,,path,,
227992321,way,30.7473617,79.489542,,,,path,,
229586719,way,30.6250663,79.5578009,Govindghat-Pulna,,,tertiary,yes,
232281192,way,30.6164773,79.5638823,,,,trunk,,
238241186,way,30.4979557,79.4861652,,,,trunk,,
238241202,way,30.5304333,79.5183104,,,,trunk,,
257411270,way,30.5414508,79.5590859,Joshimath - Auli road,,,primary,,
306348386,way,30.7052322,79.6028619,,,,footway,,
306348391,way,30.711594,79.5579445,,,,path,,
306348394,way,30.7156617,79.5630608,,,,path,,
306348395,way,30.7049085,79.5951233,,,,path,,
306348397,way,30.7130095,79.5597415,,,,path,,
306348400,way,30.7059013,79.5953096,,,,path,,
306348403,way,30.7047027,79.5971318,,,,footway,,
306348404,way,30.7311608,79.614865,,,,path,,
306348405,way,30.7056926,79.5992049,,,,footway,,
306348406,way,30.7143941,79.5609391,,,,path,,
306348407,way,30.7257789,79.5977875,,,,path,,
306348408,way,30.7243396,79.5916372,,,,path,,
306349660,way,30.7034253,79.6077646,,,,footway,,
306349662,way,30.6993387,79.6134718,,,,footway,,
311214299,way,30.558529,79.5650445,,,,trunk,,
315792368,way,30.5339272,79.5180332,,,,unclassified,,
315792425,way,30.5371252,79.5194728,,,,unclassified,,
315792618,way,30.539793,79.526891,,,,unclassified,,
315792706,way,30.5350661,79.5263331,,,,unclassified,,
315792775,way,30.5341766,79.5282911,,,,unclassified,,
315793249,way,30.5218202,79.5223527,,,,unclassified,,
315793339,way,30.5681303,79.5514975,,,,unclassified,,
315793560,way,30.5639548,79.5436656,,,,unclassified,,
315793623,way,30.5667241,79.5439747,,,,unclassified,,
315793907,way,30.5721222,79.551853,,,,unclassified,,
315794263,way,30.5801082,79.5493132,,,,unclassified,,
316618379,way,30.524605,79.5036049,,,,trunk,,
316618663,way,30.5299228,79.489973,,,,unclassified,,
366499729,way,30.6496496,79.5315179,,,,trunk,,
367599717,way,30.6244793,79.5592706,Govindghat-Pulna,,,tertiary,,
445632415,way,30.5310177,79.5658476,,,,track,,
445632416,way,30.5263045,79.5649002,,,,track,,
445632417,way,30.5288597,79.5630627,,,,track,,
445632418,way,30.5258461,79.5646475,,,,track,,
445632419,way,30.5297377,79.5619771,,,,track,,
445632420,way,30.529521,79.5679467,,,,track,,
445632421,way,30.528378,79.568596,,,,track,,
445632422,way,30.5286048,79.5683731,,,,track,,
445632802,way,30.5336771,79.5812393,,,,track,,
445632803,way,30.5326106,79.5727917,,,,track,,
445632804,way,30.5398687,79.5735871,,,,track,,
445633983,way,30.5333952,79.5804695,,,,footway,,
445633984,way,30.5335072,79.5828567,,,,footway,,
445633985,way,30.533126,79.5803515,,,,footway,,
445633986,way,30.5343859,79.5860696,,,,footway,,
445635164,way,30.5631109,79.5761131,,,,trunk,yes,
445635165,way,30.5932946,79.5701716,,,,trunk,,
449607485,way,30.5372585,79.5270144,,,,unclassified,,
449772503,way,30.5259036,79.5021246,,,,unclassified,yes,
449772504,way,30.5254868,79.5033444,,,,unclassified,,
510095065,way,30.7820281,79.4625123,,,,path,,
510095068,way,30.7826329,79.4613484,,,,path,,
510178272,way,30.6258786,79.5620139,,,,path,,
510183860,way,30.6911155,79.5921333,,,,footway,,
510183863,way,30.6962255,79.5901693,,,,path,,
510183864,way,30.6958204,79.5900199,,,,path,,
510183865,way,30.6971839,79.5906739,,,,path,,
516692344,way,30.5545813,79.5710146,,,,unclassified,,
516695465,way,30.7162352,79.5924869,,,,path,,
516695466,way,30.7059268,79.5963033,,,,path,,
516701944,way,30.625377,79.5562567,,,,tertiary,,
516889255,way,30.6998763,79.6131874,,,,steps,,
516889256,way,30.6992536,79.6146457,,,,footway,,
575156686,way,30.5005734,79.5715757,Auli to Forest Camp,,,path,,
575156687,way,30.5519519,79.5571448,Joshimath - Auli road,,,primary,,
603970389,way,30.7698883,79.4952751,,,,path,yes,
603979617,way,30.7830474,79.4621178,,,,path,,
604046311,way,30.7803454,79.434219,,,,path,,
604109313,way,30.775402,79.4511473,,,,path,,
604232334,way,30.7564011,79.3844447,,,,path,,
636372249,way,30.7773945,79.4925653,,,,trunk,yes,
636372250,way,30.7768078,79.493704,,,,trunk,,
636372256,way,30.5830104,79.5706124,,,,trunk,yes,
636372257,way,30.5746726,79.5750968,,,,trunk,,
636372258,way,30.5666498,79.5533208,,,,trunk,yes,
636372259,way,30.5651592,79.5646527,,,,trunk,,
665636061,way,30.5550004,79.5543507,Joshimath - Auli road,,,tertiary,,
683025059,way,30.5268937,79.7463829,,,,track,,
683026086,way,30.5176826,79.7369254,,,,path,,
683026087,way,30.5178859,79.7342661,,,,path,,
683026088,way,30.5167661,79.7366464,,,,path,,
683026089,way,30.5167291,79.7356801,,,,footway,yes,
683252024,way,30.5650451,79.5392588,,,,path,,
683252025,way,30.5619116,79.5366281,,,,track,,
683252026,way,30.5737648,79.5475596,,,,service,,
683252027,way,30.567429,79.5472899,,,,service,,
683252028,way,30.5833758,79.5442122,,,,tertiary,,
683252029,way,30.585159,79.5451423,,,,tertiary,yes,
683252030,way,30.5687989,79.5501913,,,,unclassified,yes,
683252031,way,30.6344694,79.5459514,,,,trunk,yes,
683252032,way,30.656259,79.5177354,,,,residential,,
683253989,way,30.5630255,79.5499568,,,,service,,
683253990,way,30.5629483,79.5496283,,,,residential,,
683253991,way,30.5615934,79.5505004,,,,residential,,
683253992,way,30.5622771,79.550921,,,,residential,,
683255388,way,30.5296199,79.5628622,,,,track,,
683255389,way,30.5340803,79.5644406,Auli to Forest Camp,,,path,,
683266503,way,30.539602,79.5258397,,,,service,,
683266504,way,30.5396091,79.5265629,,,,service,,
683266505,way,30.5394279,79.5266308,,,,service,,
683268039,way,30.7092691,79.5959915,,,,path,,
683268040,way,30.7113358,79.5959802,,,,path,yes,
683268041,way,30.6763362,79.5923868,,,,footway,yes,
683268042,way,30.6744732,79.5910436,,,,footway,,
683271080,way,30.4977914,79.4804246,,,,path,,
683271081,way,30.51506,79.4924757,,,,footway,yes,
683271082,way,30.526301,79.5082402,,,,trunk,yes,
683271083,way,30.5189419,79.4952008,,,,track,,
683271084,way,30.5182637,79.4946724,,,,track,,
683271085,way,30.5190662,79.4960267,,,,unclassified,,
684774960,way,30.7695931,79.4950286,,,,path,,
684774967,way,30.5330784,79.5178211,,,,service,,
701275350,way,30.6841491,79.5089644,,,,unclassified,,
701275351,way,30.6850772,79.5082072,,,,track,,
819236674,way,30.5955534,79.3305641,,,,path,,
819246023,way,30.6238085,79.6318027,Kankul Pass,,,path,,
819246940,way,30.7114909,79.5558027,,,,path,,
819544142,way,30.542681,79.5627887,,,,path,,
819544143,way,30.5427288,79.5632586,Joshimath - Auli road,,,primary,,
819544145,way,30.5529344,79.5598272,,,,path,,
819544148,way,30.5478482,79.5554815,,,,path,,
819544149,way,30.546704,79.5538629,Joshimath - Auli road,,,primary,,
819544150,way,30.544616,79.5578561,Joshimath - Auli road,,,primary,,
819544151,way,30.54103,79.564063,,,,path,,
819876617,way,30.5238469,79.4354656,,,,path,,
819975177,way,30.5444737,79.4518329,,,,unclassified,,
819975178,way,30.5334549,79.4573673,,,,path,,
819975179,way,30.5320442,79.4682624,,,,unclassified,,
867499093,way,30.5494008,79.5555838,Joshimath - Auli road,,,primary,,
867499094,way,30.5468545,79.5603997,Joshimath - Auli road,,,primary,,
902548208,way,30.536116,79.4609001,,,,unclassified,,
902548209,way,30.5346084,79.4620048,,,,unclassified,,
902548210,way,30.5404768,79.409067,Bangina to Saldwani Khal,,,path,,
902548211,way,30.5177496,79.4048012,,,,path,,
902548212,way,30.5289436,79.417304,Kalgoth to Saldwani Khal,,,path,,
902548213,way,30.5387049,79.4352301,Bangina to Saldwani Khal,,,path,,
904927105,way,30.5438761,79.5786972,Joshimath-Malari Road,,,tertiary,yes,
904927106,way,30.5491797,79.5725993,Joshimath-Malari Road,,,tertiary,,
904994315,way,30.4990171,79.6200898,,,,path,,
904994334,way,30.4962477,79.62495,,,,track,,
905375809,way,30.5160164,79.494901,,,,trunk,,
905375810,way,30.5082708,79.4915192,,,,trunk,,
905375812,way,30.5084217,79.4915779,,,,trunk,,
905375813,way,30.5083726,79.4915588,,,,trunk,yes,
905613420,way,30.5589939,79.5705592,,,,path,,
905613422,way,30.5628014,79.576351,,,,path,,
905613425,way,30.5625037,79.5760673,,,,steps,,
905664212,way,30.5558523,79.5647598,,,,unclassified,,
905664213,way,30.5568617,79.5619597,,,,unclassified,,
905664215,way,30.5386206,79.5657039,Joshimath - Auli road,,,primary,,
907813133,way,30.5045432,79.6188185,,,,track,,
907813134,way,30.5006147,79.6218414,,,,track,yes,
932201685,way,30.6743277,79.5134363,,,,unclassified,,
932201686,way,30.7742852,79.4929732,,,,path,yes,
1020768830,way,30.7579759,79.4992629,,,,trunk,,
1149436559,way,30.5196874,79.4156711,,,,path,,
1149436560,way,30.5208393,79.4182249,,,,path,yes,
1151639920,way,30.5387151,79.4572228,,,,unclassified,,
1156689805,way,30.5540492,79.5662811,Joshimath - Auli road,,,primary,,
1204467945,way,30.5559905,79.5614913,,,,service,,
1204467946,way,30.6244396,79.5573636,,,,footway,,
1204467947,way,30.5555742,79.5615197,,,,residential,,
1204467948,way,30.6251988,79.5572904,,,,steps,,
1204467949,way,30.6314814,79.5675387,Govindghat-Pulna,,,tertiary,,
1204467950,way,30.6244228,79.5575611,,,,footway,,
1204467951,way,30.622349,79.5592772,,,,unclassified,,
1204473827,way,30.6992999,79.6154382,,,,footway,,
1204473829,way,30.6262509,79.5625836,,,,path,,
1204487692,way,30.7017357,79.5943223,,,,footway,,
1204682319,way,30.677905,79.5926276,,,,footway,yes,
1204682320,way,30.6583488,79.5836077,,,,footway,,
1204687606,way,30.5558382,79.5624763,,,,footway,,
1204789665,way,30.7043977,79.5965371,,,,footway,,
1204789666,way,30.7041451,79.595794,,,,footway,yes,
1205873329,way,30.5315541,79.7405795,Suspension Bridge,,,footway,yes,
1205873330,way,30.5310342,79.7412451,,,,unclassified,,
1302307360,way,30.6251885,79.5551766,,,,tertiary,yes,
1302307361,way,30.624991,79.5550208,,,,trunk,yes,
1302307362,way,30.6226721,79.5572779,,,,trunk,,
1302307363,way,30.625524,79.5548337,,,,tertiary,,
1302307367,way,30.6203258,79.5592259,,,,trunk,yes,
1302307368,way,30.6193972,79.5609333,,,,trunk,,
1302307370,way,30.6210917,79.5596314,,,,service,,
1302307372,way,30.6068823,79.5691244,,,,track,,
1302307380,way,30.6035965,79.5706739,,,,trunk,yes,
1302307381,way,30.6091694,79.5678566,,,,trunk,,
1302307383,way,30.5800796,79.5725439,,,,trunk,yes,
1302307384,way,30.5815382,79.5717185,,,,trunk,,
1302307385,way,30.5690387,79.5774125,,,,trunk,yes,
1302307386,way,30.5659392,79.5770174,,,,trunk,,
1302307389,way,30.551938,79.5396805,,,,trunk,yes,
1302307390,way,30.554959,79.5530355,,,,trunk,,
1307422351,way,30.6773793,79.5928036,,,,footway,,
1307422353,way,30.6702569,79.5886275,,,,path,,
1307539045,way,30.7268674,79.5943219,,,,path,yes,
1307539046,way,30.7217647,79.5889576,,,,path,yes,
1307539047,way,30.7214972,79.5889785,,,,path,,
1307539050,way,30.7071257,79.5961281,,,,path,yes,
1307785417,way,30.7040271,79.5978504,,,,path,,
1307785422,way,30.699673,79.615449,,,,footway,,
1307785423,way,30.6995247,79.6154082,,,,footway,yes,
1307785424,way,30.6995742,79.614805,,,,path,yes,
1307785425,way,30.6996226,79.6151158,,,,path,,
1307785426,way,30.6994225,79.6146629,,,,path,,
1307785428,way,30.7007581,79.6119264,,,,footway,yes,
1307785429,way,30.7014227,79.611402,,,,footway,,
1338866120,way,30.7684233,79.494657,Matamurti - Satopanth Road,,,footway,,
1338867892,way,30.773835,79.4944017,Vyas Gufa Saraswati River Road,,,footway,,
1338867893,way,30.7738179,79.493807,Vyas Gufa Saraswati River Road,,,footway,,
