source_settlement_id,source_settlement,source_population_2026_est,destination_site_id,destination_site,destination_village,allocated_people,ai_score,ai_rank,distance_km,site_safe_score,site_accessibility,site_infrastructure,site_capacity_original,site_capacity_remaining_after,destination_latitude,destination_longitude,allocation_status,allocation_reason
SETTLEMENT_40832,Palla,435,7073310,Educational Facility,Pakhi,50,62.303,1.0,5.549,69.24,100.0,100.0,50,0,30.4656853,79.4513854,ALLOCATED,AI-ranked geographically verified safe site with available capacity
SETTLEMENT_40832,Palla,435,5582604,Educational Facility,Pandukaswar,100,61.655,2.0,15.332,71.23,100.0,85.0,100,0,30.633418,79.548607,ALLOCATED,AI-ranked geographically verified safe site with available capacity
SETTLEMENT_40832,Palla,435,9122080,Educational Facility,Raigari,75,60.293,3.0,13.949,69.86,100.0,90.0,75,0,30.477774,79.612045,ALLOCATED,AI-ranked geographically verified safe site with available capacity
SETTLEMENT_40832,Palla,435,9156747,Educational Facility,Langsi,62,58.855,4.0,2.213,63.47,100.0,90.0,62,0,30.4933697,79.4792409,ALLOCATED,AI-ranked geographically verified safe site with available capacity
SETTLEMENT_40832,Palla,435,1269696,Educational Facility,Pakhi,50,58.789,5.0,5.549,63.74,100.0,90.0,50,0,30.4656853,79.4513854,ALLOCATED,AI-ranked geographically verified safe site with available capacity
SETTLEMENT_40832,Palla,435,3856092,Educational Facility,Bara Gaon,62,58.464,6.0,12.327,66.72,100.0,85.0,62,0,30.521287,79.600341,ALLOCATED,AI-ranked geographically verified safe site with available capacity
SETTLEMENT_40832,Palla,435,4283719,Educational Facility,Urgam,36,58.442,7.0,3.426,53.86,40.0,75.0,125,89,30.5400882,79.4566318,ALLOCATED,AI-ranked geographically verified safe site with available capacity
SETTLEMENT_40865,Payya chormi,158,4270841,Educational Facility,Subhai,50,59.608,4.0,7.789,67.74,100.0,90.0,50,0,30.479065,79.676862,ALLOCATED,AI-ranked geographically verified safe site with available capacity
SETTLEMENT_40865,Payya chormi,158,9859864,Educational Facility,Bara Gaon,75,59.395,5.0,0.92,63.61,100.0,75.0,75,0,30.521287,79.600341,ALLOCATED,AI-ranked geographically verified safe site with available capacity
SETTLEMENT_40865,Payya chormi,158,5466335,Educational Facility,Chaien,33,57.701,7.0,8.68,68.18,100.0,100.0,37,4,30.566174,79.538058,ALLOCATED,AI-ranked geographically verified safe site with available capacity
SETTLEMENT_40824,Sailang,897,5466335,Educational Facility,Chaien,4,58.303,7.0,3.134,68.18,100.0,100.0,37,0,30.566174,79.538058,ALLOCATED,AI-ranked geographically verified safe site with available capacity
SETTLEMENT_40824,Sailang,897,4283719,Educational Facility,Urgam,89,58.037,8.0,6.869,53.86,40.0,75.0,125,0,30.5400882,79.4566318,ALLOCATED,AI-ranked geographically verified safe site with available capacity
SETTLEMENT_40824,Sailang,897,5052642,Educational Facility,Tangni Talli,37,57.549,9.0,9.231,68.18,100.0,100.0,37,0,30.477567,79.463872,ALLOCATED,AI-ranked geographically verified safe site with available capacity
SETTLEMENT_40824,Sailang,897,6188919,Educational Facility,Pandukaswar,62,57.443,11.0,10.648,63.47,100.0,90.0,62,0,30.633418,79.548607,ALLOCATED,AI-ranked geographically verified safe site with available capacity
SETTLEMENT_40824,Sailang,897,6207244,Educational Facility,Sailang,37,57.42,12.0,0.0,66.1,100.0,95.0,37,0,30.539261,79.528345,ALLOCATED,AI-ranked geographically verified safe site with available capacity
SETTLEMENT_40824,Sailang,897,2583233,Educational Facility,Paini,37,57.411,13.0,1.41,66.1,100.0,95.0,37,0,30.528091,79.521383,ALLOCATED,AI-ranked geographically verified safe site with available capacity
SETTLEMENT_40824,Sailang,897,9909530,Educational Facility,Urgam,37,56.943,14.0,6.869,65.93,100.0,85.0,37,0,30.5400882,79.4566318,ALLOCATED,AI-ranked geographically verified safe site with available capacity
SETTLEMENT_40824,Sailang,897,3602283,Educational Facility,Dhak,37,56.848,15.0,9.132,66.68,100.0,90.0,37,0,30.498861,79.6113429,ALLOCATED,AI-ranked geographically verified safe site with available capacity
SETTLEMENT_40824,Sailang,897,7070729,Educational Facility,Langsi,25,56.606,16.0,6.94,67.12,100.0,100.0,25,0,30.4933697,79.4792409,ALLOCATED,AI-ranked geographically verified safe site with available capacity
SETTLEMENT_40824,Sailang,897,9853968,Educational Facility,Topovan,25,56.185,18.0,8.547,67.12,100.0,100.0,25,0,30.4861,79.4639,ALLOCATED,AI-ranked geographically verified safe site with available capacity
SETTLEMENT_40824,Sailang,897,1022466,Educational Facility,Dhak,25,56.094,19.0,9.132,67.12,100.0,100.0,25,0,30.498861,79.6113429,ALLOCATED,AI-ranked geographically verified safe site with available capacity
SETTLEMENT_40824,Sailang,897,6630117,Educational Facility,Pandukaswar,25,55.624,20.0,10.648,67.12,100.0,100.0,25,0,30.633418,79.548607,ALLOCATED,AI-ranked geographically verified safe site with available capacity
SETTLEMENT_40824,Sailang,897,5266420,Educational Facility,Topovan,37,54.764,21.0,8.547,63.85,100.0,80.0,37,0,30.4861,79.4639,ALLOCATED,AI-ranked geographically verified safe site with available capacity
SETTLEMENT_40824,Sailang,897,6479396,Educational Facility,Langsi,25,54.741,22.0,6.94,65.62,100.0,90.0,25,0,30.4933697,79.4792409,ALLOCATED,AI-ranked geographically verified safe site with available capacity
SETTLEMENT_40824,Sailang,897,4767357,Educational Facility,Tangni Talli,37,54.713,23.0,9.231,64.43,100.0,75.0,37,0,30.477567,79.463872,ALLOCATED,AI-ranked geographically verified safe site with available capacity
SETTLEMENT_40824,Sailang,897,7245067,Educational Facility,Tapon,25,54.706,24.0,7.212,65.62,100.0,90.0,25,0,30.494761,79.473569,ALLOCATED,AI-ranked geographically verified safe site with available capacity
SETTLEMENT_40824,Sailang,897,6190652,Educational Facility,Bara Gaon,25,54.687,25.0,7.179,65.62,100.0,90.0,25,0,30.521287,79.600341,ALLOCATED,AI-ranked geographically verified safe site with available capacity
SETTLEMENT_40824,Sailang,897,6263131,Educational Facility,Tangni Malli,25,54.56,26.0,8.758,65.04,100.0,95.0,25,0,30.476768,79.472709,ALLOCATED,AI-ranked geographically verified safe site with available capacity
SETTLEMENT_40824,Sailang,897,8338533,Educational Facility,Chaien,25,54.553,27.0,3.134,64.87,100.0,85.0,25,0,30.566174,79.538058,ALLOCATED,AI-ranked geographically verified safe site with available capacity
SETTLEMENT_40824,Sailang,897,3716848,Educational Facility,Gulabkoti,25,54.506,28.0,5.216,64.87,100.0,85.0,25,0,30.5046348,79.4916067,ALLOCATED,AI-ranked geographically verified safe site with available capacity
SETTLEMENT_40824,Sailang,897,3045824,Educational Facility,Pandukaswar,37,54.104,29.0,10.648,63.85,100.0,80.0,37,0,30.633418,79.548607,ALLOCATED,AI-ranked geographically verified safe site with available capacity
SETTLEMENT_40824,Sailang,897,1594739,Educational Facility,Raini Chak Lata,50,53.9,30.0,16.924,63.74,100.0,90.0,50,0,30.488322,79.694825,ALLOCATED,AI-ranked geographically verified safe site with available capacity
SETTLEMENT_40824,Sailang,897,5443985,Educational Facility,Paini,25,53.631,31.0,1.41,61.62,100.0,90.0,25,0,30.528091,79.521383,ALLOCATED,AI-ranked geographically verified safe site with available capacity
SETTLEMENT_40824,Sailang,897,3604656,Educational Facility,Palla,25,53.459,32.0,6.167,63.37,100.0,75.0,25,0,30.5122953,79.4720821,ALLOCATED,AI-ranked geographically verified safe site with available capacity
SETTLEMENT_40824,Sailang,897,5553910,Educational Facility,Palla,25,53.459,33.0,6.167,63.37,100.0,75.0,25,0,30.5122953,79.4720821,ALLOCATED,AI-ranked geographically verified safe site with available capacity
SETTLEMENT_40824,Sailang,897,8873227,Educational Facility,Tugasi,25,53.179,34.0,9.211,63.54,100.0,85.0,25,0,30.4822562,79.5981038,ALLOCATED,AI-ranked geographically verified safe site with available capacity
SETTLEMENT_40824,Sailang,897,9922661,Educational Facility,Gulabkoti,25,52.536,35.0,5.216,59.37,100.0,75.0,25,0,30.5046348,79.4916067,ALLOCATED,AI-ranked geographically verified safe site with available capacity
SETTLEMENT_40824,Sailang,897,1957630,Educational Facility,Pandukaswar,21,52.487,36.0,10.648,62.79,100.0,80.0,25,4,30.633418,79.548607,ALLOCATED,AI-ranked geographically verified safe site with available capacity
SETTLEMENT_40817,Urgam,1825,8765150,Educational Facility,Fagti,25,52.101,35.0,30.599,67.12,100.0,100.0,25,0,30.55631,79.775609,ALLOCATED,AI-ranked geographically verified safe site with available capacity
SETTLEMENT_40817,Urgam,1825,1957630,Educational Facility,Pandukaswar,4,50.651,37.0,13.609,62.79,100.0,80.0,25,0,30.633418,79.548607,ALLOCATED,AI-ranked geographically verified safe site with available capacity
SETTLEMENT_40817,Urgam,1825,9911458,Educational Facility,Jalam,25,50.604,38.0,36.929,65.04,100.0,95.0,25,0,30.638213,79.825207,ALLOCATED,AI-ranked geographically verified safe site with available capacity
SETTLEMENT_40817,Urgam,1825,9829271,Educational Facility,Pandukaswar,25,50.245,39.0,13.609,59.62,100.0,90.0,25,0,30.633418,79.548607,ALLOCATED,AI-ranked geographically verified safe site with available capacity
SETTLEMENT_40817,Urgam,1825,3038593,Educational Facility,Bampa,25,49.619,40.0,42.266,64.87,100.0,85.0,25,0,30.7436664,79.8297153,ALLOCATED,AI-ranked geographically verified safe site with available capacity
SETTLEMENT_40817,Urgam,1825,6238303,Educational Facility,Urgam,87,49.591,41.0,0.0,49.32,40.0,90.0,87,0,30.5400882,79.4566318,ALLOCATED,AI-ranked geographically verified safe site with available capacity
SETTLEMENT_40817,Urgam,1825,1812555,Educational Facility,Niti,25,49.545,42.0,45.282,64.87,100.0,85.0,25,0,30.7776642,79.8411215,ALLOCATED,AI-ranked geographically verified safe site with available capacity
SETTLEMENT_40817,Urgam,1825,1025755,Educational Facility,Raini Chak Lata,25,49.411,43.0,23.533,64.87,100.0,85.0,25,0,30.488322,79.694825,ALLOCATED,AI-ranked geographically verified safe site with available capacity
SETTLEMENT_40817,Urgam,1825,8221044,Educational Facility,Kalgoth,75,49.01,44.0,4.768,49.78,40.0,85.0,75,0,30.516532,79.415042,ALLOCATED,AI-ranked geographically verified safe site with available capacity
SETTLEMENT_40817,Urgam,1825,7947029,Educational Facility,Jalam,25,48.073,45.0,36.929,59.62,100.0,90.0,25,0,30.638213,79.825207,ALLOCATED,AI-ranked geographically verified safe site with available capacity
SETTLEMENT_40817,Urgam,1825,3712866,Educational Facility,Mana,25,48.03,46.0,47.684,59.62,100.0,90.0,25,0,30.9671228,79.4109692,ALLOCATED,AI-ranked geographically verified safe site with available capacity
SETTLEMENT_40817,Urgam,1825,3852723,Educational Facility,Topovan,62,47.922,47.0,6.043,50.05,40.0,85.0,62,0,30.4861,79.4639,ALLOCATED,AI-ranked geographically verified safe site with available capacity
SETTLEMENT_40817,Urgam,1825,3478590,Educational Facility,Hailang,50,44.12,48.0,4.493,49.74,40.0,90.0,50,0,30.525162,79.500225,ALLOCATED,AI-ranked geographically verified safe site with available capacity
SETTLEMENT_40817,Urgam,1825,2771212,Educational Facility,Ringi,37,40.802,49.0,17.013,50.18,40.0,100.0,37,0,30.4780383,79.618965,ALLOCATED,AI-ranked geographically verified safe site with available capacity
SETTLEMENT_40817,Urgam,1825,8496292,Educational Facility,Pagnau,37,40.467,50.0,6.332,48.68,40.0,90.0,37,0,30.4945351,79.4962988,ALLOCATED,AI-ranked geographically verified safe site with available capacity
SETTLEMENT_40817,Urgam,1825,3470600,Educational Facility,Molta,37,40.208,51.0,8.825,48.68,40.0,90.0,37,0,30.4831116,79.5207657,ALLOCATED,AI-ranked geographically verified safe site with available capacity
SETTLEMENT_40817,Urgam,1825,7997760,Educational Facility,Pokhani Urf Pokhari,25,39.494,52.0,7.469,49.12,40.0,100.0,25,0,30.476002,79.433276,ALLOCATED,AI-ranked geographically verified safe site with available capacity
SETTLEMENT_40817,Urgam,1825,7358147,Educational Facility,Bheta Chak Urgam,25,39.477,53.0,1.265,49.12,40.0,100.0,25,0,30.540621,79.469825,ALLOCATED,AI-ranked geographically verified safe site with available capacity
SETTLEMENT_40817,Urgam,1825,6156417,Educational Facility,Sailang,25,39.314,54.0,6.869,49.12,40.0,100.0,25,0,30.539261,79.528345,ALLOCATED,AI-ranked geographically verified safe site with available capacity
SETTLEMENT_40817,Urgam,1825,5998765,Educational Facility,Jakhola,37,38.472,55.0,3.647,41.82,40.0,90.0,37,0,30.507425,79.460068,ALLOCATED,AI-ranked geographically verified safe site with available capacity
SETTLEMENT_40817,Urgam,1825,8480335,Educational Facility,Bheta Chak Urgam,25,38.25,56.0,1.265,47.04,40.0,95.0,25,0,30.540621,79.469825,ALLOCATED,AI-ranked geographically verified safe site with available capacity
SETTLEMENT_40817,Urgam,1825,1198343,Educational Facility,Salna Chak Urgam,25,38.138,57.0,3.633,47.62,40.0,90.0,25,0,30.530055,79.492736,ALLOCATED,AI-ranked geographically verified safe site with available capacity
SETTLEMENT_40817,Urgam,1825,1163274,Educational Facility,Pagnau,25,38.088,58.0,6.332,47.04,40.0,95.0,25,0,30.4945351,79.4962988,ALLOCATED,AI-ranked geographically verified safe site with available capacity
SETTLEMENT_40817,Urgam,1825,4213259,Educational Facility,Pakhi,25,37.797,59.0,8.288,47.62,40.0,90.0,25,0,30.4656853,79.4513854,ALLOCATED,AI-ranked geographically verified safe site with available capacity
SETTLEMENT_40817,Urgam,1825,9152790,Educational Facility,Darmi,25,37.735,60.0,9.277,47.04,40.0,95.0,25,0,30.4620539,79.4908905,ALLOCATED,AI-ranked geographically verified safe site with available capacity
SETTLEMENT_40817,Urgam,1825,7016854,Educational Facility,Dumak,25,37.355,61.0,7.93,43.62,40.0,90.0,25,0,30.5072396,79.3831468,ALLOCATED,AI-ranked geographically verified safe site with available capacity
SETTLEMENT_40817,Urgam,1825,9285948,Educational Facility,Bhalgaon,37,37.209,62.0,26.562,48.68,40.0,90.0,37,0,30.519004,79.732875,ALLOCATED,AI-ranked geographically verified safe site with available capacity
SETTLEMENT_40817,Urgam,1825,6937665,Educational Facility,Kalgoth,25,37.151,63.0,4.768,46.87,40.0,85.0,25,0,30.516532,79.415042,ALLOCATED,AI-ranked geographically verified safe site with available capacity
SETTLEMENT_40817,Urgam,1825,5948233,Educational Facility,Ganai,50,37.131,64.0,8.638,38.74,40.0,70.0,50,0,30.4729745,79.5020465,ALLOCATED,AI-ranked geographically verified safe site with available capacity
SETTLEMENT_40817,Urgam,1825,5050781,Educational Facility,Thaing,25,36.964,65.0,5.874,45.54,40.0,85.0,25,0,30.5667243,79.5096105,ALLOCATED,AI-ranked geographically verified safe site with available capacity
SETTLEMENT_40817,Urgam,1825,2096227,Educational Facility,Molta,25,36.526,66.0,8.825,45.54,40.0,85.0,25,0,30.4831116,79.5207657,ALLOCATED,AI-ranked geographically verified safe site with available capacity
SETTLEMENT_40817,Urgam,1825,2183882,Educational Facility,Lanji,25,36.061,67.0,6.641,36.97,40.0,85.0,25,0,30.480797,79.4483104,ALLOCATED,AI-ranked geographically verified safe site with available capacity
SETTLEMENT_40817,Urgam,1825,9477191,Educational Facility,Noligwar,25,35.89,68.0,7.497,45.37,40.0,75.0,25,0,30.480475,79.493199,ALLOCATED,AI-ranked geographically verified safe site with available capacity
SETTLEMENT_40817,Urgam,1825,6429263,Educational Facility,Payya Chormi,25,35.854,69.0,14.792,47.62,40.0,90.0,25,0,30.517371,79.608799,ALLOCATED,AI-ranked geographically verified safe site with available capacity
SETTLEMENT_40817,Urgam,1825,6166946,Educational Facility,Kimana,37,35.85,70.0,4.71,36.18,20.0,60.0,37,0,30.4978872,79.4523689,ALLOCATED,AI-ranked geographically verified safe site with available capacity
SETTLEMENT_40817,Urgam,1825,8435333,Educational Facility,Bhangyul,37,35.791,71.0,17.52,45.68,40.0,90.0,37,0,30.4956893,79.6321168,ALLOCATED,AI-ranked geographically verified safe site with available capacity
SETTLEMENT_40817,Urgam,1825,3818141,Educational Facility,Malari,25,35.769,72.0,44.418,49.12,40.0,100.0,25,0,30.6845508,79.8893688,ALLOCATED,AI-ranked geographically verified safe site with available capacity
SETTLEMENT_40817,Urgam,1825,4857405,Educational Facility,Ringi,25,33.467,73.0,17.013,45.37,40.0,75.0,25,0,30.4780383,79.618965,ALLOCATED,AI-ranked geographically verified safe site with available capacity
SETTLEMENT_40817,Urgam,1825,9950226,Educational Facility,Mana,25,31.844,74.0,47.684,43.29,40.0,70.0,25,0,30.9671228,79.4109692,ALLOCATED,AI-ranked geographically verified safe site with available capacity
SETTLEMENT_40808,Mana,1430,,,,0,,,,,,,0,0,,,UNALLOCATED,INSUFFICIENT_GEOGRAPHIC_CAPACITY
SETTLEMENT_40809,Khiron,106,,,,0,,,,,,,0,0,,,UNALLOCATED,INSUFFICIENT_GEOGRAPHIC_CAPACITY
SETTLEMENT_40810,Thaing,950,,,,0,,,,,,,0,0,,,UNALLOCATED,INSUFFICIENT_GEOGRAPHIC_CAPACITY
SETTLEMENT_40811,Arurhi Paturi,718,,,,0,,,,,,,0,0,,,UNALLOCATED,INSUFFICIENT_GEOGRAPHIC_CAPACITY
SETTLEMENT_40812,Bhyudar,72,,,,0,,,,,,,0,0,,,UNALLOCATED,INSUFFICIENT_GEOGRAPHIC_CAPACITY
SETTLEMENT_40813,Pandukaswar,1645,,,,0,,,,,,,0,0,,,UNALLOCATED,INSUFFICIENT_GEOGRAPHIC_CAPACITY
SETTLEMENT_40814,Pulana Chak Bhyudar,336,,,,0,,,,,,,0,0,,,UNALLOCATED,INSUFFICIENT_GEOGRAPHIC_CAPACITY
SETTLEMENT_40815,Toli Laga Chiae,53,,,,0,,,,,,,0,0,,,UNALLOCATED,INSUFFICIENT_GEOGRAPHIC_CAPACITY
SETTLEMENT_40816,Chaien,608,,,,0,,,,,,,0,0,,,UNALLOCATED,INSUFFICIENT_GEOGRAPHIC_CAPACITY
SETTLEMENT_40817,Urgam,1825,,,,0,,,,,,,0,0,,,UNALLOCATED,INSUFFICIENT_GEOGRAPHIC_CAPACITY
SETTLEMENT_40818,Bharkichak-Urgam,157,,,,0,,,,,,,0,0,,,UNALLOCATED,INSUFFICIENT_GEOGRAPHIC_CAPACITY
SETTLEMENT_40819,Bheta Chak Urgam,408,,,,0,,,,,,,0,0,,,UNALLOCATED,INSUFFICIENT_GEOGRAPHIC_CAPACITY
SETTLEMENT_40820,Lyari Thana,279,,,,0,,,,,,,0,0,,,UNALLOCATED,INSUFFICIENT_GEOGRAPHIC_CAPACITY
SETTLEMENT_40821,Salna Chak Urgam,151,,,,0,,,,,,,0,0,,,UNALLOCATED,INSUFFICIENT_GEOGRAPHIC_CAPACITY
SETTLEMENT_40822,Hailang,622,,,,0,,,,,,,0,0,,,UNALLOCATED,INSUFFICIENT_GEOGRAPHIC_CAPACITY
SETTLEMENT_40823,Paini,782,,,,0,,,,,,,0,0,,,UNALLOCATED,INSUFFICIENT_GEOGRAPHIC_CAPACITY
SETTLEMENT_40825,Gaunkh Laga Sailang,18,,,,0,,,,,,,0,0,,,UNALLOCATED,INSUFFICIENT_GEOGRAPHIC_CAPACITY
SETTLEMENT_40826,Auli Laga Joshimath,352,,,,0,,,,,,,0,0,,,UNALLOCATED,INSUFFICIENT_GEOGRAPHIC_CAPACITY
SETTLEMENT_40827,Auli Laga Salud Dugra,2,,,,0,,,,,,,0,0,,,UNALLOCATED,INSUFFICIENT_GEOGRAPHIC_CAPACITY
SETTLEMENT_40828,Salud Dugra,1865,,,,0,,,,,,,0,0,,,UNALLOCATED,INSUFFICIENT_GEOGRAPHIC_CAPACITY
SETTLEMENT_40829,Dumak,366,,,,0,,,,,,,0,0,,,UNALLOCATED,INSUFFICIENT_GEOGRAPHIC_CAPACITY
SETTLEMENT_40830,Kalgoth,418,,,,0,,,,,,,0,0,,,UNALLOCATED,INSUFFICIENT_GEOGRAPHIC_CAPACITY
SETTLEMENT_40831,Uchougaur,54,,,,0,,,,,,,0,0,,,UNALLOCATED,INSUFFICIENT_GEOGRAPHIC_CAPACITY
SETTLEMENT_40833,Jakhola,237,,,,0,,,,,,,0,0,,,UNALLOCATED,INSUFFICIENT_GEOGRAPHIC_CAPACITY
SETTLEMENT_40834,Kimana,530,,,,0,,,,,,,0,0,,,UNALLOCATED,INSUFFICIENT_GEOGRAPHIC_CAPACITY
SETTLEMENT_40835,Pokhani Urf Pokhari,289,,,,0,,,,,,,0,0,,,UNALLOCATED,INSUFFICIENT_GEOGRAPHIC_CAPACITY
SETTLEMENT_40836,Lanji,201,,,,0,,,,,,,0,0,,,UNALLOCATED,INSUFFICIENT_GEOGRAPHIC_CAPACITY
SETTLEMENT_40837,Tirosi,51,,,,0,,,,,,,0,0,,,UNALLOCATED,INSUFFICIENT_GEOGRAPHIC_CAPACITY
SETTLEMENT_40838,Dwing,150,,,,0,,,,,,,0,0,,,UNALLOCATED,INSUFFICIENT_GEOGRAPHIC_CAPACITY
SETTLEMENT_40839,Tapon,108,,,,0,,,,,,,0,0,,,UNALLOCATED,INSUFFICIENT_GEOGRAPHIC_CAPACITY
SETTLEMENT_40840,Gulabkoti,419,,,,0,,,,,,,0,0,,,UNALLOCATED,INSUFFICIENT_GEOGRAPHIC_CAPACITY
SETTLEMENT_40841,Langsi,465,,,,0,,,,,,,0,0,,,UNALLOCATED,INSUFFICIENT_GEOGRAPHIC_CAPACITY
SETTLEMENT_40842,Tangni talli,273,,,,0,,,,,,,0,0,,,UNALLOCATED,INSUFFICIENT_GEOGRAPHIC_CAPACITY
SETTLEMENT_40843,Tangni malli,358,,,,0,,,,,,,0,0,,,UNALLOCATED,INSUFFICIENT_GEOGRAPHIC_CAPACITY
SETTLEMENT_40844,Jalgwar,424,,,,0,,,,,,,0,0,,,UNALLOCATED,INSUFFICIENT_GEOGRAPHIC_CAPACITY
SETTLEMENT_40845,Pakhi,430,,,,0,,,,,,,0,0,,,UNALLOCATED,INSUFFICIENT_GEOGRAPHIC_CAPACITY
SETTLEMENT_40846,Marwadi Chak Pakhi,185,,,,0,,,,,,,0,0,,,UNALLOCATED,INSUFFICIENT_GEOGRAPHIC_CAPACITY
SETTLEMENT_40847,Darmi,112,,,,0,,,,,,,0,0,,,UNALLOCATED,INSUFFICIENT_GEOGRAPHIC_CAPACITY
SETTLEMENT_40848,Noligwar,132,,,,0,,,,,,,0,0,,,UNALLOCATED,INSUFFICIENT_GEOGRAPHIC_CAPACITY
SETTLEMENT_40849,Pagnau,460,,,,0,,,,,,,0,0,,,UNALLOCATED,INSUFFICIENT_GEOGRAPHIC_CAPACITY
SETTLEMENT_40850,Molta,521,,,,0,,,,,,,0,0,,,UNALLOCATED,INSUFFICIENT_GEOGRAPHIC_CAPACITY
SETTLEMENT_40851,Ganai,530,,,,0,,,,,,,0,0,,,UNALLOCATED,INSUFFICIENT_GEOGRAPHIC_CAPACITY
SETTLEMENT_40852,Bhalgaon,197,,,,0,,,,,,,0,0,,,UNALLOCATED,INSUFFICIENT_GEOGRAPHIC_CAPACITY
SETTLEMENT_40853,Longsagari,118,,,,0,,,,,,,0,0,,,UNALLOCATED,INSUFFICIENT_GEOGRAPHIC_CAPACITY
SETTLEMENT_40855,Pagrasu,66,,,,0,,,,,,,0,0,,,UNALLOCATED,INSUFFICIENT_GEOGRAPHIC_CAPACITY
SETTLEMENT_40856,Tolma,506,,,,0,,,,,,,0,0,,,UNALLOCATED,INSUFFICIENT_GEOGRAPHIC_CAPACITY
SETTLEMENT_40857,Sukhi,205,,,,0,,,,,,,0,0,,,UNALLOCATED,INSUFFICIENT_GEOGRAPHIC_CAPACITY
SETTLEMENT_40858,Kuraipani,33,,,,0,,,,,,,0,0,,,UNALLOCATED,INSUFFICIENT_GEOGRAPHIC_CAPACITY
SETTLEMENT_40859,Aira,25,,,,0,,,,,,,0,0,,,UNALLOCATED,INSUFFICIENT_GEOGRAPHIC_CAPACITY
SETTLEMENT_40860,Inara,0,,,,0,,,,,,,0,0,,,UNRESOLVED,SOURCE_COORDINATES_UNAVAILABLE
SETTLEMENT_40861,Khancha talla,15,,,,0,,,,,,,0,0,,,UNALLOCATED,INSUFFICIENT_GEOGRAPHIC_CAPACITY
SETTLEMENT_40862,Khancha malla,14,,,,0,,,,,,,0,0,,,UNALLOCATED,INSUFFICIENT_GEOGRAPHIC_CAPACITY
SETTLEMENT_40863,Merag,531,,,,0,,,,,,,0,0,,,UNALLOCATED,INSUFFICIENT_GEOGRAPHIC_CAPACITY
SETTLEMENT_40864,Bara gaon,933,,,,0,,,,,,,0,0,,,UNALLOCATED,INSUFFICIENT_GEOGRAPHIC_CAPACITY
SETTLEMENT_40866,Dhak,497,,,,0,,,,,,,0,0,,,UNALLOCATED,INSUFFICIENT_GEOGRAPHIC_CAPACITY
SETTLEMENT_40867,Kundikhola,212,,,,0,,,,,,,0,0,,,UNALLOCATED,INSUFFICIENT_GEOGRAPHIC_CAPACITY
SETTLEMENT_40868,Tugasi,271,,,,0,,,,,,,0,0,,,UNALLOCATED,INSUFFICIENT_GEOGRAPHIC_CAPACITY
SETTLEMENT_40869,Raigari,114,,,,0,,,,,,,0,0,,,UNALLOCATED,INSUFFICIENT_GEOGRAPHIC_CAPACITY
SETTLEMENT_40870,Karchi,386,,,,0,,,,,,,0,0,,,UNALLOCATED,INSUFFICIENT_GEOGRAPHIC_CAPACITY
SETTLEMENT_40871,Bilagar,114,,,,0,,,,,,,0,0,,,UNALLOCATED,INSUFFICIENT_GEOGRAPHIC_CAPACITY
SETTLEMENT_40872,Chamtoli,144,,,,0,,,,,,,0,0,,,UNALLOCATED,INSUFFICIENT_GEOGRAPHIC_CAPACITY
SETTLEMENT_40873,Topovan,1254,,,,0,,,,,,,0,0,,,UNALLOCATED,INSUFFICIENT_GEOGRAPHIC_CAPACITY
SETTLEMENT_40874,Gahar,59,,,,0,,,,,,,0,0,,,UNALLOCATED,INSUFFICIENT_GEOGRAPHIC_CAPACITY
SETTLEMENT_40875,Bhangyul,284,,,,0,,,,,,,0,0,,,UNALLOCATED,INSUFFICIENT_GEOGRAPHIC_CAPACITY
SETTLEMENT_40876,Karachhon,506,,,,0,,,,,,,0,0,,,UNALLOCATED,INSUFFICIENT_GEOGRAPHIC_CAPACITY
SETTLEMENT_40877,Badal Gaitha,0,,,,0,,,,,,,0,0,,,UNRESOLVED,SOURCE_COORDINATES_UNAVAILABLE
SETTLEMENT_40878,Juwagwar,70,,,,0,,,,,,,0,0,,,UNALLOCATED,INSUFFICIENT_GEOGRAPHIC_CAPACITY
SETTLEMENT_40879,Jugaju chak lata,42,,,,0,,,,,,,0,0,,,UNALLOCATED,INSUFFICIENT_GEOGRAPHIC_CAPACITY
SETTLEMENT_40880,Lata,359,,,,0,,,,,,,0,0,,,UNALLOCATED,INSUFFICIENT_GEOGRAPHIC_CAPACITY
SETTLEMENT_40881,Raini Chak Lata,171,,,,0,,,,,,,0,0,,,UNALLOCATED,INSUFFICIENT_GEOGRAPHIC_CAPACITY
SETTLEMENT_40882,Pang Chak Lata,147,,,,0,,,,,,,0,0,,,UNRESOLVED,SOURCE_COORDINATES_UNAVAILABLE
SETTLEMENT_40883,Morana Chak Subhai,27,,,,0,,,,,,,0,0,,,UNALLOCATED,INSUFFICIENT_GEOGRAPHIC_CAPACITY
SETTLEMENT_40884,Subhai,670,,,,0,,,,,,,0,0,,,UNALLOCATED,INSUFFICIENT_GEOGRAPHIC_CAPACITY
SETTLEMENT_40885,Raini Chak Subhai,304,,,,0,,,,,,,0,0,,,UNALLOCATED,INSUFFICIENT_GEOGRAPHIC_CAPACITY
SETTLEMENT_40886,Ringi,322,,,,0,,,,,,,0,0,,,UNALLOCATED,INSUFFICIENT_GEOGRAPHIC_CAPACITY
SETTLEMENT_40887,Bampa,226,,,,0,,,,,,,0,0,,,UNALLOCATED,INSUFFICIENT_GEOGRAPHIC_CAPACITY
SETTLEMENT_40888,Gamsali,451,,,,0,,,,,,,0,0,,,UNALLOCATED,INSUFFICIENT_GEOGRAPHIC_CAPACITY
SETTLEMENT_40889,Niti,55,,,,0,,,,,,,0,0,,,UNALLOCATED,INSUFFICIENT_GEOGRAPHIC_CAPACITY
SETTLEMENT_40890,Gurguti,295,,,,0,,,,,,,0,0,,,UNALLOCATED,INSUFFICIENT_GEOGRAPHIC_CAPACITY
SETTLEMENT_40891,Mahargaon,317,,,,0,,,,,,,0,0,,,UNALLOCATED,INSUFFICIENT_GEOGRAPHIC_CAPACITY
SETTLEMENT_40892,Malari,2278,,,,0,,,,,,,0,0,,,UNALLOCATED,INSUFFICIENT_GEOGRAPHIC_CAPACITY
SETTLEMENT_40893,Kailashpur,186,,,,0,,,,,,,0,0,,,UNALLOCATED,INSUFFICIENT_GEOGRAPHIC_CAPACITY
SETTLEMENT_40894,Rewal Chak Kurkuti,0,,,,0,,,,,,,0,0,,,UNRESOLVED,SOURCE_COORDINATES_UNAVAILABLE
SETTLEMENT_40895,Farkiagaon,232,,,,0,,,,,,,0,0,,,UNRESOLVED,SOURCE_COORDINATES_UNAVAILABLE
SETTLEMENT_40896,Kosa,356,,,,0,,,,,,,0,0,,,UNALLOCATED,INSUFFICIENT_GEOGRAPHIC_CAPACITY
SETTLEMENT_40897,Jalam,264,,,,0,,,,,,,0,0,,,UNALLOCATED,INSUFFICIENT_GEOGRAPHIC_CAPACITY
SETTLEMENT_40898,Jumma,92,,,,0,,,,,,,0,0,,,UNALLOCATED,INSUFFICIENT_GEOGRAPHIC_CAPACITY
SETTLEMENT_40899,Lamtoli,0,,,,0,,,,,,,0,0,,,UNRESOLVED,SOURCE_COORDINATES_UNAVAILABLE
SETTLEMENT_40900,Kaga Laga Dronagiri,114,,,,0,,,,,,,0,0,,,UNALLOCATED,INSUFFICIENT_GEOGRAPHIC_CAPACITY
SETTLEMENT_40901,Garpak,78,,,,0,,,,,,,0,0,,,UNALLOCATED,INSUFFICIENT_GEOGRAPHIC_CAPACITY
SETTLEMENT_40902,Dronagiri,108,,,,0,,,,,,,0,0,,,UNALLOCATED,INSUFFICIENT_GEOGRAPHIC_CAPACITY
SETTLEMENT_40903,F-1,2,,,,0,,,,,,,0,0,,,UNALLOCATED,INSUFFICIENT_GEOGRAPHIC_CAPACITY
SETTLEMENT_800290,Badrinathpuri (NP),2873,,,,0,,,,,,,0,0,,,UNALLOCATED,INSUFFICIENT_GEOGRAPHIC_CAPACITY
SETTLEMENT_800291,Joshimath  (NPP),19689,,,,0,,,,,,,0,0,,,UNALLOCATED,INSUFFICIENT_GEOGRAPHIC_CAPACITY
