settlement_id,settlement_name,population_2026,latitude,longitude,has_coordinates,hazard_exposure_score,exposure_score,exposure_level,relocation_priority_score,relocation_priority_level,allocated_population,remaining_population,relocation_status,best_destination_site_id,best_destination_site,best_ai_score,best_distance_km,allocation_rows,final_decision,existing_recommended_action,exposure_available,relocation_recommendation_available,decision_data_quality
SETTLEMENT_800291,Joshimath  (NPP),19689,30.555,79.565,True,39.3974,57.5782,MODERATE,57.58,HIGH,2727,16962,PARTIALLY_ALLOCATED,5582604.0,Educational Facility,65.042,8.86,74,ADDITIONAL_CAPACITY_REQUIRED,Enhanced monitoring and preparedness,True,True,COMPLETE
SETTLEMENT_40855,Pagrasu,66,30.5508,79.7549,True,78.88,55.3166,MODERATE,55.32,HIGH,0,66,NOT_ALLOCATED,,,,,0,RELOCATION_RECOMMENDED,Enhanced monitoring and preparedness,True,False,COMPLETE
SETTLEMENT_40890,Gurguti,295,30.7111,79.8436,True,64.7,45.7395,MODERATE,45.74,MODERATE,0,295,NOT_ALLOCATED,,,,,0,MONITOR,Enhanced monitoring and preparedness,True,False,COMPLETE
SETTLEMENT_40891,Mahargaon,317,30.4061,79.4206,True,64.16,45.395,MODERATE,45.4,MODERATE,0,317,NOT_ALLOCATED,,,,,0,MONITOR,Enhanced monitoring and preparedness,True,False,COMPLETE
SETTLEMENT_40889,Niti,55,30.7777,79.8411,True,64.46,45.2058,MODERATE,45.21,MODERATE,0,55,NOT_ALLOCATED,,,,,0,MONITOR,Enhanced monitoring and preparedness,True,False,COMPLETE
SETTLEMENT_40883,Morana Chak Subhai,27,30.4693,79.7037,True,60.85,42.6361,MODERATE,42.64,MODERATE,0,27,NOT_ALLOCATED,,,,,0,MONITOR,Enhanced monitoring and preparedness,True,False,COMPLETE
SETTLEMENT_40808,Mana,1430,30.9671,79.411,True,57.76,42.6109,MODERATE,42.61,MODERATE,0,1430,NOT_ALLOCATED,,,,,0,MONITOR,Enhanced monitoring and preparedness,True,False,COMPLETE
SETTLEMENT_40879,Jugaju chak lata,42,30.4902,79.6915,True,60.65,42.519,MODERATE,42.52,MODERATE,0,42,NOT_ALLOCATED,,,,,0,MONITOR,Enhanced monitoring and preparedness,True,False,COMPLETE
SETTLEMENT_40896,Kosa,356,30.6779,79.8609,True,59.35,42.0874,MODERATE,42.09,MODERATE,0,356,NOT_ALLOCATED,,,,,0,MONITOR,Enhanced monitoring and preparedness,True,False,COMPLETE
SETTLEMENT_40884,Subhai,670,30.4791,79.6769,True,55.42,39.8149,LOW,39.81,MODERATE,0,670,NOT_ALLOCATED,,,,,0,MONITOR,Routine monitoring,True,False,COMPLETE
SETTLEMENT_40809,Khiron,106,30.6862,79.4826,True,56.1161,39.4428,LOW,39.44,MODERATE,0,106,NOT_ALLOCATED,,,,,0,MONITOR,Routine monitoring,True,False,COMPLETE
SETTLEMENT_40811,Arurhi Paturi,718,30.6481,79.5329,True,53.9215,38.8391,LOW,38.84,MODERATE,0,718,NOT_ALLOCATED,,,,,0,MONITOR,Routine monitoring,True,False,COMPLETE
SETTLEMENT_40813,Pandukaswar,1645,30.6334,79.5486,True,48.5296,36.4772,LOW,36.48,MODERATE,0,1645,NOT_ALLOCATED,,,,,0,MONITOR,Routine monitoring,True,False,COMPLETE
SETTLEMENT_40905,Chamoli,0,30.4397,79.4305,True,51.98,36.386,LOW,36.39,MODERATE,0,0,NO_POPULATION,,,,,0,NO_POPULATION,Routine monitoring,True,False,COMPLETE
SETTLEMENT_40885,Raini Chak Subhai,304,30.4862,79.6914,True,51.04,36.1912,LOW,36.19,MODERATE,0,304,NOT_ALLOCATED,,,,,0,MONITOR,Routine monitoring,True,False,COMPLETE
SETTLEMENT_40854,Fagti,0,30.5563,79.7756,True,50.9,35.63,LOW,35.63,MODERATE,0,0,NO_POPULATION,,,,,0,NO_POPULATION,Routine monitoring,True,False,COMPLETE
SETTLEMENT_40853,Longsagari,118,30.5966,79.7856,True,50.34,35.4178,LOW,35.42,MODERATE,0,118,NOT_ALLOCATED,,,,,0,MONITOR,Routine monitoring,True,False,COMPLETE
SETTLEMENT_40893,Kailashpur,186,30.7069,79.8761,True,49.46,34.9054,LOW,34.91,MODERATE,0,186,NOT_ALLOCATED,,,,,0,MONITOR,Routine monitoring,True,False,COMPLETE
SETTLEMENT_40901,Garpak,78,30.6269,79.8542,True,49.66,34.8808,LOW,34.88,MODERATE,0,78,NOT_ALLOCATED,,,,,0,MONITOR,Routine monitoring,True,False,COMPLETE
SETTLEMENT_40900,Kaga Laga Dronagiri,114,30.6121,79.824,True,49.13,34.5647,LOW,34.56,MODERATE,0,114,NOT_ALLOCATED,,,,,0,MONITOR,Routine monitoring,True,False,COMPLETE
SETTLEMENT_40892,Malari,2278,30.6846,79.8894,True,44.28,34.467,LOW,34.47,MODERATE,0,2278,NOT_ALLOCATED,,,,,0,MONITOR,Routine monitoring,True,False,COMPLETE
SETTLEMENT_40881,Raini Chak Lata,171,30.4883,79.6948,True,48.31,34.0776,LOW,34.08,MODERATE,0,171,NOT_ALLOCATED,,,,,0,MONITOR,Routine monitoring,True,False,COMPLETE
SETTLEMENT_40897,Jalam,264,30.6382,79.8252,True,46.63,33.0433,LOW,33.04,MODERATE,0,264,NOT_ALLOCATED,,,,,0,MONITOR,Routine monitoring,True,False,COMPLETE
SETTLEMENT_800290,Badrinathpuri (NP),2873,30.743,79.494,True,40.4311,32.6794,LOW,32.68,MODERATE,0,2873,NOT_ALLOCATED,,,,,0,MONITOR,Routine monitoring,True,False,COMPLETE
SETTLEMENT_40880,Lata,359,30.4967,79.7072,True,45.85,32.642,LOW,32.64,MODERATE,0,359,NOT_ALLOCATED,,,,,0,MONITOR,Routine monitoring,True,False,COMPLETE
SETTLEMENT_40858,Kuraipani,33,30.5147,79.7204,True,45.76,32.0823,LOW,32.08,MODERATE,0,33,NOT_ALLOCATED,,,,,0,MONITOR,Routine monitoring,True,False,COMPLETE
SETTLEMENT_40812,Bhyudar,72,30.6747,79.5913,True,43.2576,30.39,LOW,30.39,MODERATE,0,72,NOT_ALLOCATED,,,,,0,MONITOR,Routine monitoring,True,False,COMPLETE
SETTLEMENT_40887,Bampa,226,30.7437,79.8297,True,41.72,29.5484,LOW,29.55,MODERATE,0,226,NOT_ALLOCATED,,,,,0,MONITOR,Routine monitoring,True,False,COMPLETE
SETTLEMENT_40815,Toli Laga Chiae,53,30.5845,79.5465,True,41.9141,29.4206,LOW,29.42,MODERATE,0,53,NOT_ALLOCATED,,,,,0,MONITOR,Routine monitoring,True,False,COMPLETE
SETTLEMENT_40814,Pulana Chak Bhyudar,336,30.6346,79.5723,True,41.1036,29.2845,LOW,29.28,MODERATE,0,336,NOT_ALLOCATED,,,,,0,MONITOR,Routine monitoring,True,False,COMPLETE
SETTLEMENT_40810,Thaing,950,30.5667,79.5096,True,38.9674,28.7247,LOW,28.72,MODERATE,0,950,NOT_ALLOCATED,,,,,0,MONITOR,Routine monitoring,True,False,COMPLETE
SETTLEMENT_40898,Jumma,92,30.6079,79.8061,True,40.55,28.5252,LOW,28.53,MODERATE,0,92,NOT_ALLOCATED,,,,,0,MONITOR,Routine monitoring,True,False,COMPLETE
SETTLEMENT_40816,Chaien,608,30.5662,79.5381,True,36.5684,26.5243,LOW,26.52,MODERATE,0,608,NOT_ALLOCATED,,,,,0,MONITOR,Routine monitoring,True,False,COMPLETE
SETTLEMENT_40841,Langsi,465,30.4934,79.4792,True,36.3943,26.1845,LOW,26.18,MODERATE,0,465,NOT_ALLOCATED,,,,,0,MONITOR,Routine monitoring,True,False,COMPLETE
SETTLEMENT_40824,Sailang,897,30.5393,79.5283,True,35.3765,26.1303,LOW,26.13,MODERATE,0,897,NOT_ALLOCATED,,,,,0,MONITOR,Routine monitoring,True,False,COMPLETE
SETTLEMENT_40817,Urgam,1825,30.5401,79.4566,True,32.9961,25.878,LOW,25.88,MODERATE,0,1825,NOT_ALLOCATED,,,,,0,MONITOR,Routine monitoring,True,False,COMPLETE
SETTLEMENT_40902,Dronagiri,108,30.5992,79.868,True,36.41,25.6516,LOW,25.65,MODERATE,0,108,NOT_ALLOCATED,,,,,0,MONITOR,Routine monitoring,True,False,COMPLETE
SETTLEMENT_40873,Topovan,1254,30.4861,79.4639,True,32.2245,24.4679,LOW,24.47,LOW,0,1254,NOT_ALLOCATED,,,,,0,MONITOR,Routine monitoring,True,False,COMPLETE
SETTLEMENT_40818,Bharkichak-Urgam,157,30.5483,79.4621,True,34.2025,24.181,LOW,24.18,LOW,0,157,NOT_ALLOCATED,,,,,0,MONITOR,Routine monitoring,True,False,COMPLETE
SETTLEMENT_40843,Tangni malli,358,30.4768,79.4727,True,32.9885,23.6374,LOW,23.64,LOW,0,358,NOT_ALLOCATED,,,,,0,MONITOR,Routine monitoring,True,False,COMPLETE
SETTLEMENT_40888,Gamsali,451,30.756,79.8262,True,31.45,22.7022,LOW,22.7,LOW,0,451,NOT_ALLOCATED,,,,,0,MONITOR,Routine monitoring,True,False,COMPLETE
SETTLEMENT_40832,Palla,435,30.5123,79.4721,True,30.7847,22.2121,LOW,22.21,LOW,0,435,NOT_ALLOCATED,,,,,0,MONITOR,Routine monitoring,True,False,COMPLETE
SETTLEMENT_40862,Khancha malla,14,30.5359,79.5932,True,31.315,21.9418,LOW,21.94,LOW,0,14,NOT_ALLOCATED,,,,,0,MONITOR,Routine monitoring,True,False,COMPLETE
SETTLEMENT_40839,Tapon,108,30.4948,79.4736,True,30.8757,21.7775,LOW,21.78,LOW,0,108,NOT_ALLOCATED,,,,,0,MONITOR,Routine monitoring,True,False,COMPLETE
SETTLEMENT_40856,Tolma,506,30.5239,79.7522,True,29.94,21.729,LOW,21.73,LOW,0,506,NOT_ALLOCATED,,,,,0,MONITOR,Routine monitoring,True,False,COMPLETE
SETTLEMENT_40861,Khancha talla,15,30.537,79.5971,True,30.9919,21.7172,LOW,21.72,LOW,0,15,NOT_ALLOCATED,,,,,0,MONITOR,Routine monitoring,True,False,COMPLETE
SETTLEMENT_40819,Bheta Chak Urgam,408,30.5406,79.4698,True,29.613,21.3508,LOW,21.35,LOW,0,408,NOT_ALLOCATED,,,,,0,MONITOR,Routine monitoring,True,False,COMPLETE
SETTLEMENT_40878,Juwagwar,70,30.4931,79.6743,True,29.8354,20.9914,LOW,20.99,LOW,0,70,NOT_ALLOCATED,,,,,0,MONITOR,Routine monitoring,True,False,COMPLETE
SETTLEMENT_40822,Hailang,622,30.5252,79.5002,True,28.6095,20.9744,LOW,20.97,LOW,0,622,NOT_ALLOCATED,,,,,0,MONITOR,Routine monitoring,True,False,COMPLETE
SETTLEMENT_40903,F-1,2,30.5556,79.5613,True,29.9587,20.9741,LOW,20.97,LOW,0,2,NOT_ALLOCATED,,,,,0,MONITOR,Routine monitoring,True,False,COMPLETE
SETTLEMENT_40904,Joshimath,0,30.5556,79.5613,True,29.9587,20.9711,LOW,20.97,LOW,0,0,NO_POPULATION,,,,,0,NO_POPULATION,Routine monitoring,True,False,COMPLETE
SETTLEMENT_40906,Joshimath,0,30.5556,79.5613,True,29.9587,20.9711,LOW,20.97,LOW,0,0,NO_POPULATION,,,,,0,NO_POPULATION,Routine monitoring,True,False,COMPLETE
SETTLEMENT_40829,Dumak,366,30.5072,79.3831,True,29.0116,20.8658,LOW,20.87,LOW,0,366,NOT_ALLOCATED,,,,,0,MONITOR,Routine monitoring,True,False,COMPLETE
SETTLEMENT_40863,Merag,531,30.5282,79.5963,True,28.6091,20.8355,LOW,20.84,LOW,0,531,NOT_ALLOCATED,,,,,0,MONITOR,Routine monitoring,True,False,COMPLETE
SETTLEMENT_40859,Aira,25,30.5417,79.6191,True,28.9019,20.2694,LOW,20.27,LOW,0,25,NOT_ALLOCATED,,,,,0,MONITOR,Routine monitoring,True,False,COMPLETE
SETTLEMENT_40857,Sukhi,205,30.52,79.7288,True,27.73,19.7234,VERY_LOW,19.72,LOW,0,205,NOT_ALLOCATED,,,,,0,MONITOR,Normal monitoring,True,False,COMPLETE
SETTLEMENT_40865,Payya chormi,158,30.5174,79.6088,True,27.6337,19.5843,VERY_LOW,19.58,LOW,0,158,NOT_ALLOCATED,,,,,0,MONITOR,Normal monitoring,True,False,COMPLETE
SETTLEMENT_40835,Pokhani Urf Pokhari,289,30.476,79.4333,True,27.3076,19.5557,VERY_LOW,19.56,LOW,0,289,NOT_ALLOCATED,,,,,0,MONITOR,Normal monitoring,True,False,COMPLETE
SETTLEMENT_40820,Lyari Thana,279,30.5298,79.4714,True,27.2443,19.4961,VERY_LOW,19.5,LOW,0,279,NOT_ALLOCATED,,,,,0,MONITOR,Normal monitoring,True,False,COMPLETE
SETTLEMENT_40825,Gaunkh Laga Sailang,18,30.5454,79.5425,True,27.6884,19.4093,VERY_LOW,19.41,LOW,0,18,NOT_ALLOCATED,,,,,0,MONITOR,Normal monitoring,True,False,COMPLETE
SETTLEMENT_40826,Auli Laga Joshimath,352,30.5328,79.5686,True,26.9231,19.3825,VERY_LOW,19.38,LOW,0,352,NOT_ALLOCATED,,,,,0,MONITOR,Normal monitoring,True,False,COMPLETE
SETTLEMENT_40827,Auli Laga Salud Dugra,2,30.5257,79.5697,True,27.6691,19.3714,VERY_LOW,19.37,LOW,0,2,NOT_ALLOCATED,,,,,0,MONITOR,Normal monitoring,True,False,COMPLETE
SETTLEMENT_40838,Dwing,150,30.4887,79.4621,True,27.2165,19.2801,VERY_LOW,19.28,LOW,0,150,NOT_ALLOCATED,,,,,0,MONITOR,Normal monitoring,True,False,COMPLETE
SETTLEMENT_40868,Tugasi,271,30.4823,79.5981,True,26.5059,18.967,VERY_LOW,18.97,LOW,0,271,NOT_ALLOCATED,,,,,0,MONITOR,Normal monitoring,True,False,COMPLETE
SETTLEMENT_40852,Bhalgaon,197,30.519,79.7329,True,26.65,18.9552,VERY_LOW,18.96,LOW,0,197,NOT_ALLOCATED,,,,,0,MONITOR,Normal monitoring,True,False,COMPLETE
SETTLEMENT_40823,Paini,782,30.5281,79.5214,True,25.1166,18.7731,VERY_LOW,18.77,LOW,0,782,NOT_ALLOCATED,,,,,0,MONITOR,Normal monitoring,True,False,COMPLETE
SETTLEMENT_40821,Salna Chak Urgam,151,30.5301,79.4927,True,26.0086,18.4361,VERY_LOW,18.44,LOW,0,151,NOT_ALLOCATED,,,,,0,MONITOR,Normal monitoring,True,False,COMPLETE
SETTLEMENT_40870,Karchi,386,30.483,79.6077,True,25.0553,18.1268,VERY_LOW,18.13,LOW,0,386,NOT_ALLOCATED,,,,,0,MONITOR,Normal monitoring,True,False,COMPLETE
SETTLEMENT_40840,Gulabkoti,419,30.5046,79.4916,True,24.5756,17.8414,VERY_LOW,17.84,LOW,0,419,NOT_ALLOCATED,,,,,0,MONITOR,Normal monitoring,True,False,COMPLETE
SETTLEMENT_40842,Tangni talli,273,30.4776,79.4639,True,24.1517,17.3221,VERY_LOW,17.32,LOW,0,273,NOT_ALLOCATED,,,,,0,MONITOR,Normal monitoring,True,False,COMPLETE
SETTLEMENT_40837,Tirosi,51,30.4768,79.4639,True,23.9825,16.8654,VERY_LOW,16.87,LOW,0,51,NOT_ALLOCATED,,,,,0,MONITOR,Normal monitoring,True,False,COMPLETE
SETTLEMENT_40875,Bhangyul,284,30.4957,79.6321,True,23.3582,16.7834,VERY_LOW,16.78,LOW,0,284,NOT_ALLOCATED,,,,,0,MONITOR,Normal monitoring,True,False,COMPLETE
SETTLEMENT_40834,Kimana,530,30.4979,79.4524,True,22.1776,16.3319,VERY_LOW,16.33,LOW,0,530,NOT_ALLOCATED,,,,,0,MONITOR,Normal monitoring,True,False,COMPLETE
SETTLEMENT_40848,Noligwar,132,30.4805,79.4932,True,22.8373,16.1872,VERY_LOW,16.19,LOW,0,132,NOT_ALLOCATED,,,,,0,MONITOR,Normal monitoring,True,False,COMPLETE
SETTLEMENT_40836,Lanji,201,30.4808,79.4483,True,22.3597,15.958,VERY_LOW,15.96,LOW,0,201,NOT_ALLOCATED,,,,,0,MONITOR,Normal monitoring,True,False,COMPLETE
SETTLEMENT_40833,Jakhola,237,30.5074,79.4601,True,22.094,15.8269,VERY_LOW,15.83,LOW,0,237,NOT_ALLOCATED,,,,,0,MONITOR,Normal monitoring,True,False,COMPLETE
SETTLEMENT_40831,Uchougaur,54,30.5031,79.4316,True,22.1554,15.5911,VERY_LOW,15.59,LOW,0,54,NOT_ALLOCATED,,,,,0,MONITOR,Normal monitoring,True,False,COMPLETE
SETTLEMENT_40846,Marwadi Chak Pakhi,185,30.4611,79.4469,True,21.3415,15.2209,VERY_LOW,15.22,LOW,0,185,NOT_ALLOCATED,,,,,0,MONITOR,Normal monitoring,True,False,COMPLETE
SETTLEMENT_40864,Bara gaon,933,30.5213,79.6003,True,19.4335,15.025,VERY_LOW,15.02,LOW,0,933,NOT_ALLOCATED,,,,,0,MONITOR,Normal monitoring,True,False,COMPLETE
SETTLEMENT_40828,Salud Dugra,1865,30.5109,79.5231,True,16.3288,14.2718,VERY_LOW,14.27,LOW,0,1865,NOT_ALLOCATED,,,,,0,MONITOR,Normal monitoring,True,False,COMPLETE
SETTLEMENT_40851,Ganai,530,30.473,79.502,True,19.1221,14.193,VERY_LOW,14.19,LOW,0,530,NOT_ALLOCATED,,,,,0,MONITOR,Normal monitoring,True,False,COMPLETE
SETTLEMENT_40847,Darmi,112,30.4621,79.4909,True,18.9597,13.4424,VERY_LOW,13.44,LOW,0,112,NOT_ALLOCATED,,,,,0,MONITOR,Normal monitoring,True,False,COMPLETE
SETTLEMENT_40849,Pagnau,460,30.4945,79.4963,True,18.1682,13.4186,VERY_LOW,13.42,LOW,0,460,NOT_ALLOCATED,,,,,0,MONITOR,Normal monitoring,True,False,COMPLETE
SETTLEMENT_40845,Pakhi,430,30.4657,79.4514,True,17.9245,13.2023,VERY_LOW,13.2,LOW,0,430,NOT_ALLOCATED,,,,,0,MONITOR,Normal monitoring,True,False,COMPLETE
SETTLEMENT_40850,Molta,521,30.4831,79.5208,True,17.6909,13.1775,VERY_LOW,13.18,LOW,0,521,NOT_ALLOCATED,,,,,0,MONITOR,Normal monitoring,True,False,COMPLETE
SETTLEMENT_40871,Bilagar,114,30.4956,79.6198,True,18.5757,13.1767,VERY_LOW,13.18,LOW,0,114,NOT_ALLOCATED,,,,,0,MONITOR,Normal monitoring,True,False,COMPLETE
SETTLEMENT_40874,Gahar,59,30.5011,79.625,True,18.6101,13.117,VERY_LOW,13.12,LOW,0,59,NOT_ALLOCATED,,,,,0,MONITOR,Normal monitoring,True,False,COMPLETE
SETTLEMENT_40830,Kalgoth,418,30.5165,79.415,True,17.1776,12.6612,VERY_LOW,12.66,LOW,0,418,NOT_ALLOCATED,,,,,0,MONITOR,Normal monitoring,True,False,COMPLETE
SETTLEMENT_40876,Karachhon,506,30.4777,79.6193,True,16.0954,12.0378,VERY_LOW,12.04,LOW,0,506,NOT_ALLOCATED,,,,,0,MONITOR,Normal monitoring,True,False,COMPLETE
SETTLEMENT_40844,Jalgwar,424,30.4654,79.4515,True,16.025,11.8635,VERY_LOW,11.86,LOW,0,424,NOT_ALLOCATED,,,,,0,MONITOR,Normal monitoring,True,False,COMPLETE
SETTLEMENT_40866,Dhak,497,30.4989,79.6113,True,15.2277,11.4166,VERY_LOW,11.42,LOW,0,497,NOT_ALLOCATED,,,,,0,MONITOR,Normal monitoring,True,False,COMPLETE
SETTLEMENT_40872,Chamtoli,144,30.5002,79.6167,True,15.0617,10.7626,VERY_LOW,10.76,LOW,0,144,NOT_ALLOCATED,,,,,0,MONITOR,Normal monitoring,True,False,COMPLETE
SETTLEMENT_40886,Ringi,322,30.478,79.619,True,14.507,10.6455,VERY_LOW,10.65,LOW,0,322,NOT_ALLOCATED,,,,,0,MONITOR,Normal monitoring,True,False,COMPLETE
SETTLEMENT_40867,Kundikhola,212,30.4995,79.6092,True,14.2935,10.3285,VERY_LOW,10.33,LOW,0,212,NOT_ALLOCATED,,,,,0,MONITOR,Normal monitoring,True,False,COMPLETE
SETTLEMENT_40869,Raigari,114,30.4778,79.612,True,11.3602,8.1259,VERY_LOW,8.13,LOW,0,114,NOT_ALLOCATED,,,,,0,MONITOR,Normal monitoring,True,False,COMPLETE
SETTLEMENT_40895,Farkiagaon,232,,,False,0.0,0.0,UNAVAILABLE,0.0,LOW,0,232,UNRESOLVED_COORDINATES,,,,,0,COORDINATE_VERIFICATION_REQUIRED,Coordinate verification required,True,False,COORDINATES_UNRESOLVED
SETTLEMENT_40882,Pang Chak Lata,147,,,False,0.0,0.0,UNAVAILABLE,0.0,LOW,0,147,UNRESOLVED_COORDINATES,,,,,0,COORDINATE_VERIFICATION_REQUIRED,Coordinate verification required,True,False,COORDINATES_UNRESOLVED
SETTLEMENT_40860,Inara,0,,,False,0.0,0.0,UNAVAILABLE,0.0,LOW,0,0,UNRESOLVED_COORDINATES,,,,,0,COORDINATE_VERIFICATION_REQUIRED,Coordinate verification required,True,False,COORDINATES_UNRESOLVED
SETTLEMENT_40877,Badal Gaitha,0,,,False,0.0,0.0,UNAVAILABLE,0.0,LOW,0,0,UNRESOLVED_COORDINATES,,,,,0,COORDINATE_VERIFICATION_REQUIRED,Coordinate verification required,True,False,COORDINATES_UNRESOLVED
SETTLEMENT_40894,Rewal Chak Kurkuti,0,,,False,0.0,0.0,UNAVAILABLE,0.0,LOW,0,0,UNRESOLVED_COORDINATES,,,,,0,COORDINATE_VERIFICATION_REQUIRED,Coordinate verification required,True,False,COORDINATES_UNRESOLVED
SETTLEMENT_40899,Lamtoli,0,,,False,0.0,0.0,UNAVAILABLE,0.0,LOW,0,0,UNRESOLVED_COORDINATES,,,,,0,COORDINATE_VERIFICATION_REQUIRED,Coordinate verification required,True,False,COORDINATES_UNRESOLVED
