cell_id,lat,lon,elevation,slope,aspect,curvature,flow_accumulation,historical_landslide,landslide_id,landslide_year,training_event,control_for_event
cell_935_571,30.561884283667776,79.56842767035798,1464,34.613857,357.4471,-0.0011235332,11.959691300448602,0,,,LS_005,LS_005
cell_1155_203,30.504154943618488,79.46013976039261,2328,34.953007,39.39072,-0.008759993,4.054066046429071,0,,,LS_003,LS_003
cell_1132_112,30.509738333467336,79.43306360093733,3081,24.054846,256.92087,-0.010613853,40.26747446406991,0,,,LS_004,LS_004
cell_1148_192,30.505913556293905,79.45684985961063,2355,34.671234,49.635456,-0.005187344,14.186567303768546,0,,,LS_003,LS_003
cell_508_144,30.670055487625287,79.43998779531223,3496,36.452263,115.346176,0.0040010093,11.24905201487396,1,LS_006,2017.0,LS_006,LS_006
cell_509_130,30.669748757396743,79.43583387449489,3767,39.644775,120.23457,0.010168431,20.704484027178243,0,,,LS_006,LS_006
cell_526_150,30.66545567669776,79.44184399748096,3854,36.565117,310.19653,-0.016930636,27.24690493735131,0,,,LS_006,LS_006
cell_1157_212,30.50367296200012,79.46281635774471,2226,36.941296,43.106617,0.005276828,2.053077930436196,0,,,LS_003,LS_003
cell_498_153,30.67265489060357,79.44261964615053,3379,38.637833,102.05079,-0.0072187735,56.1416734311304,0,,,LS_006,LS_006
cell_1051_96,30.53047692554317,79.4279846307807,3134,28.715796,77.969406,9.314315e-05,10.746826308630242,0,,,LS_008,LS_008
cell_492_154,30.67419884979274,79.44289194610268,3410,31.329533,106.34289,0.004169406,28.416735093356507,0,,,LS_006,LS_006
cell_1013_1040,30.54331224539137,79.70784671461671,3883,41.221992,54.79621,-0.0019209847,13.295799407419665,0,,,LS_007,LS_007
cell_1133_71,30.5093348435132,79.42091067714607,2501,50.2266,248.78203,0.015532807,4.548149281639681,0,,,LS_004,LS_004
cell_1128_228,30.511174368270545,79.46744359282835,2559,25.990107,100.90502,-4.260998e-05,7.541745665187173,0,,,LS_003,LS_003
cell_948_569,30.55853997778196,79.567883313995,1680,28.321676,342.451,0.0006995595,6.892330709144799,0,,,LS_005,LS_005
cell_1139_70,30.507790828708803,79.4206390675348,2382,34.052265,278.97263,-0.0023063556,22.65627982110404,0,,,LS_004,LS_004
cell_1096_307,30.51966361739684,79.49074222233791,1467,42.328743,83.35472,-0.003938949,40.750274305201714,0,,,LS_002,LS_002
cell_1104_315,30.517637116091123,79.49314634213444,1216,11.437297,332.8787,-0.009661524,1079313.295106687,0,,,LS_002,LS_002
cell_497_132,30.672836696964755,79.43637825263872,3945,40.928722,103.47316,0.009503368,5.956803158724924,0,,,LS_006,LS_006
cell_1140_195,30.507978018303767,79.45770695879476,2443,31.972574,193.8407,-0.0022318268,7.129621746953919,0,,,LS_003,LS_003
cell_1156_210,30.503922708395947,79.46221931575424,2250,49.286816,46.83773,0.009470355,3.1446995242239457,0,,,LS_003,LS_003
cell_1013_54,30.540081938897195,79.41537002975215,3353,37.675232,18.228855,-0.008608944,7.677635381845981,0,,,LS_008,LS_008
cell_495_136,30.67336445676476,79.43755803725276,3853,43.119102,126.224945,-0.0030069978,13.73240502024388,0,,,LS_006,LS_006
cell_947_567,30.55879020169831,79.56728617810771,1655,34.72949,351.25385,-0.005434407,1193.0937453546708,0,,,LS_005,LS_005
cell_488_132,30.67514728767141,79.43634102669371,3996,46.64625,87.86131,0.0021825964,2.5431698834656182,0,,,LS_006,LS_006
cell_1043_75,30.53245550127058,79.42172330867412,3203,30.120636,293.6542,0.009728748,1.2204524292050485,0,,,LS_008,LS_008
cell_1127_67,30.5108608859116,79.41969971067223,2561,40.839706,217.56859,0.0034012673,2.7087309183904766,0,,,LS_004,LS_004
cell_1038_86,30.5337786737136,79.42496500346047,3181,43.01308,81.33586,-0.010055617,11.579303461166548,0,,,LS_008,LS_008
cell_1151_204,30.505185414299,79.4604200814992,2260,20.294695,127.278175,-0.004821033,8.104918634524019,0,,,LS_003,LS_003
cell_1045_1037,30.53508683724116,79.70706562455271,4028,35.5648,142.98933,0.009924369,1.141789219786865,0,,,LS_007,LS_007
cell_477_128,30.67795703320984,79.43510741013064,4037,47.6531,71.56505,-0.013512898,25.590175176157864,0,,,LS_006,LS_006
cell_1037_1079,30.53726405936948,79.71949707088957,3286,31.806105,105.61099,0.001483893,5.024611732265954,0,,,LS_007,LS_007
cell_508_146,30.67006261931679,79.44058180441121,3463,18.296358,73.00918,-0.014003846,5673.160349392929,1,LS_006,2017.0,LS_006,LS_006
cell_1149_304,30.50604581653865,79.49006291666292,1452,17.777802,323.91492,-0.005193296,144.99284376855334,0,,,LS_002,LS_002
cell_1140_311,30.508380558844205,79.49210283938349,1447,39.047443,252.34988,0.0055029094,12.90986738034915,0,,,LS_002,LS_002
cell_1034_78,30.5347769047212,79.42257571175101,3284,29.512428,228.14496,-0.0012476146,3.2805587242577525,0,,,LS_008,LS_008
cell_1056_1036,30.532259442661264,79.70680641851779,3981,50.896694,99.86581,-0.016300282,15.385957282791775,0,,,LS_007,LS_007
cell_485_139,30.6759424962646,79.43840777177167,3805,45.20356,132.52579,-0.006258209,7.081220467256927,0,,,LS_006,LS_006
cell_1150_289,30.5057374636294,79.48561922424412,1310,21.40939,311.36703,-0.006646148,14.590296206939406,0,,,LS_002,LS_002
cell_1112_306,30.51555226168304,79.49050916234494,1465,63.48916,112.40744,0.014541838,1.3382022319077225,0,,,LS_002,LS_002
cell_1169_239,30.500686221817183,79.47087010949325,1862,29.763351,143.74615,0.02220732,1.0001797852818577,0,,,LS_003,LS_003
cell_1084_72,30.521918533177352,79.42100382339667,2918,39.761375,266.06522,0.0049215937,6.298446977322446,0,,,LS_004,LS_004
cell_1052_1055,30.53334234515123,79.71242863876545,3656,36.281967,12.789073,-0.0016307083,12.282699175334733,0,,,LS_007,LS_007
cell_1045_665,30.53394482809756,79.59672327489119,1922,40.458122,17.688463,0.0015284227,100.22067823599085,0,,,LS_001,LS_001
cell_891_582,30.573217236317856,79.57152573151795,2034,46.40469,75.96375,-0.00040058524,1.0169704926191725,0,,,LS_005,LS_005
cell_1065_66,30.526774941254352,79.41914554292741,3032,48.0517,174.10938,-0.0042112838,5.448901561368784,0,,,LS_008,LS_008
cell_1152_208,30.50494267813724,79.46161014457009,2229,35.104183,181.4321,-0.010028458,8.965422063324587,0,,,LS_003,LS_003
cell_532_130,30.66384390928696,79.43592900935175,3829,9.920969,298.49564,0.006199802,1.0309107359092462,0,,,LS_006,LS_006
cell_1053_75,30.52988813989792,79.42176482083627,3194,45.91127,254.95866,0.013732664,3.725196652655303,0,,,LS_008,LS_008
cell_1047_653,30.53339292154671,79.59317135241936,2084,38.539673,41.42367,0.004169136,6.253026793170371,0,,,LS_001,LS_001
cell_1155_298,30.50448472013944,79.48830767925246,1495,35.888824,326.88864,-0.0061996575,3.9715598142787374,0,,,LS_002,LS_002
cell_1055_97,30.52945355649144,79.42829774334965,3157,35.48277,67.54306,0.029480888,1.0924733694190774,0,,,LS_008,LS_008
cell_529_130,30.664614107186207,79.43591660205114,3812,16.631552,318.57632,0.0012016224,1.0227869614189498,0,,,LS_006,LS_006
cell_953_569,30.557256216005587,79.5679021685079,1759,39.867756,353.65982,0.0032873289,8.464004452626948,0,,,LS_005,LS_005
cell_1037_54,30.533920295965192,79.41547008128029,3452,48.51243,162.83183,0.0055149533,1.7459454927631366,0,,,LS_008,LS_008
cell_1059_1037,30.531492082194248,79.70711324011762,3972,32.701546,57.28833,-0.005806862,3.9170997025443737,0,,,LS_007,LS_007
cell_1131_293,30.51062939422312,79.48672971066206,1420,49.86311,129.28941,0.004741082,1.8089115891145056,0,,,LS_002,LS_002
cell_943_547,30.559751775245545,79.56133738702877,1683,24.114603,15.945399,-0.0043156296,21.211983369623336,0,,,LS_005,LS_005
cell_1059_1053,30.53153909868841,79.71185911240906,3790,29.030851,50.136383,0.02638603,2.633222788535683,0,,,LS_007,LS_007
cell_1140_216,30.508051564507586,79.46393374771523,2452,27.693285,174.71877,0.0030174514,8.402235232866571,0,,,LS_003,LS_003
cell_1134_230,30.509640886180527,79.46806079819193,2501,12.191486,116.56505,0.0032176864,3.174650219360952,0,,,LS_003,LS_003
cell_1038_1053,30.53693124054957,79.71178794785969,3788,52.41396,111.621574,-0.0053654374,4.235426147089169,1,LS_007,2017.0,LS_007,LS_007
cell_1040_638,30.53514208226047,79.58869624216727,2126,12.147411,88.830864,-0.00081267767,6.82059994016241,1,LS_001,2014.0,LS_001,LS_001
cell_498_121,30.672540598238488,79.43311526301945,4170,49.527374,157.76001,0.0008761824,4.28765116914733,0,,,LS_006,LS_006
cell_1083_72,30.522175269582394,79.42099967173797,2916,52.25854,224.72455,-0.020024003,15.382395871913689,0,,,LS_008,LS_008
cell_526_151,30.66545923816046,79.44214098819774,3871,38.91624,307.92966,-0.013448698,19.03928957417316,0,,,LS_006,LS_006
cell_497_125,30.672811654882096,79.43429916649221,4113,46.56933,96.44541,0.0038690479,5.531713576046321,0,,,LS_006,LS_006
cell_1134_310,30.50991760039401,79.49178253904358,1426,41.28182,287.16595,0.0009559523,13.168362701378904,0,,,LS_002,LS_002
cell_1038_92,30.53380018047432,79.4267445259246,3087,38.2458,85.84615,-0.011515837,30.449110363370625,0,,,LS_008,LS_008
cell_1116_292,30.51447712115732,79.48637351191054,1740,66.57728,168.47627,-0.0003135486,5.5813669097188265,0,,,LS_002,LS_002
cell_538_129,30.66229993792858,79.43565684232944,3878,30.17755,328.59094,0.0019698562,5.697001920777226,0,,,LS_006,LS_006
cell_943_561,30.55979760838601,79.5654909750983,1611,31.671711,28.024508,-0.004597499,14.512605656083144,0,,,LS_005,LS_005
cell_1099_281,30.518803839148784,79.48304381951603,2008,34.811123,86.37852,-0.0013866082,22.5546431305914,0,,,LS_002,LS_002
cell_1155_246,30.504304964497425,79.4728893923285,2199,57.468132,167.87161,-0.0071918834,3.60751254599828,0,,,LS_003,LS_003
cell_893_569,30.57266133990532,79.56767583435193,2160,52.67975,86.16041,-0.00547733,5.761176150361844,0,,,LS_005,LS_005
cell_1134_317,30.509941607584462,79.49385820696256,1656,53.531082,234.24611,-0.0007968979,3.261738796730176,0,,,LS_002,LS_002
cell_1075_1059,30.52744838079425,79.71369295026524,3462,45.372517,141.68932,0.002841974,15.985497432732908,0,,,LS_007,LS_007
cell_1075_628,30.52612346976447,79.58586030272315,2474,22.870201,31.373007,-0.002396031,3.6748315217348,0,,,LS_001,LS_001
cell_1135_275,30.50954032463908,79.48140822788605,1648,52.94532,132.31203,-0.006191037,13.255039137692714,0,,,LS_002,LS_002
cell_1115_113,30.514106450193687,79.43329011677953,3074,15.468018,324.0395,-0.00081889646,9.361459204042484,0,,,LS_004,LS_004
cell_1116_80,30.513731685624563,79.423508853274,2647,15.977252,228.7314,-0.0011724988,47.60827894608981,0,,,LS_004,LS_004
cell_1120_288,30.51343635877168,79.48520329121155,1541,54.20261,153.27264,-0.014459806,14.376921071350342,1,LS_002,2014.0,LS_002,LS_002
cell_1159_287,30.503419867316843,79.48506202863742,1321,37.696735,246.20282,-0.0012724282,7.692155593864808,0,,,LS_002,LS_002
cell_1101_100,30.517654369791728,79.42937745281637,2960,34.018555,71.800835,0.0050538564,3.1338297740997314,0,,,LS_004,LS_004
cell_1018_1078,30.542139757319045,79.71913640140676,3309,46.027397,106.74575,-0.0045370227,11.387086301449884,0,,,LS_007,LS_007
cell_1108_84,30.51579992813049,79.42466183069286,2830,48.278362,190.60587,-0.00067104324,14.025491435461271,0,,,LS_004,LS_004
cell_1137_242,30.50891243914484,79.47163108795932,2390,29.735659,88.23761,-0.0017003561,21.13141829644364,0,,,LS_003,LS_003
cell_1067_1062,30.52951131688004,79.71455571959193,3537,39.873993,143.55183,-0.0072766254,12.203701794149792,0,,,LS_007,LS_007
cell_1132_217,30.510108996893496,79.46419797418785,2622,44.458916,200.70612,-0.0031584771,4.479925473514316,0,,,LS_003,LS_003
cell_1048_67,30.53114305079564,79.4193714388295,3103,16.277061,186.91122,-0.006548022,986.8073063455522,1,LS_008,2017.0,LS_008,LS_008
cell_1048_1070,30.53441332577908,79.71686448548103,3424,30.278082,45.0,-0.0012437563,15.86715886155996,0,,,LS_007,LS_007
cell_1135_304,30.50964025124971,79.49000736542875,1327,47.787724,269.77173,0.014246401,2.4368375702358054,0,,,LS_002,LS_002
cell_1053_59,30.52983055980528,79.41701963341215,3217,37.62135,4.2484546,0.0029611168,1.860897846678391,0,,,LS_008,LS_008
cell_1122_290,30.512929762743862,79.48580431832502,1471,35.10103,131.9606,-0.020743351,1364.3856228836748,1,LS_002,2014.0,LS_002,LS_002
cell_494_170,30.67374226066017,79.44765244692695,3359,33.486954,32.529537,-0.0056286124,3.8137093254192926,0,,,LS_006,LS_006
cell_1126_215,30.511642458408545,79.46358070570885,2746,10.234417,131.05481,0.0083065005,1.887493701972197,0,,,LS_003,LS_003
cell_1061_636,30.529743785156693,79.58818100616796,2265,43.404945,66.172585,0.0010143784,4.0089283864454925,0,,,LS_001,LS_001
cell_509_145,30.66980232086744,79.44028892499978,3478,19.08768,66.037506,-0.011489616,3230.9354713366824,1,LS_006,2017.0,LS_006,LS_006
cell_927_564,30.563915444950723,79.56632062200394,1420,44.218246,200.88898,-0.0022080862,17.234815178646706,0,,,LS_005,LS_005
cell_1014_618,30.541753294331443,79.58266703337455,2068,27.287159,47.070026,-0.0052544638,55.591622398238094,0,,,LS_001,LS_001
cell_1052_51,30.530058440293004,79.41464287515855,3336,36.83485,140.71059,0.00047771155,2.7072507633192564,0,,,LS_008,LS_008
cell_517_166,30.66782318326328,79.4465588833047,3848,33.417088,11.908293,0.026674155,1.0504815534400307,0,,,LS_006,LS_006
cell_899_567,30.571114297626885,79.56710503582595,2271,30.927261,205.62585,0.0016634605,1.0030845875408827,0,,,LS_005,LS_005
cell_1123_218,30.512423170599494,79.46445817399486,2726,24.779396,68.80594,0.00936324,1.3490292411220492,0,,,LS_003,LS_003
cell_1042_46,30.532607734541624,79.41311826645462,3454,39.521713,108.62786,0.010219106,2.0159656875592966,0,,,LS_008,LS_008
cell_533_134,30.6636014716646,79.43712108198989,3835,29.820053,344.8989,0.00039339426,13.159773101390313,0,,,LS_006,LS_006
cell_529_134,30.66462840279932,79.43710455158087,3770,23.319727,351.20944,-0.011871395,63.23710660462008,0,,,LS_006,LS_006
cell_1018_74,30.538870305070887,79.42132290302216,3313,43.628345,16.598106,-0.0017203817,1.947129199536928,0,,,LS_008,LS_008
cell_1078_88,30.523516376574594,79.42572379952531,3216,32.7563,38.904137,-0.0028211428,4.241651452950127,0,,,LS_004,LS_004
cell_1153_302,30.505011962786085,79.48948576928271,1498,26.466621,11.706434,0.0030791392,2.907292460407597,0,,,LS_002,LS_002
cell_1159_215,30.503169965878744,79.46371393336455,2184,36.297615,93.08481,0.019176504,1.1978326641052226,0,,,LS_003,LS_003
cell_939_600,30.560951601255628,79.57704674616788,1474,33.89435,41.82018,0.0065254727,16.138138999687964,0,,,LS_005,LS_005
cell_955_561,30.55671658350559,79.56553630173504,1806,35.597496,353.65982,-0.0017790616,81.89003023794771,0,,,LS_005,LS_005
cell_1016_55,30.53931534241527,79.4156791402649,3384,24.78137,62.21608,0.006794031,2.469383795095076,0,,,LS_008,LS_008
cell_1090_87,30.520431949055983,79.42547692307234,3197,38.486103,261.42227,0.0069572506,1.1994904522041288,0,,,LS_004,LS_004
cell_1044_1067,30.53543163300061,79.71596109370765,3452,31.87674,100.99251,-0.0059493715,77.73627976312675,0,,,LS_007,LS_007
cell_1052_629,30.532032066034304,79.58607135897738,2227,19.813843,9.117861,-0.0030994874,342.4350198930882,0,,,LS_001,LS_001
cell_1052_1027,30.53325998480877,79.70412321432599,4208,39.104046,88.45184,-0.0034522454,7.022306749229697,0,,,LS_007,LS_007
cell_1091_272,30.52082668686325,79.4803429131858,2479,26.294947,120.43973,0.016547993,1.0,0,,,LS_002,LS_002
cell_1031_1058,30.53874328154059,79.71324741863057,3623,26.224686,68.00887,0.005889853,12.96512340478104,0,,,LS_007,LS_007
cell_1106_282,30.51701008253288,79.48336827879882,2032,25.918518,96.22583,0.0028782343,1.7244478302140196,0,,,LS_002,LS_002
cell_1029_84,30.53608212620516,79.42433452495467,3199,55.242416,33.060474,0.0065087094,1.8780594832520967,0,,,LS_008,LS_008
cell_933_586,30.562446651770603,79.57287053793425,1425,33.900017,359.62552,0.000515312,19.417858330320712,0,,,LS_005,LS_005
cell_1042_1045,30.535880675551105,79.70942846090081,3915,33.38555,111.09234,-0.007608412,13.953103210583246,0,,,LS_007,LS_007
cell_1044_92,30.53225976036912,79.42676935596853,3218,33.617737,43.394005,0.009990159,3.6172656572944377,0,,,LS_008,LS_008
cell_1113_97,30.514562791711803,79.42853740855792,2918,38.060516,226.8183,0.0018783847,4.783638508871543,0,,,LS_004,LS_004
cell_1057_90,30.528915017327133,79.42623000307245,3316,53.678783,134.47676,-0.0050912914,2.6995185771030776,0,,,LS_008,LS_008
cell_509_166,30.669877053263857,79.4465260157266,3653,40.422066,312.4923,0.019792357,1.47623781500881,0,,,LS_006,LS_006
cell_1054_615,30.53147341635508,79.58192637552308,2332,15.717847,67.036224,-0.0062067118,892.1803269686951,0,,,LS_001,LS_001
cell_533_133,30.66359789892403,79.43682409766588,3831,26.368488,352.87497,-0.0044298074,19.317000571446503,0,,,LS_006,LS_006
cell_1041_69,30.532947398486144,79.4199355026046,3213,32.495483,158.5654,0.0017493772,2.6926899907304898,0,,,LS_008,LS_008
cell_1079_58,30.52315182697343,79.41683131066284,2934,45.174656,192.09476,0.0018253803,2.941394326479106,0,,,LS_008,LS_008
cell_1159_220,30.50318743304701,79.46519643132945,2063,19.271906,122.69198,-0.012391805,1041.886598320732,1,LS_003,2014.0,LS_003,LS_003
cell_1132_280,30.510327827030512,79.4828788735417,1689,56.62758,174.35538,-0.0043475544,2.4316357537162108,0,,,LS_002,LS_002
cell_1153_284,30.50494999321931,79.48414862255824,1250,40.467873,286.75574,0.010033797,2.9313775675642217,0,,,LS_002,LS_002
cell_1135_80,30.50885367988085,79.42358757386774,2674,40.152763,268.21008,-0.0010033767,12.162762924065468,0,,,LS_004,LS_004
cell_1020_1050,30.54154426682766,79.71083699122579,3778,44.623783,106.01544,-0.011578469,9.18496038459182,0,,,LS_007,LS_007
cell_1039_1054,30.53667740538495,79.71208797006842,3731,46.988667,91.40863,-0.0011709195,8.01182342932157,1,LS_007,2017.0,LS_007,LS_007
cell_907_553,30.569014490160143,79.56298124829728,1776,39.59725,214.6182,-0.011618873,15.327034818878062,0,,,LS_005,LS_005
cell_1086_66,30.52138348315312,79.41923283488379,2739,35.759987,210.00493,-0.02043037,2194.4623599556708,0,,,LS_008,LS_008
cell_1029_607,30.53786642765577,79.57946014561206,2302,27.83792,43.652115,-0.0026151054,57.98148236922309,0,,,LS_001,LS_001
cell_528_151,30.66494577144608,79.44214922715189,3925,49.590393,332.8601,-0.0033752834,8.655079407450229,0,,,LS_006,LS_006
cell_1053_1057,30.533091438958845,79.71302527017212,3655,37.704792,36.218834,-0.0049933265,6.573633922466554,0,,,LS_007,LS_007
cell_1043_1086,30.53574383913639,79.72159370204999,3138,33.900017,90.37447,-0.007044757,236.9894128317516,0,,,LS_007,LS_007
cell_1103_62,30.517004570232764,79.41811734212116,2607,31.598886,260.1342,0.0100495145,3.281791616235512,0,,,LS_004,LS_004
cell_1132_263,30.51026904125276,79.47783797578697,2009,61.60523,141.36143,-0.002540485,3.7073002969442816,0,,,LS_002,LS_002
cell_916_552,30.566700451752272,79.56271861002332,1606,46.847385,197.98734,-0.0010662093,37.576012239382194,0,,,LS_005,LS_005
cell_1003_1044,30.545891692795248,79.70899934992147,3914,50.51808,152.8787,0.0012336056,2.147035687792032,0,,,LS_007,LS_007
cell_1038_646,30.53568128321572,79.59106173641919,2032,42.31481,39.91174,0.0060813474,3.2288674165276565,0,,,LS_001,LS_001
cell_496_176,30.67325007693878,79.44944275212427,3304,27.017607,10.922806,-0.004655723,36.49339686260611,0,,,LS_006,LS_006
cell_506_170,30.67066145558946,79.44770171885409,3618,53.49814,63.768063,0.026104301,1.018597762329186,0,,,LS_006,LS_006
cell_1075_1047,30.527413188965085,79.71013369154623,3629,41.29532,143.1301,0.009472682,2.3501049249036043,0,,,LS_007,LS_007
cell_526_172,30.665533872175946,79.44837780545755,3795,28.416746,356.7428,0.0067842207,3.0681017586456667,0,,,LS_006,LS_006
cell_534_164,30.663451604573176,79.44603474528215,4016,28.054136,98.53077,0.020000352,1.092502167207133,0,,,LS_006,LS_006
cell_1065_1030,30.52993084946435,79.70505736130036,3989,36.238865,134.51445,-0.0050608884,42.93062022916703,0,,,LS_007,LS_007
cell_532_141,30.663883194909683,79.43919584671262,3859,33.37619,343.7398,0.00155814,14.81818786756271,0,,,LS_006,LS_006
cell_520_117,30.666878160355065,79.43201845538735,4063,53.935932,133.44484,-0.000602314,2.238753375333593,0,,,LS_006,LS_006
cell_1106_106,30.51639211680977,79.431177305821,2939,31.148382,337.3481,-0.002964063,7.77110385364669,0,,,LS_004,LS_004
cell_1127_58,30.51082849421855,79.417031063632,2311,65.10391,207.03511,0.0038495979,4.17346174974959,0,,,LS_004,LS_004
cell_1023_69,30.537568641936712,79.41986068116017,3299,42.39425,128.35847,-0.014268918,6.9514467636347765,0,,,LS_008,LS_008
cell_1015_1070,30.54288670242201,79.71675306859473,3532,24.68439,63.924652,0.020417143,1.0303314256177962,0,,,LS_007,LS_007
cell_478_154,30.677793112048214,79.4428342752735,3492,26.846428,105.60395,-0.013709684,7.636084447616923,0,,,LS_006,LS_006
cell_1022_1044,30.54101310053361,79.70906390011238,3881,42.565594,123.69007,0.013614593,2.132481174219861,0,,,LS_007,LS_007
cell_1062_1031,30.530704102076925,79.70534375714655,4010,27.500664,117.64597,-0.012369882,19.45206195958438,0,,,LS_007,LS_007
cell_1047_75,30.53142855684916,79.42173991417943,3183,33.59813,328.51657,-0.007972045,7.309374493394076,0,,,LS_008,LS_008
cell_1042_49,30.53261857149277,79.41400801168065,3393,40.436348,104.32272,0.004275744,4.147254925520165,0,,,LS_008,LS_008
cell_1169_193,30.5005254937478,79.45723148981237,2442,13.804675,65.72556,-0.0006823288,1.6537458134444298,0,,,LS_003,LS_003
cell_959_557,30.555676495335607,79.56436471859334,1854,15.959403,47.489548,-0.004786387,12.119612121335136,0,,,LS_005,LS_005
cell_1046_44,30.53157356670779,79.41254180559328,3448,37.415806,111.557076,-0.011509214,5.394149658552357,0,,,LS_008,LS_008
cell_1022_1078,30.541112680891985,79.71914988351769,3286,46.46012,139.06152,0.00051135523,5.4800631390840016,0,,,LS_007,LS_007
cell_504_146,30.67108955112651,79.44056530636229,3490,35.079964,96.102776,0.0048284703,5.90628188183317,0,,,LS_006,LS_006
cell_1046_1024,30.53479173586913,79.70321288117486,4296,33.801144,109.14814,0.012065782,1.3987517673082066,0,,,LS_007,LS_007
cell_499_177,30.67248341989988,79.44975206965066,3342,26.44526,29.05461,-0.0057576303,131.03728701518892,0,,,LS_006,LS_006
cell_1089_297,30.52142644252645,79.48774886092234,1828,54.28034,152.9494,-0.01032595,9.993527372017155,0,,,LS_002,LS_002
cell_1160_221,30.50293418186676,79.4654969627277,2049,16.360502,141.07246,-0.014874489,1760.076794643679,1,LS_003,2014.0,LS_003,LS_003
cell_1074_87,30.5245397400586,79.42541068219997,3199,39.655052,62.891872,0.014516882,1.3915179996599805,0,,,LS_008,LS_008
cell_509_127,30.669738026384,79.43494286582745,3839,48.611137,119.442314,0.012480466,2.454699304619863,0,,,LS_006,LS_006
cell_1064_1071,30.53030793901717,79.71721510300414,3466,25.60649,138.71529,0.0031068411,2.383525939704372,0,,,LS_007,LS_007
cell_1143_297,30.507562222473386,79.48796349598398,1307,35.479683,327.58295,0.0025685194,15.6941235441097,0,,,LS_002,LS_002
cell_1044_627,30.53407966798745,79.58544838446721,2253,21.55528,98.31027,0.0011134861,2.588194081785939,0,,,LS_001,LS_001
cell_1100_275,30.518526366684707,79.48126851564379,2096,42.77236,107.4027,-0.0022143063,24.58886669679624,0,,,LS_002,LS_002
cell_1024_1071,30.54057870500924,79.71708010513073,3420,58.730434,136.72916,0.016731502,2.6710859872080173,0,,,LS_007,LS_007
cell_1034_1021,30.53786408487124,79.70228203328816,4272,38.099846,61.568836,0.003528359,8.694113176370129,0,,,LS_007,LS_007
cell_1056_36,30.52897728150317,79.41021099428363,3297,49.27386,225.61276,-0.012147072,8.068727167317704,0,,,LS_008,LS_008
cell_491_167,30.67450181014447,79.44674907035568,3351,27.963448,321.0441,0.002508121,1.710410741675606,0,,,LS_006,LS_006
cell_495_118,30.67330004320845,79.43221178891561,4286,35.766052,127.568596,0.009496571,2.924167225654659,0,,,LS_006,LS_006
cell_927_569,30.563931774361205,79.5678041118059,1479,56.201843,192.56535,-0.00082490925,9.393949129235995,1,LS_005,2017.0,LS_005,LS_005
cell_1136_194,30.509001474289363,79.45739423047723,2517,44.646454,170.78897,0.0035691469,2.815070787474396,0,,,LS_003,LS_003
cell_963_565,30.55467563427189,79.56675319436532,1882,14.640424,16.606985,-0.003988112,1466.6878385659838,0,,,LS_005,LS_005
cell_1048_638,30.53308803732141,79.58872594279568,2185,23.287266,90.0,0.003023749,1.5602986900307083,0,,,LS_001,LS_001
cell_1039_646,30.53542452739457,79.59106544302271,2042,29.53902,71.00334,0.0034896506,3.2735507540509823,0,,,LS_001,LS_001
cell_1155_290,30.50445718406393,79.48593562608535,1377,31.517885,308.01895,0.0021366032,2.742988203891064,0,,,LS_002,LS_002
cell_1165_205,30.50159452870161,79.46077320515896,2437,19.55918,98.53077,0.011934817,1.000038117206223,0,,,LS_003,LS_003
cell_1065_83,30.52683602661027,79.42418715242296,3200,24.251822,240.18584,0.012235865,2.265208489763107,0,,,LS_008,LS_008
cell_1045_60,30.53188804840512,79.41728290440955,3254,44.94686,155.01357,0.016788725,3.6468538128768726,0,,,LS_008,LS_008
cell_1126_283,30.511878647535223,79.48374453551732,1649,47.511597,72.43973,0.008901482,4.783248223458412,0,,,LS_002,LS_002
cell_1053_613,30.53172371204692,79.58132944156424,2353,22.619081,124.69515,0.00042845958,4.216937402060268,0,,,LS_001,LS_001
cell_1014_1055,30.54309955033697,79.71229989842814,3673,40.152763,104.47029,0.0069515286,1.680099104316574,0,,,LS_007,LS_007
cell_1054_35,30.52948713108912,79.40990606007396,3349,49.037243,229.01958,0.013774507,1.7541954488054232,0,,,LS_008,LS_008
cell_1061_89,30.52788448683365,79.42594998965765,3219,50.02473,129.02223,-0.013920154,6.597414502970549,0,,,LS_008,LS_008
cell_938_572,30.561117288983763,79.56873567003264,1536,39.919903,4.214181,0.0053935125,3.3903340100981683,0,,,LS_005,LS_005
cell_492_134,30.67412750771201,79.43695160502975,3922,35.941864,88.2643,0.0012129355,4.0967757019725,0,,,LS_006,LS_006
cell_1111_70,30.514979458356507,79.42052283950778,2650,43.28356,212.4302,-0.0036333904,8.39392101827504,0,,,LS_004,LS_004
cell_1054_36,30.529490751060703,79.41020263182027,3374,46.26894,228.40645,0.017507507,1.4960974601890409,0,,,LS_008,LS_008
cell_1048_66,30.531139451519152,79.41907486074582,3105,19.093384,144.2933,-0.003906814,219.7488465835971,1,LS_008,2017.0,LS_008,LS_008
cell_1145_227,30.506806256932844,79.46721554749872,2433,13.927055,157.0679,-0.0035449388,7.219949120302587,0,,,LS_003,LS_003
cell_1042_1085,30.535997697020303,79.72129370670177,3153,29.417522,85.532845,-0.0036348829,214.28878849909296,0,,,LS_007,LS_007
cell_1038_1051,30.53692537168277,79.71119468046076,3830,33.11084,98.130104,-0.008206622,5.83708975468922,1,LS_007,2017.0,LS_007,LS_007
cell_1119_311,30.513772213275423,79.49201961359199,1337,45.660294,280.63477,0.00699673,7.204879097226585,0,,,LS_002,LS_002
cell_1006_1045,30.545124329460947,79.70930620143957,3746,55.687965,142.30576,-0.023529414,20.328438329417068,0,,,LS_007,LS_007
cell_1075_79,30.52425430594886,79.4230423592372,3180,35.114708,290.4723,-0.0054681175,8.357868378496564,0,,,LS_008,LS_008
cell_1044_1077,30.535460840511632,79.7189273926063,3293,29.463558,59.64737,-0.003893435,158.70436308494487,0,,,LS_007,LS_007
cell_1122_305,30.51298137485266,79.49025230605733,1217,15.746926,307.40536,0.0016607197,8.670226948519081,0,,,LS_002,LS_002
cell_1005_652,30.54417346488857,79.59271923809546,1554,11.909263,238.627,-0.0011985607,96590.34411177292,0,,,LS_001,LS_001
cell_1013_649,30.54210980031732,79.59185896007259,1700,16.019993,83.85337,-0.0017447735,113.21161696660222,0,,,LS_001,LS_001
cell_505_178,30.67094655962625,79.45007368063905,3471,39.54083,20.556051,-0.015470925,38.498683304233055,0,,,LS_006,LS_006
cell_501_112,30.67173813337746,79.43045461969297,4261,49.631844,125.885826,-0.005556885,4.601678030504198,0,,,LS_006,LS_006
cell_961_575,30.555221762831568,79.56971236332627,1883,21.36045,358.0694,0.002549024,4.317888245784338,0,,,LS_005,LS_005
cell_1062_69,30.527555943437083,79.42002277240822,3098,36.873554,107.37404,0.032492142,1.024766258113815,0,,,LS_008,LS_008
cell_474_143,30.678780832013693,79.43955045034392,3641,43.690777,86.04575,-0.0026127151,5.021436423829511,0,,,LS_006,LS_006
cell_536_123,30.662791936948167,79.43386668048433,3845,24.985292,43.47247,-0.0027669691,106.53936102150035,0,,,LS_006,LS_006
cell_1124_212,30.512145450301425,79.4626830495968,2782,23.304586,110.282555,0.0053161713,2.21177713221928,0,,,LS_003,LS_003
cell_512_139,30.669010715557864,79.43851929266616,3546,34.45693,107.507164,0.0020616069,136.47539892762697,0,,,LS_006,LS_006
cell_507_145,30.67031578674247,79.4402806746177,3479,35.48277,112.45694,-0.007187079,27.31267134200109,1,LS_006,2017.0,LS_006,LS_006
cell_1066_630,30.52844070805489,79.58642001583041,2390,25.914837,40.601288,0.0038753052,1.8095805598553136,0,,,LS_001,LS_001
cell_1021_1073,30.54135485465456,79.71766327314954,3429,48.11325,125.38027,0.003974604,4.444132274014671,0,,,LS_007,LS_007
cell_952_553,30.55746066811652,79.56315154686793,1771,30.872879,12.300537,-0.0014077027,47.77838559637646,0,,,LS_005,LS_005
cell_1044_628,30.53408288880673,79.58574499408239,2245,15.589861,118.17859,-0.0017209313,2.0250203116266183,0,,,LS_001,LS_001
cell_1060_637,30.530003755102843,79.58847389039039,2233,38.799793,88.43493,-0.003356281,16.20403476069941,0,,,LS_001,LS_001
cell_1035_59,30.5344517989504,79.41694468323226,3400,28.90248,27.99205,0.001628921,1.1792860331649386,0,,,LS_008,LS_008
cell_1137_78,30.5083330301943,79.42300284025947,2624,42.557102,268.62955,0.0010266976,7.741372343389818,0,,,LS_004,LS_004
cell_1028_65,30.536270564856423,79.41869509183933,3283,33.65343,165.87209,0.004391519,1.543280712833962,0,,,LS_008,LS_008
cell_1030_70,30.53577509002756,79.42018637271879,3284,32.914684,250.58153,0.017053634,1.2366852471973278,0,,,LS_008,LS_008
cell_1038_1081,30.53701312110604,79.72009370971108,3237,36.46097,109.081116,-0.0083836885,10.288153507413709,0,,,LS_007,LS_007
cell_1117_287,30.514203144624656,79.48489481050235,1725,66.41608,171.62132,0.00078877644,4.568058336412812,0,,,LS_002,LS_002
cell_1031_1054,30.538731553773644,79.7120608612972,3752,48.67358,85.12611,0.0016214317,26.94726157567072,0,,,LS_007,LS_007
cell_1045_67,30.531913258280262,79.41935896623748,3133,36.937546,147.88818,-0.00026522746,23.484795232092225,1,LS_008,2017.0,LS_008,LS_008
cell_1031_1038,30.538684534668832,79.7073146389416,3989,37.01623,33.597504,0.0036248246,2.3874128971637867,0,,,LS_007,LS_007
cell_1060_1050,30.53127352757344,79.71097265115145,3803,26.57301,69.97391,-0.018219292,11.43189100600792,0,,,LS_007,LS_007
cell_1112_89,30.51479089684839,79.4261610407762,2797,42.836594,214.96979,-0.0038793616,14.080707875367256,0,,,LS_004,LS_004
cell_1145_75,30.50626836536609,79.42214648239924,2498,31.795801,249.25392,0.009093919,5.3026269165296895,0,,,LS_004,LS_004
cell_1070_78,30.525534398295203,79.42272506369163,3143,31.546673,340.78732,0.008766102,1.4790225746717067,0,,,LS_008,LS_008
cell_1050_86,30.530697835749383,79.4250147177452,3359,10.859704,344.0546,0.032474622,1.0000000166681748,0,,,LS_008,LS_008
cell_1115_266,30.51464407405333,79.47865957077134,1927,41.142567,80.15887,0.008063424,19.88535566017821,0,,,LS_002,LS_002
cell_1070_68,30.52549845744464,79.41975945080159,2970,36.664772,274.3987,0.016590133,1.46653069965975,0,,,LS_008,LS_008
cell_948_593,30.55861810707605,79.57500368843445,1641,26.502161,31.309952,0.000695605,17.308653314432448,0,,,LS_005,LS_005
cell_1064_1078,30.53032836829639,79.71929140382623,3409,45.830193,124.57147,0.014062576,1.419956238203874,0,,,LS_007,LS_007
cell_474_156,30.678827164318665,79.44341185952186,3432,43.2356,29.678492,0.01713295,1.4995553023201842,0,,,LS_006,LS_006
cell_1014_83,30.53992957992533,79.42397573524059,3081,41.834602,37.82568,-0.007359347,3.759284992613113,0,,,LS_008,LS_008
cell_1005_639,30.54413173561013,79.58886290654722,1732,33.734898,35.362465,0.0001842447,14.363544367716752,0,,,LS_001,LS_001
cell_1163_200,30.50209049583412,79.45928263892004,2406,17.458519,324.09027,0.0013533594,1.412397562871938,0,,,LS_003,LS_003
cell_1028_1028,30.539425363083847,79.70433802830476,4106,43.61376,139.11223,0.0029700287,3.550899453764252,0,,,LS_007,LS_007
cell_931_544,30.56282295318666,79.56040184079785,1563,20.760632,10.007984,0.0059930286,15.333574699174193,0,,,LS_005,LS_005
cell_1134_244,30.50968962265777,79.47221207906796,2370,25.286438,110.11963,-0.0011963112,19.157686874617333,0,,,LS_003,LS_003
cell_1051_1063,30.533622548455224,79.71479824259818,3565,28.82405,61.389545,0.0105741685,1.50626062812089,0,,,LS_007,LS_007
cell_1151_225,30.505258824855623,79.4666467004327,2385,33.90908,193.21909,0.009664972,1.342510896361947,0,,,LS_003,LS_003
cell_1112_293,30.51550754416388,79.48665413708058,1858,30.376608,109.24953,-0.008035012,11.839725244162976,0,,,LS_002,LS_002
cell_481_132,30.676944413179683,79.43631207020589,3970,42.256283,41.472534,0.01201185,1.5937919967465524,0,,,LS_006,LS_006
cell_1150_291,30.50574435339212,79.48621224491049,1331,28.715796,311.09952,0.0002563292,5.342679852969287,0,,,LS_002,LS_002
cell_537_128,30.66255309461322,79.43535572522936,3855,31.88827,329.45242,-0.0019267568,7.755513752273287,0,,,LS_006,LS_006
cell_1109_88,30.515557526584395,79.42585209809634,2859,44.381252,208.40524,0.009567379,3.677848981961656,1,LS_004,2017.0,LS_004,LS_004
cell_1076_72,30.523972424119755,79.42097060863239,3005,54.83444,251.78929,-0.024183849,23.1507388796526,0,,,LS_004,LS_004
cell_1140_294,30.508322133157723,79.48706202052689,1230,25.78923,297.03085,0.00041360603,43.376445619631774,0,,,LS_002,LS_002
cell_1039_97,30.53356134737768,79.42823159735137,3011,33.454388,49.853096,-0.0012817668,5.138783108654348,0,,,LS_008,LS_008
cell_1160_201,30.5028642262831,79.45956699318498,2384,21.431362,319.53778,-0.00044288274,2.421725582006967,0,,,LS_003,LS_003
cell_1010_1039,30.54407960532893,79.70753985799325,3858,38.21204,54.536636,-0.0036446606,29.903767444552823,0,,,LS_007,LS_007
cell_1048_68,30.531146649397403,79.41966801696664,3107,20.750431,214.61115,-0.0028575256,48.43689019998384,1,LS_008,2017.0,LS_008,LS_008
cell_1097_111,30.51872060312366,79.43262289856996,2866,30.21018,326.07022,-0.00014486394,4.329744956282536,0,,,LS_004,LS_004
cell_1039_638,30.53539883783044,79.58869252937392,2128,21.680614,73.96766,0.0050563775,1.3088752217955475,1,LS_001,2014.0,LS_001,LS_001
cell_1024_93,30.5373980751734,79.42698317988248,2936,35.57707,65.323135,0.0016104182,10.275214965601698,0,,,LS_008,LS_008
cell_959_583,30.555761319131005,79.5720782204964,1838,24.406063,64.17901,-0.0005894102,5.846308739934598,0,,,LS_005,LS_005
cell_1066_38,30.52641717011114,79.41084592832951,3171,42.961052,178.91908,-0.002676147,11.476654736995302,0,,,LS_008,LS_008
cell_533_154,30.663672784032,79.44306077960378,4129,38.089367,348.69006,0.008638445,1.2645248506561682,0,,,LS_006,LS_006
cell_1161_221,30.50267743926434,79.4655009943255,2049,20.604336,127.40536,0.0051165265,3.750779168281037,1,LS_003,2014.0,LS_003,LS_003
cell_1095_68,30.51908005124868,79.41986332149794,2738,41.48307,256.79208,0.0044117197,11.336673310717796,0,,,LS_004,LS_004
cell_507_146,30.67031935228521,79.44057767997845,3468,26.05591,109.41148,-0.0019396017,40.3149161583096,1,LS_006,2017.0,LS_006,LS_006
cell_521_135,30.666685837055045,79.43736848200662,3628,27.719675,343.98883,-0.005283191,2547.7169760980755,0,,,LS_006,LS_006
cell_888_574,30.57396141750934,79.56914060859563,2001,41.669212,27.956068,-0.008485868,42.29282299977693,0,,,LS_005,LS_005
cell_1069_55,30.52570836912197,79.41589999638336,3156,35.744827,73.33424,-0.013179071,6.127328438113339,0,,,LS_008,LS_008
cell_1144_229,30.507069973357822,79.46780454336636,2437,15.523543,198.43495,-0.0070573455,15.84287734215081,0,,,LS_003,LS_003
cell_483_138,30.67645239003029,79.4381024855994,3847,34.48756,82.28433,0.01455499,2.3133950363020848,0,,,LS_006,LS_006
cell_478_164,30.677828686359163,79.44580456364923,3219,27.39846,89.02898,-0.0028247745,31.37522372743614,0,,,LS_006,LS_006
cell_1065_79,30.52682167112536,79.42300088997806,3146,37.826035,248.07822,0.007779392,4.892958622257137,0,,,LS_008,LS_008
cell_1055_1075,30.532630541820488,79.71837121995782,3400,28.65517,13.477816,0.0015978019,3.767611901483092,0,,,LS_007,LS_007
cell_956_569,30.55648595881312,79.56791348063395,1818,27.420294,13.21275,0.0032630705,2.8039699044584805,0,,,LS_005,LS_005
cell_1022_1031,30.54097481938856,79.70520750801437,4082,29.39669,149.03624,-0.0035007286,8.397480758055877,0,,,LS_007,LS_007
cell_1121_288,30.513179614224114,79.48520727271303,1523,43.84421,140.19443,-0.00048652134,5.885339054871498,1,LS_002,2014.0,LS_002,LS_002
cell_918_597,30.566333683742663,79.57607792349071,1496,53.82271,87.23868,-0.0029067264,9.802286720800122,0,,,LS_005,LS_005
cell_1117_68,30.513431848297248,79.41995470009553,2566,18.860598,278.1301,-0.004668873,388.8838641283331,0,,,LS_004,LS_004
cell_1053_66,30.52985577234868,79.41909565122647,3139,34.74348,64.895424,0.0132802455,3.0127864811439955,0,,,LS_008,LS_008
cell_1063_96,30.52739608154002,79.42803424325207,3033,36.793213,56.49656,-0.019375633,27.98041817428785,0,,,LS_008,LS_008
cell_1139_313,30.50864416526956,79.49269191679885,1494,36.654263,262.53943,0.0036646645,16.64954946627745,0,,,LS_002,LS_002
cell_1032_1082,30.53855665191693,79.72037014414444,3213,32.707638,86.86364,-0.00015080585,13.374258263090848,0,,,LS_007,LS_007
cell_1038_1039,30.536890101766723,79.70763507973227,4027,41.295322,106.26021,0.010083584,2.077650090272931,0,,,LS_007,LS_007
cell_1040_88,30.53327237229927,79.42556646053146,3184,39.99508,52.230247,0.010493748,3.5116331897821373,0,,,LS_008,LS_008
cell_1126_301,30.51194064629556,79.48908205967065,1230,37.987724,95.48615,0.006034672,4.126040528104354,0,,,LS_002,LS_002
cell_514_126,30.668450786596782,79.43466656262017,3822,33.063213,74.74488,0.0012268985,91.48904249575486,0,,,LS_006,LS_006
cell_1040_87,30.53326878689999,79.42526987509272,3206,46.44865,41.275948,0.010786499,1.9435697653819115,0,,,LS_008,LS_008
cell_1047_96,30.53150387320396,79.42796809158921,3142,29.587662,104.78867,0.00072886504,2.417927762925963,0,,,LS_008,LS_008
cell_1137_200,30.50876578113151,79.4591773782455,2456,34.539944,124.60267,-0.017056141,8.108763053537107,0,,,LS_003,LS_003
cell_471_155,30.679593803131183,79.44310247006541,3390,37.475845,71.98023,0.009701221,19.09589302563735,0,,,LS_006,LS_006
cell_1164_247,30.50199774689301,79.47322199926823,1753,56.943264,185.90614,-0.00060576637,15.442632350934916,0,,,LS_003,LS_003
cell_1166_240,30.50145993012205,79.47115455309462,1799,44.964043,59.036243,-0.0061869514,5.380252239267538,0,,,LS_003,LS_003
cell_1041_1041,30.53612568221788,79.7082385417004,3983,40.316425,92.66989,0.011306837,2.0025016151543924,0,,,LS_007,LS_007
cell_1066_81,30.52657211367412,79.42359816670152,3163,33.281162,231.5198,-0.0012064307,4.154369995548404,0,,,LS_008,LS_008
cell_1170_247,30.500457285327617,79.47324606543576,1628,31.691162,68.72839,-0.008835687,8.289460810460183,0,,,LS_003,LS_003
cell_1018_76,30.53887749435019,79.42191610686385,3300,33.13816,66.19405,0.04344625,1.012405732872946,0,,,LS_008,LS_008
cell_498_173,30.672725970486244,79.44855991314104,3375,39.979603,45.0,-0.00023648591,8.047497994723981,0,,,LS_006,LS_006
cell_1069_65,30.52574439803473,79.4188656101164,2964,37.48855,150.49928,-0.0051811337,20.423046944957715,0,,,LS_008,LS_008
cell_493_144,30.67390647994568,79.43992589971332,3650,38.703487,102.66506,0.023413451,1.0693556649417566,0,,,LS_006,LS_006
cell_1052_84,30.530177189310923,79.42442985080605,3332,25.5896,312.02628,-0.0099963825,5.894420953875931,0,,,LS_008,LS_008
cell_1160_208,30.50288874140532,79.46164248016095,2354,45.675056,74.8311,0.014971349,1.652303059873802,0,,,LS_003,LS_003
cell_1165_218,30.50163999313257,79.46462763511626,2060,43.495323,91.06091,-0.0008909195,12.21409869862042,0,,,LS_003,LS_003
cell_476_161,30.67833148756424,79.44490524803614,3283,48.251713,138.81407,-0.0027011558,2.473865618665484,0,,,LS_006,LS_006
cell_1043_621,30.534317083951585,79.58366500192498,2293,22.614561,42.436234,-0.0074727414,17.99405800720981,0,,,LS_001,LS_001
cell_1135_218,30.50934226466085,79.46450660079765,2590,24.516768,195.64224,0.004998175,2.043978707332043,0,,,LS_003,LS_003
cell_1011_66,30.540638669113463,79.41892096964476,3272,36.960064,25.218925,0.0005602178,3.7583124010395386,0,,,LS_008,LS_008
cell_534_159,30.66343383601393,79.44454982017245,4100,29.595022,39.351746,0.01214627,1.7673325005279297,0,,,LS_006,LS_006
cell_1061_88,30.527880902876007,79.42565342053037,3245,47.449104,122.15229,-0.008850215,3.989261514252787,0,,,LS_008,LS_008
cell_1026_622,30.53868514372627,79.58389827840078,2142,38.179943,58.70696,0.0014581677,18.472314768166733,0,,,LS_001,LS_001
cell_508_147,30.67006618414484,79.44087880904017,3460,18.050188,52.666805,-0.0036736103,1987.3023802120888,1,LS_006,2017.0,LS_006,LS_006
cell_1074_623,30.526364119452943,79.58437365313212,2491,22.301733,12.994621,0.0021292,5.333685517132836,0,,,LS_001,LS_001
cell_1041_1026,30.536081479705405,79.7037890834261,4243,26.991787,29.438494,-0.0017545676,6.3007777189071925,0,,,LS_007,LS_007
cell_1136_226,30.50911345218148,79.46688277785921,2529,31.456215,86.29537,-0.0122490935,4.857721151968738,0,,,LS_003,LS_003
cell_1004_1042,30.545629041818373,79.70840942803456,3902,53.559616,164.38638,0.0029335623,2.423003727311021,0,,,LS_007,LS_007
cell_541_146,30.66159042538201,79.44071788097791,4213,49.959938,328.8912,0.008336743,2.503127935497322,0,,,LS_006,LS_006
cell_927_570,30.563935038216,79.56810080991178,1491,57.836617,196.03233,-0.0033118604,8.344587699148041,1,LS_005,2017.0,LS_005,LS_005
cell_507_144,30.67031222052124,79.43998366930995,3507,41.976482,112.68441,0.0028337832,13.29118623243313,1,LS_006,2017.0,LS_006,LS_006
cell_473_145,30.67904470009633,79.44014038569236,3587,46.745716,89.5265,0.00058542955,5.524803450285488,0,,,LS_006,LS_006
cell_953_573,30.557269263915327,79.56908888003498,1766,27.968317,339.16663,-0.00085814705,6.277327520246148,0,,,LS_005,LS_005
cell_1157_251,30.50380884065948,79.47437993084112,2102,45.825497,158.471,0.005307263,2.180785606658114,0,,,LS_003,LS_003
cell_1133_203,30.50980326290444,79.4600507381702,2593,48.070324,170.46336,0.014126658,1.7358643511078151,0,,,LS_003,LS_003
cell_1055_1036,30.53251621088556,79.70680301677935,4007,47.087616,106.36314,0.010827732,1.4077876834125576,0,,,LS_007,LS_007
cell_926_599,30.564286149140283,79.57670132738735,1446,38.050014,279.0395,0.0062200627,4.542955688394309,0,,,LS_005,LS_005
cell_1160_220,30.50293069049079,79.46520046375736,2059,25.516226,102.75754,-0.0074130273,17.055508489790544,1,LS_003,2014.0,LS_003,LS_003
cell_471_141,30.679543891028697,79.43894399755,3636,52.163628,5.0882535,0.0010408049,2.072905008483628,0,,,LS_006,LS_006
cell_1153_242,30.504804548202408,79.4716953448382,2295,41.669212,152.04393,0.0010780637,3.825039419776376,0,,,LS_003,LS_003
cell_509_128,30.669741604066708,79.43523986866343,3812,47.070457,118.55441,0.010047414,3.074625525500676,0,,,LS_006,LS_006
cell_1115_304,30.514775154378977,79.48992798917246,1452,73.36225,151.71962,0.008088099,2.583351974178488,0,,,LS_002,LS_002
cell_501_146,30.671859749871903,79.44055293226934,3495,33.91247,107.488,-0.00880559,26.12724593325353,0,,,LS_006,LS_006
cell_1130_59,30.510061886771243,79.41734005788805,2208,59.721127,235.65794,-0.010340051,8.32617810304796,0,,,LS_004,LS_004
cell_949_557,30.55824401526508,79.56432691760378,1698,27.613852,15.086353,-0.0060115186,22.681509954480106,0,,,LS_005,LS_005
cell_1014_622,30.5417662018022,79.5838535639726,2012,29.745867,45.62275,-0.008951385,225.87081328337152,0,,,LS_001,LS_001
cell_528_136,30.66489227936551,79.4376943954984,3766,20.874908,345.3236,0.0025828558,34.46143715953292,0,,,LS_006,LS_006
cell_511_124,30.66921382487212,79.4340601407671,3878,40.965057,101.082565,-0.008746552,120.86089576909454,0,,,LS_006,LS_006
cell_925_546,30.56437002185073,79.56097248867661,1406,48.03171,23.020287,-0.009371752,18.384763152113248,0,,,LS_005,LS_005
cell_1038_1052,30.536928306453763,79.71149131413843,3809,39.478607,111.91486,-0.0063948687,5.544485966321605,1,LS_007,2017.0,LS_007,LS_007
cell_1030_73,30.535785879714386,79.42107614985758,3318,34.04553,206.23193,0.005419726,1.539638531869278,0,,,LS_008,LS_008
cell_1110_87,30.51529720647488,79.42555970500155,2815,45.21009,213.62079,-0.0004988818,8.198951977824105,1,LS_004,2017.0,LS_004,LS_004
cell_516_131,30.667955205701,79.43615982905949,3731,30.94218,100.980644,-0.0026519026,26.368850413048328,0,,,LS_006,LS_006
cell_1033_86,30.535062355746657,79.42494428691138,3178,54.56029,47.53356,0.0029108105,2.310129214150208,0,,,LS_008,LS_008
cell_1061_70,30.52781627627408,79.42031518535171,3062,43.313995,68.69422,0.0097577935,1.5323834257317797,0,,,LS_008,LS_008
cell_1093_287,30.520365008981283,79.4847992167271,1890,37.891617,106.38954,8.27358e-05,14.986266797883456,0,,,LS_002,LS_002
cell_1140_232,30.50810740015921,79.46867798321446,2456,10.234417,131.05481,-0.0063577383,37.020324435007794,0,,,LS_003,LS_003
cell_508_143,30.67005192076181,79.43969079084222,3515,41.485172,120.76854,-0.0010969783,11.77435206365957,1,LS_006,2017.0,LS_006,LS_006
cell_1058_44,30.52849274620825,79.41259190750293,3383,16.17202,91.7357,0.000500718,2.4840158172573865,0,,,LS_008,LS_008
cell_1050_1084,30.533940628192543,79.7210239924874,3229,23.077913,75.677284,0.003943111,3.78276465775501,0,,,LS_007,LS_007
cell_1039_1056,30.536683270140887,79.71268123616899,3702,30.954388,113.7495,-0.0036710002,10.657576732946412,1,LS_007,2017.0,LS_007,LS_007
cell_1039_1053,30.536674471994218,79.71179133708351,3778,51.06001,99.39547,-0.0002524098,7.054448836276206,1,LS_007,2017.0,LS_007,LS_007
cell_1070_91,30.52558102055075,79.42658036841976,3026,44.376633,49.733444,-0.0036204131,6.386101936707659,0,,,LS_008,LS_008
cell_1014_662,30.54189468233853,79.5957189120085,1650,62.97683,233.74615,-0.009590141,16.658504247664407,0,,,LS_001,LS_001
cell_1120_289,30.513439805718026,79.48549982482417,1530,55.067352,173.6598,-0.009798559,13.123238704896435,1,LS_002,2014.0,LS_002,LS_002
cell_1038_57,30.53367438190776,79.416364005289,3397,40.910526,155.12344,0.0029373069,2.1360323574985536,0,,,LS_008,LS_008
cell_1038_1074,30.53699270059338,79.71801726605726,3351,31.575409,120.96376,-0.0079497015,9.950319477464635,0,,,LS_007,LS_007
cell_1032_76,30.53528319134146,79.42197423016529,3295,38.779743,200.81265,-0.00044169553,3.1100738996281843,0,,,LS_008,LS_008
cell_1028_650,30.5382616708667,79.59221116004029,1816,28.566164,17.850311,0.00018116953,275.2826937324068,0,,,LS_001,LS_001
cell_1122_289,30.51292631654208,79.48550778621858,1488,33.115593,121.2284,-0.015749762,1516.0743835872845,1,LS_002,2014.0,LS_002,LS_002
cell_1080_67,30.52292749833535,79.41950444988157,2882,47.96934,254.14807,-0.008569153,21.09650322161983,0,,,LS_008,LS_008
cell_1036_41,30.534130068217674,79.41161028964746,3564,31.628838,23.091293,-0.003296913,2.23921899401448,0,,,LS_008,LS_008
cell_1040_639,30.53514529578585,79.58899285542671,2123,17.964088,65.170654,0.0035723993,1010.1314057500437,1,LS_001,2014.0,LS_001,LS_001
cell_1039_1051,30.536668603187223,79.71119807124438,3833,39.58535,93.04478,0.0029006987,2.160646274952804,1,LS_007,2017.0,LS_007,LS_007
cell_489_133,30.67489413043004,79.4366421819207,3957,52.65743,93.073326,0.002937915,3.96047719598551,0,,,LS_006,LS_006
cell_470_152,30.679839851671154,79.44220724625583,3415,39.89969,31.686363,-0.011777719,28.61757092607219,0,,,LS_006,LS_006
cell_1061_93,30.527898815917684,79.42713626669895,3123,53.15558,144.37465,0.0021147202,6.423998876860042,0,,,LS_008,LS_008
cell_951_591,30.55784135194292,79.57442158417115,1692,28.687843,18.725792,-0.00031838022,19.30700981394785,0,,,LS_005,LS_005
cell_1003_1064,30.54595037537487,79.71493257170933,3455,29.30711,110.13631,-0.024101637,466.33544100744336,0,,,LS_007,LS_007
cell_951_560,30.55774032283028,79.56522451469952,1730,34.70902,5.457548,-0.00021702383,104.47690927088748,0,,,LS_005,LS_005
cell_492_159,30.674216642901023,79.44437703468044,3290,11.969297,39.957542,-0.016084947,17106.095419777826,0,,,LS_006,LS_006
cell_1112_108,30.514858828547943,79.43179510952594,3040,16.40894,17.35403,-0.0024147423,77.61322877104426,0,,,LS_004,LS_004
cell_1070_652,30.527484324459817,79.59295986634046,2299,14.672065,22.69379,-0.0002496076,61.015309285065015,0,,,LS_001,LS_001
cell_1038_1034,30.53687537727321,79.70615191461913,4139,44.225243,55.664574,0.017448364,1.334895046712744,0,,,LS_007,LS_007
cell_936_595,30.56170563781168,79.57555204200892,1480,45.462677,24.239038,0.010274772,4.591538137897795,0,,,LS_005,LS_005
cell_1145_270,30.50695559739736,79.47996556747985,1649,45.528854,112.03077,-0.013208455,166.74103021660935,0,,,LS_002,LS_002
cell_495_160,30.67344999950976,79.44468639511207,3338,38.94852,312.35745,0.004282418,19.175170744460747,0,,,LS_006,LS_006
cell_1103_61,30.517000969601007,79.41782080715015,2587,32.52015,267.23615,0.008008231,3.3515058673078286,0,,,LS_004,LS_004
cell_1012_626,30.5422926082644,79.58503264850135,1938,30.08211,49.304466,0.0012295715,48.59577559780813,0,,,LS_001,LS_001
cell_1132_231,30.510157857072524,79.46834926744127,2497,9.338514,124.11447,-0.0047017233,36.74689100034016,0,,,LS_003,LS_003
cell_1124_94,30.51172794630165,79.42769328084903,2836,29.94872,303.8112,0.0048009055,3.8512162520026254,0,,,LS_004,LS_004
cell_1023_45,30.537482083422045,79.412742351715,3405,19.274723,154.72227,-0.005408796,31.186873666339743,0,,,LS_008,LS_008
cell_532_156,30.66393663394259,79.44365063526631,4105,25.877996,31.675476,0.014609357,1.3931768812397158,0,,,LS_006,LS_006
cell_524_149,30.665965581083707,79.44153876451296,3810,53.051506,316.33844,0.004439036,4.506615342370002,0,,,LS_006,LS_006
cell_1128_218,30.511139459977343,79.46447835273749,2736,10.085038,110.22485,0.021945367,1.00000594142627,0,,,LS_003,LS_003
cell_1064_47,30.5269631739539,79.41350664903473,3276,39.980385,202.80453,0.0007704065,3.183197428131548,0,,,LS_008,LS_008
cell_1034_1055,30.537964181071363,79.71236766434131,3685,59.36159,75.99991,-0.016699312,60.496427099819535,0,,,LS_007,LS_007
cell_1125_108,30.511521233364512,79.431848692425,3079,29.121937,247.2759,-0.0018583895,4.427809187086679,0,,,LS_004,LS_004
cell_1013_65,30.54012159702961,79.41863268464307,3327,34.657177,13.5948305,0.014108668,1.4099345739432638,0,,,LS_008,LS_008
cell_1038_58,30.53367798762409,79.41666059068446,3386,38.728664,151.18921,0.002439933,2.314555044745367,0,,,LS_008,LS_008
cell_543_152,30.661098329899293,79.44250798999552,4225,30.073536,99.6052,-0.0021636232,4.505930218283228,0,,,LS_006,LS_006
cell_1009_1062,30.544403908371923,79.71435955045615,3535,30.290783,99.95807,0.018181346,1.0779282552236058,0,,,LS_007,LS_007
cell_1042_64,30.53267266515535,79.41845674504611,3264,47.879734,143.7217,0.009325862,24.92600117285175,0,,,LS_008,LS_008
cell_1054_38,30.52949798897985,79.41079577547417,3415,44.01558,233.1301,0.010179791,1.793259979109116,0,,,LS_008,LS_008
cell_1013_81,30.54017913579244,79.42337837603502,3116,44.84835,47.505093,0.01229434,2.5933084652788616,0,,,LS_008,LS_008
cell_1122_256,30.51281221359514,79.4757222554814,2242,35.821514,97.341225,0.00676016,4.202850095996501,0,,,LS_002,LS_002
cell_513_169,30.668860769547308,79.44743345538392,3676,64.86416,84.44214,0.00018477111,2.131817761304888,0,,,LS_006,LS_006
cell_1167_220,30.501133492300287,79.4652286893008,1987,37.825146,114.39031,-0.01225851,10.142241821748618,0,,,LS_003,LS_003
cell_1038_1054,30.536934173970188,79.71208458162452,3730,53.7538,109.3684,-0.018840246,7.344224025928046,1,LS_007,2017.0,LS_007,LS_007
cell_1148_230,30.50604648816132,79.46811715663263,2412,22.90575,200.69545,-0.0019933362,5.311601522819763,0,,,LS_003,LS_003
cell_492_121,30.67408098980307,79.43309039471805,4246,32.146206,131.60028,0.0021212492,2.6337761921113336,0,,,LS_006,LS_006
cell_1140_107,30.50766659150189,79.43161399910487,2921,20.696774,287.59244,-0.006906983,31.50365780084376,0,,,LS_004,LS_004
cell_1071_52,30.52518407623877,79.41501864922857,3182,41.622025,186.52785,-4.0301577e-05,1.873505000144315,0,,,LS_008,LS_008
cell_516_138,30.66798021445641,79.43823881306407,3561,27.803522,88.09085,-0.0011703281,673.7376127353544,0,,,LS_006,LS_006
cell_545_146,30.660563491995457,79.44073437118817,4317,26.818594,39.35945,0.01665073,1.2751632882575414,0,,,LS_006,LS_006
cell_1043_57,30.53239070492094,79.41638483351377,3312,25.798498,162.55281,-0.0036583995,3.884991927632283,0,,,LS_008,LS_008
cell_1006_1054,30.54515076316874,79.71197612841266,3621,37.519363,144.30994,0.008878101,2.4657148113428624,0,,,LS_007,LS_007
cell_1140_218,30.508058553402314,79.46452677642677,2441,36.402817,169.35938,-0.0072868387,8.912800019812542,0,,,LS_003,LS_003
cell_1017_61,30.53908024424852,79.41746291950267,3387,31.419365,357.93988,0.0031980774,2.9055771971650213,0,,,LS_008,LS_008
cell_1034_1037,30.53791128619511,79.70702820630959,4034,31.691162,68.72839,-0.008494288,10.1036385353053,0,,,LS_007,LS_007
cell_1105_94,30.516605959536143,79.4276147562354,2988,42.783306,196.54298,-0.001484614,2.7539312956192314,0,,,LS_004,LS_004
cell_1046_67,30.5316565224627,79.41936312382161,3115,22.989859,152.90445,-0.004574273,929.4017297207432,1,LS_008,2017.0,LS_008,LS_008
cell_1069_1054,30.52897434295924,79.71218960312885,3632,42.77236,125.7274,0.00028003176,5.645194091900698,0,,,LS_007,LS_007
cell_1146_294,30.506781663178373,79.48708587460044,1328,46.21275,308.84814,0.008671255,2.853572704676444,0,,,LS_002,LS_002
cell_1074_79,30.52451104251437,79.42303821255122,3176,35.712425,275.2578,-0.005214945,8.45876705828976,0,,,LS_008,LS_008
cell_1033_1067,30.53825609170487,79.71592393235125,3498,23.005304,39.12261,-0.007203195,13.824949700953754,0,,,LS_007,LS_007
cell_1140_266,30.50822547787473,79.47875952758413,1837,51.34774,83.74871,-0.002840941,5.65380413852148,0,,,LS_002,LS_002
cell_1161_220,30.502673947923963,79.46520449613341,2059,28.584944,110.772255,0.008747134,2.283664784951427,1,LS_003,2014.0,LS_003,LS_003
cell_478_157,30.67780379146776,79.44372536123112,3411,58.991116,95.60524,-0.00641637,23.513520904549896,0,,,LS_006,LS_006
cell_1052_74,30.53014128235085,79.42146409446627,3160,44.458916,249.29388,-0.01791234,13.966368378936291,0,,,LS_008,LS_008
cell_1131_239,30.51044246077781,79.47071742048361,2436,21.92827,96.892426,-0.0012414096,17.660619930736242,0,,,LS_003,LS_003
cell_1135_260,30.50948841596813,79.47696041504258,2012,47.0571,117.507675,-0.011304989,19.725747790201098,0,,,LS_002,LS_002
cell_1157_233,30.503746254827607,79.469042887326,2122,73.40795,178.80026,-0.0077371253,8.946876352281414,0,,,LS_003,LS_003
cell_506_157,30.670615261831024,79.44384062658737,3495,43.521046,357.3493,0.0040456164,3.169360097932069,0,,,LS_006,LS_006
cell_1048_48,30.5310745491643,79.41373646439119,3393,40.666763,60.94539,0.0011056742,2.7726231381090423,0,,,LS_008,LS_008
cell_1119_113,30.513079497166263,79.43330658857103,3105,15.419703,322.76517,-0.0009309486,6.623035747075864,0,,,LS_004,LS_004
cell_1045_50,30.53185197694436,79.41431710634853,3331,48.300602,107.30052,6.0352824e-07,5.105013748583656,0,,,LS_008,LS_008
cell_1069_1049,30.52895967373829,79.71070655560212,3694,36.47741,133.55588,-0.010167315,13.359054883996714,0,,,LS_007,LS_007
cell_1012_1068,30.54365116136517,79.71614962800209,3477,36.907463,359.66495,-0.00442752,6.583190875987594,0,,,LS_007,LS_007
cell_1049_1021,30.534012570468963,79.7023332440198,4366,27.764116,115.70995,0.008888435,1.3247301145421484,0,,,LS_007,LS_007
cell_1072_656,30.52698361981444,79.59415362331049,2300,24.916952,15.350135,-0.0009064882,4.446876558028568,0,,,LS_001,LS_001
cell_1063_1044,30.530485599087346,79.7092031389121,3907,26.627708,93.01279,0.017576395,1.1618583454674098,0,,,LS_007,LS_007
cell_1031_654,30.53750422212132,79.59340875546212,1838,37.72089,15.140981,-0.0040981304,225.7303550162926,0,,,LS_001,LS_001
cell_1142_226,30.507572996867783,79.46690695078102,2471,24.003149,157.98872,0.015997238,1.0371193963537628,0,,,LS_003,LS_003
cell_915_579,30.567045411010493,79.57072592075181,1947,62.232574,173.8939,0.0025400044,4.817603124179676,0,,,LS_005,LS_005
cell_508_145,30.67005905381028,79.44028479983523,3477,27.500664,99.22392,-0.0026448355,199.77786164808785,1,LS_006,2017.0,LS_006,LS_006
cell_1000_1052,30.54668550266145,79.7113624616938,3815,38.225033,116.13641,0.009197429,1.3156216020472662,0,,,LS_007,LS_007
cell_1056_1058,30.532324062614205,79.71333204629737,3678,30.492674,71.29479,-0.008561945,9.943875361830065,0,,,LS_007,LS_007
cell_541_130,30.66153331501369,79.43596622838508,3932,30.498243,300.96375,0.012373069,4.381288503345785,0,,,LS_006,LS_006
cell_1092_289,30.52062864973168,79.48538834380139,1855,40.611153,127.92646,-0.008594958,21.572640280459044,0,,,LS_002,LS_002
cell_1159_221,30.50319092445858,79.46549293107803,2062,26.193964,187.69604,-0.0009904925,1355.1319892285123,1,LS_003,2014.0,LS_003,LS_003
cell_1045_1085,30.53522738833851,79.72130379885294,3161,29.792452,73.511246,-0.010367582,517.0192531738389,0,,,LS_007,LS_007
cell_1011_1057,30.543875720443832,79.712883041908,3618,24.37371,78.254364,0.018016199,1.3982142698250637,0,,,LS_007,LS_007
cell_1040_56,30.53315730482729,79.41607575295643,3362,38.63867,169.55438,0.005443721,3.433120138513604,0,,,LS_008,LS_008
cell_927_553,30.563879460780367,79.56305694871276,1411,36.664772,18.221165,-0.001546807,50.765073958272296,0,,,LS_005,LS_005
cell_1016_60,30.539333375037724,79.41716215298575,3367,16.685787,349.01935,-0.0038404826,7.519109459066053,0,,,LS_008,LS_008
cell_507_143,30.67030865362153,79.43968666405519,3530,41.026627,116.69438,0.0031296678,11.331665068594466,1,LS_006,2017.0,LS_006,LS_006
cell_477_131,30.677967765675763,79.43599849430736,3917,46.19041,93.139656,-0.008739106,33.65906470893498,0,,,LS_006,LS_006
cell_1145_213,30.506757365476272,79.46306439882976,2357,22.274035,184.30447,-0.0029567408,25.0495697239404,0,,,LS_003,LS_003
cell_1038_1055,30.536937106715627,79.71238121543293,3715,31.89211,107.66764,-0.0026303227,8.632790060926524,1,LS_007,2017.0,LS_007,LS_007
cell_1018_1063,30.542095919251583,79.71468664984116,3611,13.989869,49.289154,0.012515891,1.0006276670688532,0,,,LS_007,LS_007
cell_959_586,30.5557710771056,79.57296824205245,1805,20.940548,31.865984,-0.0036477318,93.25086539555068,0,,,LS_005,LS_005
cell_1047_77,30.53143574265545,79.42233307292014,3207,30.592705,318.6139,-0.0066901296,12.626529061109975,0,,,LS_008,LS_008
cell_515_161,30.668318885621733,79.44506566655248,3719,50.745,336.7474,-0.012989424,19.67281495847348,0,,,LS_006,LS_006
cell_1037_81,30.53401746910095,79.42347792243817,3298,30.418652,231.07245,2.319066e-05,1.1921518299831677,0,,,LS_008,LS_008
cell_1031_610,30.537362620969464,79.58035747697281,2305,17.138271,54.272594,0.012350478,42.43717235407888,0,,,LS_001,LS_001
cell_1150_190,30.50539305016796,79.45626495870476,2406,38.95679,91.867676,-0.00019758708,14.922502401066687,0,,,LS_003,LS_003
cell_521_129,30.66666439189222,79.43558652005255,3755,49.429676,105.70864,-0.00016881018,10.45116939158078,0,,,LS_006,LS_006
cell_490_146,30.674683811117884,79.44050755651584,3577,41.05046,98.702225,-0.013452927,107.98968310706054,0,,,LS_006,LS_006
cell_509_146,30.66980588633773,79.44058592879101,3473,18.588627,40.763603,-0.0028770275,4199.607284988665,1,LS_006,2017.0,LS_006,LS_006
cell_1095_97,30.519184067367235,79.42846304882619,3032,41.97444,54.137154,0.0031179423,2.1234148522453484,0,,,LS_004,LS_004
cell_519_127,30.667170702901885,79.43498425580245,3813,37.69226,98.49856,0.008173881,4.547895911820994,0,,,LS_006,LS_006
cell_1031_1073,30.538787164445623,79.71769701482874,3386,19.983908,52.85331,-0.004943359,70.95282491323283,0,,,LS_007,LS_007
cell_1167_199,30.501060022948508,79.45900233731466,2428,15.17915,330.9454,0.0014124515,2.161014161854054,0,,,LS_003,LS_003
cell_1047_1054,30.53462325632613,79.71211507605132,3671,41.53489,112.75098,0.006336813,7.490262260500866,0,,,LS_007,LS_007
cell_1047_72,30.53141777307919,79.42085017646869,3156,28.211664,272.81555,-0.00048237678,28.873688592307005,0,,,LS_008,LS_008
cell_1057_1058,30.53206729372105,79.71333543083824,3687,32.947144,57.17145,-0.0028545964,4.757354651977335,0,,,LS_007,LS_007
cell_518_146,30.66749528904666,79.44062304582546,3641,35.671837,305.5377,-0.0037968236,14.506861206086477,0,,,LS_006,LS_006
cell_1050_1028,30.53377647123701,79.70441301969014,4195,32.87132,99.78241,9.358551e-05,12.908150925617434,0,,,LS_007,LS_007
cell_1081_76,30.52270311439152,79.42217757935356,3123,40.152763,255.52971,0.025915347,1.063048272074797,0,,,LS_008,LS_008
cell_1129_225,30.510907160456803,79.46655805039967,2599,35.58626,121.446236,0.00300836,4.968966054956804,0,,,LS_003,LS_003
cell_1059_1065,30.53157424765244,79.71541852394938,3554,47.688248,91.83284,-0.019408988,23.284717179987982,0,,,LS_007,LS_007
cell_497_136,30.67285099179821,79.43756630303417,3830,45.38382,116.787125,0.008484109,32.48722047287571,0,,,LS_006,LS_006
cell_1034_1033,30.537899502069024,79.70584166200287,4092,39.820137,11.546689,0.008419362,3.838444859990405,0,,,LS_007,LS_007
cell_508_159,30.670108909159783,79.4444428687159,3542,45.110096,15.7388,0.0013381336,4.958358178166573,0,,,LS_006,LS_006
cell_1142_238,30.507614808034308,79.4704651136948,2417,15.345014,140.19443,-0.0020946963,9.891814238139697,0,,,LS_003,LS_003
cell_1134_210,30.50957103341132,79.46213041454911,2546,34.994377,197.52557,0.0013950886,12.49760172542227,0,,,LS_003,LS_003
cell_1079_60,30.52315903337085,79.41742441772213,2932,40.89595,145.74585,0.016363341,1.4495141727751275,0,,,LS_008,LS_008
cell_1138_268,30.50874588743148,79.47934456921175,1770,42.91586,65.73524,-0.0037009197,43.10183984928144,0,,,LS_002,LS_002
cell_1147_233,30.50631368421601,79.469002660341,2437,29.170311,182.25458,0.0024397345,1.6538223321501415,0,,,LS_003,LS_003
cell_1082_85,30.52247867514331,79.42485069907164,3276,41.221992,226.62498,-0.007584372,1.4399706474601286,0,,,LS_004,LS_004
cell_518_152,30.667516665665623,79.4424050273112,3749,55.893154,325.1755,0.0073148557,4.043051326700695,0,,,LS_006,LS_006
cell_1059_1080,30.531618047161,79.71986779717098,3344,36.052395,81.674355,-0.00093449326,18.9747318627858,0,,,LS_007,LS_007
cell_1058_1043,30.531766502096204,79.7088895447679,3871,32.051376,55.86406,-0.006648705,9.283881749152178,0,,,LS_007,LS_007
cell_1124_271,30.512350681650947,79.48017820628638,1892,29.230583,53.93957,-0.0022833468,7.9843930518099,0,,,LS_002,LS_002
cell_499_154,30.67240171788188,79.44292077762884,3340,37.333576,75.32361,-0.014573141,2364.362934495857,0,,,LS_006,LS_006
cell_475_139,30.678509820480624,79.43836645792165,3744,24.678432,54.334995,0.0055484097,1.083520464668198,0,,,LS_006,LS_006
cell_919_582,30.566028171735457,79.57163109427937,1814,49.12601,211.63603,-0.007999812,5.37500092268571,0,,,LS_005,LS_005
cell_898_551,30.571318698707103,79.5623537369558,1960,46.877888,195.75117,-0.0019744206,7.113214468291874,0,,,LS_005,LS_005
cell_947_543,30.55871165001573,79.5601658151904,1757,33.5519,22.999304,0.0018042664,3.658393874113589,0,,,LS_005,LS_005
cell_489_165,30.67500817266028,79.44614681145882,3300,39.35421,316.30197,0.0016973106,3.017386397067526,0,,,LS_006,LS_006
cell_1129_234,30.510938538157426,79.46922676250534,2501,7.7888346,137.60255,-0.0036370994,12.884800934134336,0,,,LS_003,LS_003
cell_1156_196,30.503873661997403,79.4580682993129,2354,23.390913,77.09259,-0.0041625095,6.511760221934097,0,,,LS_003,LS_003
cell_1108_103,30.51586792666055,79.43029595357538,3015,44.72271,33.05583,-0.004431726,2.119406137659155,0,,,LS_004,LS_004
cell_1039_1055,30.53668033810051,79.71238460309694,3717,28.397776,92.32781,-0.0006842151,8.733475606681406,1,LS_007,2017.0,LS_007,LS_007
cell_497_169,30.672968509916693,79.44736775114308,3407,31.313627,12.932603,0.010297498,1.5591001523789425,0,,,LS_006,LS_006
cell_927_571,30.563938301395016,79.56839750806616,1512,57.30773,189.40923,0.012543307,2.633384922877822,1,LS_005,2017.0,LS_005,LS_005
cell_484_157,30.676263392963065,79.44375006443998,3337,64.37917,99.700386,-0.014103918,19.46523634931809,0,,,LS_006,LS_006
cell_1122_80,30.512191263172788,79.42353371448664,2658,21.22011,322.3524,-0.008373231,14.391671140521906,0,,,LS_004,LS_004
cell_1045_68,30.531916856992,79.4196555467125,3119,23.337015,165.25644,-0.01452824,888.3078618751043,1,LS_008,2017.0,LS_008,LS_008
cell_1061_45,30.52772615448568,79.41290099854817,3356,46.29368,170.57722,0.00052644376,1.8565807048316616,0,,,LS_008,LS_008
cell_1145_242,30.506858494012867,79.47166321805136,2362,10.26401,112.83366,0.0028438694,32.6375738574511,0,,,LS_003,LS_003
cell_1045_85,30.53197793185442,79.42469742295654,3323,28.692505,72.72826,0.00289051,1.0160052863751656,0,,,LS_008,LS_008
cell_1150_220,30.50549811557584,79.46516013714466,2370,29.83746,220.03026,0.012311217,2.3742493230044706,0,,,LS_003,LS_003
cell_1146_245,30.506612179931704,79.47255676725123,2319,31.76874,90.40635,-0.004376265,39.77970660825143,0,,,LS_003,LS_003
cell_478_150,30.677778863320512,79.44164616140415,3582,33.00588,51.03768,0.01516808,2.038144235594818,0,,,LS_006,LS_006
cell_1013_1058,30.54336511511548,79.71318646986417,3590,41.454285,91.99457,-0.0073721893,7.096245268962033,0,,,LS_007,LS_007
cell_1004_1067,30.54570238585292,79.71582593630542,3422,27.027925,92.96094,-0.0021848474,585.21839803342,0,,,LS_007,LS_007
cell_1101_78,30.51757556227183,79.42285361692475,2944,36.280987,248.9625,0.01958304,1.3388728886856698,0,,,LS_004,LS_004
cell_1083_69,30.52216448369665,79.42011001865228,2856,52.31003,209.69666,-8.493012e-06,4.067833283698103,0,,,LS_008,LS_008
cell_1069_1034,30.528915564830164,79.70625741956744,3849,47.651268,127.19101,-0.012061855,62.6886596984962,0,,,LS_007,LS_007
cell_1024_57,30.53726867605548,79.41630567913631,3312,20.438597,188.1301,-0.010218041,550.4723798259874,0,,,LS_008,LS_008
cell_1051_1038,30.53354917202028,79.70738265520147,3956,19.49829,46.00509,-0.0076743066,22.464818084134308,0,,,LS_007,LS_007
cell_535_160,30.66318065731994,79.44485091710861,4088,42.42393,91.652306,0.0021494406,2.3994612552599914,0,,,LS_006,LS_006
cell_1058_76,30.52860805165052,79.422082145688,3170,43.770405,257.55667,0.0019204597,12.216397054767162,0,,,LS_008,LS_008
cell_1044_1074,30.535452085347394,79.71803750248124,3342,25.408384,72.235146,-0.008091407,641.7536424452669,0,,,LS_007,LS_007
cell_955_564,30.556726386465733,79.56642632946067,1807,39.46901,11.070202,0.003428886,230.86876006859447,0,,,LS_005,LS_005
cell_1068_1067,30.52926917324911,79.71604215478882,3442,33.608513,134.46454,-0.0005818516,7.344354908712966,0,,,LS_007,LS_007
cell_1065_1047,30.5299808760224,79.71009976625766,3831,41.236256,137.43665,0.0029881694,2.6151649233325465,0,,,LS_007,LS_007
cell_1160_219,30.502927198440787,79.46490396483888,2078,32.628246,95.90614,-0.0035305524,4.381706460383032,1,LS_003,2014.0,LS_003,LS_003
cell_1127_113,30.511025590601324,79.4333395296125,3139,25.092106,246.8014,0.00041120828,5.214081171488632,0,,,LS_004,LS_004
cell_1019_57,30.53855235203132,79.41628484582323,3410,8.250314,271.73572,0.03398952,1.000034613057042,0,,,LS_008,LS_008
cell_486_164,30.675774819577857,79.44583745687673,3234,8.220397,19.536657,-0.01673336,18401.15686159146,0,,,LS_006,LS_006
cell_1094_63,30.519318796302425,79.41837645634207,2632,31.023355,263.29016,0.0036261945,9.506377656073312,0,,,LS_004,LS_004
cell_1047_66,30.53139618732133,79.41907070248931,3110,27.440426,141.87,-0.006842849,343.51017517373475,1,LS_008,2017.0,LS_008,LS_008
cell_514_128,30.66845794227714,79.43526056039194,3786,32.146206,92.00253,0.010678074,23.974359664535232,0,,,LS_006,LS_006
cell_527_140,30.66516329180787,79.43887822135929,3768,18.077753,336.19406,-0.009244102,63.346365200713706,0,,,LS_006,LS_006
cell_1056_90,30.52917175410316,79.42622586399797,3339,43.517986,119.0546,0.012773325,1.3024848008400272,0,,,LS_008,LS_008
cell_478_152,30.67778598904173,79.44224021823297,3554,44.790714,91.01398,0.027939856,1.017254181793035,0,,,LS_006,LS_006
cell_943_582,30.55986610979335,79.57172137503962,1610,18.269217,33.05583,-0.010168096,36.27804160580534,0,,,LS_005,LS_005
cell_965_567,30.55416865945507,79.56735407765284,1905,27.752607,307.53943,-0.0073322183,5.933277102033433,0,,,LS_005,LS_005
cell_520_167,30.667056532662723,79.44686820404567,3834,60.48039,88.57503,0.00025827036,3.0836701437634817,0,,,LS_006,LS_006
cell_470_142,30.6798041930198,79.43923690142292,3597,46.124718,15.679527,0.0056298864,2.130475648480067,0,,,LS_006,LS_006
cell_1100_92,30.51788248759364,79.42700101070115,3065,49.93724,199.63959,-0.005470599,3.396525691870768,0,,,LS_004,LS_004
cell_1036_58,30.5341914584178,79.41665226057842,3419,18.028715,93.09406,0.03010833,1.0293847895088672,0,,,LS_008,LS_008
cell_1047_68,30.531403385272903,79.4196638602687,3115,15.6192255,226.27303,1.36923445e-05,28.688129495220487,1,LS_008,2017.0,LS_008,LS_008
cell_1054_1023,30.532734640225385,79.70294355188948,4293,28.234041,105.17291,0.0024399424,2.876097254646389,0,,,LS_007,LS_007
cell_501_127,30.671791884402275,79.43490975001963,3947,53.651394,148.21053,-0.0045911176,6.551070640997629,0,,,LS_006,LS_006
cell_1056_1051,30.53230353716067,79.71125570789582,3745,32.903854,41.698135,-0.008366677,10.695838531484586,0,,,LS_007,LS_007
cell_1047_97,30.53150745227484,79.42826467205136,3125,32.029808,105.890144,0.002529202,3.3067718829960784,0,,,LS_008,LS_008
cell_1042_84,30.532744553869364,79.42438840824724,3291,38.10595,15.592812,0.006845737,1.5205277146423142,0,,,LS_008,LS_008
cell_1031_78,30.535547112967738,79.42256326263539,3334,36.4919,201.2329,0.0009650816,1.4494153551986604,0,,,LS_008,LS_008
cell_1088_303,30.521703828930622,79.48952423953766,1794,64.646255,155.14159,-0.0051069576,7.943318908328823,0,,,LS_002,LS_002
cell_926_570,30.56419179035118,79.56809703862643,1535,54.489464,195.82207,-0.0009204713,6.30449230004641,1,LS_005,2017.0,LS_005,LS_005
cell_1168_221,30.50088024075049,79.46552921405855,1965,32.81815,106.21339,-0.0047251093,12.373679570246232,0,,,LS_003,LS_003
cell_1038_1059,30.53694883094551,79.71356775110202,3650,47.31858,103.586,-0.009290906,2.836909310429213,0,,,LS_007,LS_007
cell_1007_654,30.543666363168647,79.59331992441173,1556,7.3894877,241.69925,-0.0058215996,96463.60793733776,0,,,LS_001,LS_001
cell_1046_1062,30.534903466142783,79.71448470973054,3529,21.2621,110.480354,-0.0025013,73.94483943272903,0,,,LS_007,LS_007
cell_1143_244,30.507378933984924,79.47224821257096,2345,29.546398,100.265144,-0.0058813337,19.33211608503885,0,,,LS_003,LS_003
cell_1049_35,30.53077080461225,79.40988514907865,3404,38.41184,265.5526,0.028654808,1.1620193979541529,0,,,LS_008,LS_008
cell_1036_87,30.534295732778943,79.42525330550369,3163,47.838314,98.001205,0.0018449879,3.538291311641983,0,,,LS_008,LS_008
cell_1056_44,30.529006216397946,79.41258355772143,3395,30.017702,133.76802,0.0032016288,2.895311501842336,0,,,LS_008,LS_008
cell_1099_284,30.518814194341644,79.48393346849572,1967,35.63929,49.96974,-0.00091212406,73.40675918121896,0,,,LS_002,LS_002
cell_1131_85,30.50989855601274,79.4250535741639,2780,12.832224,303.99646,0.0022853531,2.801324856909284,0,,,LS_004,LS_004
cell_1058_1045,30.53177238056796,79.70948278027663,3850,30.555262,46.808743,0.001641845,5.627278653340932,0,,,LS_007,LS_007
cell_1046_68,30.531660121137776,79.41965970351733,3118,11.326498,217.87498,-0.010779039,271.65702738124213,1,LS_008,2017.0,LS_008,LS_008
cell_1023_76,30.53759381494359,79.42193686638673,3300,33.441574,76.14858,0.019886125,1.0900004696705392,0,,,LS_008,LS_008
cell_1100_73,30.517814342574184,79.42136678057145,2836,29.70061,260.2476,0.0012679213,5.057202379933357,0,,,LS_004,LS_004
cell_538_148,30.662367752114857,79.44129947499896,4179,41.688602,302.51453,0.018332278,1.9253247570131653,0,,,LS_006,LS_006
cell_485_169,30.676049313404288,79.44731846410086,3294,33.36098,315.54053,0.0031699715,1.435066355562048,0,,,LS_006,LS_006
cell_1035_46,30.53440487934264,79.41308904617873,3538,23.182936,25.513866,0.0057568727,1.01816477185802,0,,,LS_008,LS_008
cell_1108_64,30.51572808774407,79.41873119579428,2602,35.04621,241.99083,-0.0009676776,14.785549394867909,0,,,LS_004,LS_004
cell_1038_641,30.535665232137298,79.58957866113246,2088,32.639263,25.159298,-0.005589512,5654.540816586504,0,,,LS_001,LS_001
cell_1030_72,30.53578228382696,79.42077955742457,3309,32.014565,211.79207,0.0057177325,1.4979120461078153,0,,,LS_008,LS_008
cell_1012_1074,30.54366869563785,79.71792955684434,3440,47.150345,93.50353,-0.0007910572,2.144807554139008,0,,,LS_007,LS_007
cell_1153_275,30.50491892653269,79.48148005541549,1435,60.33561,105.07914,-0.0008801705,9.547889994004162,0,,,LS_002,LS_002
cell_517_139,30.66772705161149,79.43853994043998,3555,20.912813,37.528442,-0.009631509,5928.92400132776,0,,,LS_006,LS_006
cell_1047_1077,30.53469053247973,79.71893750321426,3299,26.40067,103.29857,-0.0063134376,14.561155099588742,0,,,LS_007,LS_007
cell_1121_289,30.513183061135344,79.48550380554697,1506,42.533573,152.33089,-0.009875642,19.13469542052571,1,LS_002,2014.0,LS_002,LS_002
cell_1070_618,30.527375017686165,79.5828758163369,2441,11.711774,53.615654,-0.008491792,266.0890525033125,0,,,LS_001,LS_001
cell_1134_77,30.50909965301894,79.42269389593054,2626,42.103577,220.26906,0.00017706242,6.433002806027132,0,,,LS_004,LS_004
cell_1159_231,30.503225801502364,79.46845793141382,2057,43.285427,183.74298,0.045843586,1.0000000031067784,0,,,LS_003,LS_003
cell_1053_655,30.531858789797795,79.59378676373566,2155,43.807053,20.924498,-0.003912961,7.581248584724422,0,,,LS_001,LS_001
cell_1017_70,30.53911265404262,79.42013233923741,3354,25.171274,37.40536,0.015682537,1.00000112686681,0,,,LS_008,LS_008
cell_1106_73,30.516273922679943,79.42139167960639,2797,34.561714,251.79608,0.011126524,3.8480587557280543,0,,,LS_004,LS_004
cell_1042_1024,30.53581880684233,79.70319923477673,4280,40.06681,65.30845,0.001310375,6.303111685345546,0,,,LS_007,LS_007
cell_473_153,30.67907321528855,79.4425166435635,3446,37.212196,48.751728,-0.004170852,9.414600433243432,0,,,LS_006,LS_006
cell_896_565,30.57187801831281,79.56650026643199,2315,42.875,196.206,0.002936814,1.6000725638147175,0,,,LS_005,LS_005
cell_511_176,30.669399066797816,79.44950426863137,3593,35.524864,17.543255,-0.0020745944,4.453392171732862,0,,,LS_006,LS_006
cell_520_130,30.666924700308503,79.43587937728067,3738,47.522213,115.74071,0.0023205457,4.872144178356123,0,,,LS_006,LS_006
cell_1038_1043,30.536901869208293,79.7088216126098,3952,25.211676,75.96375,-0.00063508726,7.353047601582893,0,,,LS_007,LS_007
cell_1133_207,30.50981727405312,79.46123681489671,2569,35.23415,158.86017,0.014649632,3.3647036705327324,0,,,LS_003,LS_003
cell_1134_295,30.50986604516494,79.48733468763169,1194,41.864723,138.57634,-0.008678582,1084126.3450676545,0,,,LS_002,LS_002
cell_1019_1045,30.54178634489258,79.70935035721756,3865,34.89448,84.217606,0.0060791555,3.611645500558329,0,,,LS_007,LS_007
cell_1141_245,30.50789589630324,79.47253669826571,2335,37.28587,101.30993,0.00031479972,3.62578455292412,0,,,LS_003,LS_003
cell_1038_82,30.533764322377003,79.42377865621624,3303,13.141618,196.38954,0.020934783,1.000000258094215,0,,,LS_008,LS_008
cell_1040_1021,30.53632347939317,79.70230251876605,4338,35.743816,66.25051,0.01271502,1.7989188112700545,0,,,LS_007,LS_007
cell_1109_285,30.516250202050664,79.48426986508683,2017,20.284176,69.842384,0.013037738,1.1092412919859675,0,,,LS_002,LS_002
cell_1045_651,30.533900025305567,79.59257073083275,2070,37.588924,30.515272,0.00021919576,4.177556856904728,0,,,LS_001,LS_001
cell_1169_189,30.500511449998207,79.45604552808165,2450,33.746338,204.88037,-0.00046263638,2.1895118895648107,0,,,LS_003,LS_003
cell_1029_664,30.53804973456712,79.59636758205143,1728,23.390911,29.167608,0.0050218925,119.50588315958504,0,,,LS_001,LS_001
cell_1057_1041,30.532017389319456,79.70829291168141,3896,24.37371,78.254364,-0.0065494734,32.28546879724481,0,,,LS_007,LS_007
cell_503_165,30.671413903199635,79.44620435326917,3482,26.092354,330.44632,0.0049420404,4.5601703693899625,0,,,LS_006,LS_006
cell_1109_87,30.515553943704933,79.42555556641068,2841,44.843323,215.65533,0.0012065592,13.64090462439938,1,LS_004,2017.0,LS_004,LS_004
cell_1122_67,30.512144569201087,79.41967894385628,2588,26.251747,309.2176,0.001241145,3.006479569250702,0,,,LS_004,LS_004
cell_1109_319,30.51636710181272,79.4943523226193,1397,34.43063,332.94244,0.00432858,19.4911891969592,0,,,LS_002,LS_002
cell_497_126,30.672815234358115,79.43459617863935,4075,46.21883,98.471146,-0.0031481725,15.265678396323828,0,,,LS_006,LS_006
cell_957_558,30.55619327037057,79.56465383288894,1840,16.614557,42.61405,-0.0009283741,11.746931666984908,0,,,LS_005,LS_005
cell_909_592,30.56862822199888,79.5745605991603,1839,63.531895,107.56329,0.0043755397,4.310800626384067,0,,,LS_005,LS_005
cell_1016_1030,30.542512475929023,79.70489041467982,4123,50.288193,84.76772,-0.00016674549,4.426335219840775,0,,,LS_007,LS_007
cell_1035_1031,30.53763683810052,79.70525179666889,4118,35.595448,14.206761,-0.0014580737,26.88861023845579,0,,,LS_007,LS_007
cell_1078_78,30.52348050610631,79.42275824362503,3157,43.032066,250.20113,-0.014840882,5.9772998954644505,0,,,LS_008,LS_008
cell_892_568,30.57291482595429,79.56737533524617,2218,67.76743,93.499344,-0.0024155723,4.814380896969215,0,,,LS_005,LS_005
cell_1097_88,30.518638372954005,79.42580244019973,3135,48.231575,199.7143,0.0007704203,2.644085662691597,0,,,LS_004,LS_004
cell_1149_205,30.505702400622184,79.46070849745169,2268,25.694386,185.76263,-0.011366064,105.61778640057736,0,,,LS_003,LS_003
cell_1047_67,30.531399786634484,79.41936728135228,3111,14.29913,181.97493,-0.0070158853,839.885068603741,1,LS_008,2017.0,LS_008,LS_008
cell_531_141,30.664139927952625,79.43919171962848,3842,30.408854,354.4174,0.0030751124,12.387626399966049,0,,,LS_006,LS_006
cell_1036_1081,30.537526659853704,79.72008697480851,3253,38.03249,88.06941,0.0060555674,2.9079611118552853,0,,,LS_007,LS_007
cell_1095_265,30.519775482888846,79.47828303027963,2546,29.354948,141.3402,0.017180469,1.0000024599803383,0,,,LS_002,LS_002
cell_1063_76,30.52732437011633,79.42210289453777,3124,39.590904,242.48238,0.007923987,4.753193451503628,0,,,LS_008,LS_008
cell_488_160,30.67524713264059,79.44465759507153,3287,31.69116,81.408775,0.008033383,4.649334635083863,0,,,LS_006,LS_006
cell_1039_639,30.53540205138854,79.58898914341304,2112,22.943432,59.444035,-0.0027839711,125.13667120384524,1,LS_001,2014.0,LS_001,LS_001
cell_1065_58,30.52674612774318,79.41677302615399,3141,41.45639,138.22452,-0.008145326,12.909356380010532,0,,,LS_008,LS_008
cell_1049_67,30.53088631494616,79.41937559625327,3093,20.438597,171.8699,-0.009408309,1155.4084135238345,1,LS_008,2017.0,LS_008,LS_008
cell_1096_290,30.51960511963905,79.48570082447452,1833,47.363007,71.85812,0.015571432,26.6371147071802,0,,,LS_002,LS_002
cell_1123_107,30.512031140779715,79.43154392763796,3069,35.744827,275.9541,-0.007854326,6.315109086619598,0,,,LS_004,LS_004
cell_1043_636,30.534365386608066,79.58811415856326,2145,25.818874,86.87787,-0.00334325,896.5328033957193,0,,,LS_001,LS_001
cell_1017_1077,30.54239360855938,79.71883637958246,3352,41.888645,98.447525,0.0061699483,6.771259017920566,0,,,LS_007,LS_007
cell_503_155,30.671378344708007,79.44323426059917,3389,40.781788,331.73877,-0.0027733014,7.821063573026659,0,,,LS_006,LS_006
cell_1042_1049,30.53589242630947,79.7106149823482,3836,29.481348,136.25905,-0.012098025,10.019825986282502,0,,,LS_007,LS_007
cell_484_147,30.676227773315027,79.44077982686862,3636,45.16155,117.012665,-0.00035982777,3.4872530741643306,0,,,LS_006,LS_006
cell_1106_278,30.51699626984973,79.4821821024801,2062,14.683909,39.559673,0.0020059103,1.772146559549212,0,,,LS_002,LS_002
cell_507_125,30.670244333406263,79.43434057854304,3907,44.40373,90.25693,-0.0010307846,5.230500010082507,0,,,LS_006,LS_006
cell_1063_72,30.52730999544925,79.42091662735326,3015,9.3123,159.62357,-0.035148624,2047.1310713048024,0,,,LS_008,LS_008
cell_496_127,30.673075545317268,79.43488905091178,4064,42.158005,129.09386,-0.0044994745,9.866865396356046,0,,,LS_006,LS_006
cell_1121_70,30.51241209158227,79.42056435432136,2595,17.167696,345.17352,-0.0011070056,4.870419457444961,0,,,LS_004,LS_004
cell_1051_617,30.53225013791413,79.58250839243014,2315,28.759182,129.80557,-0.0013719699,5.214168760042185,0,,,LS_001,LS_001
cell_486_143,30.675700041213865,79.43959998928246,3680,48.45397,121.958115,-0.013734908,7.967679679630382,0,,,LS_006,LS_006
cell_1043_91,30.53251291448929,79.42646863444733,3211,41.10162,13.686451,0.010812509,2.126666323615749,0,,,LS_008,LS_008
cell_475_146,30.67853480164803,79.44044567015628,3570,47.769154,52.12502,-0.0061760447,15.657284920915462,0,,,LS_006,LS_006
cell_927_546,30.563856519189866,79.56098006877328,1478,44.950188,28.36905,-0.0029284437,8.905274238829191,0,,,LS_005,LS_005
cell_1161_250,30.50277839493577,79.47409946440797,1911,66.7203,178.3758,0.0008208995,7.503748141448843,0,,,LS_003,LS_003
cell_1050_91,30.530715757545927,79.42649760623875,3257,46.610798,79.71643,-0.009832855,10.09950424433518,0,,,LS_008,LS_008
cell_1020_1068,30.541597011226425,79.7161766560218,3530,42.232277,125.150986,0.0021445646,3.580844445909446,0,,,LS_007,LS_007
cell_1081_53,30.52262032783454,79.41535687724298,2883,35.93387,181.04163,-0.008485081,15.66524804982399,0,,,LS_008,LS_008
cell_1050_1037,30.533802996388616,79.70708263109559,3964,50.895264,123.3497,-0.023743248,30.197604952071465,0,,,LS_007,LS_007
cell_926_571,30.564195053563434,79.56839373756158,1543,52.699245,191.38512,0.004846523,5.029408432391227,1,LS_005,2017.0,LS_005,LS_005
cell_1084_77,30.52193649598072,79.42248657571233,3051,51.894257,231.43265,-0.008091659,5.146269951202111,0,,,LS_008,LS_008
cell_1079_86,30.52325247101325,79.42513482893898,3276,41.36971,70.48072,0.00723159,1.37406092295516,0,,,LS_008,LS_008
cell_1110_86,30.515293622957618,79.42526317414779,2800,44.40776,212.55,-0.0018310812,19.922175981672364,1,LS_004,2017.0,LS_004,LS_004
cell_1037_1027,30.5371115023903,79.70407207575433,4158,30.448025,60.94539,-0.02186516,58.71929859610354,0,,,LS_007,LS_007
cell_1071_1071,30.52851055324667,79.71723872049418,3364,29.274143,125.43331,0.010809694,5.576020320039478,0,,,LS_007,LS_007
cell_1093_306,30.5204304164586,79.49043376267862,1490,38.019337,96.12693,-0.0019294993,285.21702073309297,0,,,LS_002,LS_002
cell_1006_1051,30.545141958011435,79.71108615236234,3685,33.336372,145.88553,0.0033439226,9.05274737351814,0,,,LS_007,LS_007
cell_1049_66,30.530882715706337,79.41907901894888,3098,19.181501,136.02303,-0.0058341827,209.08696003968583,1,LS_008,2017.0,LS_008,LS_008
cell_905_582,30.56962270506103,79.57157841763883,2239,44.369133,122.90524,0.0029627066,2.528349948348673,0,,,LS_005,LS_005
cell_1012_662,30.542408194487777,79.59571152132929,1780,73.567085,231.83861,0.010160972,5.160201577907379,0,,,LS_001,LS_001
cell_517_163,30.667812526391792,79.44566788774983,3816,47.728306,332.41193,0.0041193357,2.7124714045579728,0,,,LS_006,LS_006
cell_1061_1064,30.531057784067265,79.71512866550262,3605,43.801052,98.42697,0.0126351435,1.5071336050402862,0,,,LS_007,LS_007
cell_1156_238,30.50402040485165,79.47052137916064,2176,62.078346,188.43185,-0.013622611,11.501363394643455,0,,,LS_003,LS_003
cell_928_595,30.563759661985923,79.57552203000574,1524,51.786854,110.44011,0.020404596,1.722654177888875,0,,,LS_005,LS_005
cell_1110_88,30.515300789317816,79.42585623590854,2831,43.734264,205.27112,0.0060449904,4.142468482324321,1,LS_004,2017.0,LS_004,LS_004
cell_478_126,30.67769314291636,79.43451749600202,4117,53.7504,71.79844,-0.0023604955,3.7736382335573415,0,,,LS_006,LS_006
cell_530_132,30.66436452365433,79.43651471096074,3799,30.050653,59.931423,-0.0062833936,3.2986637077338794,0,,,LS_006,LS_006
cell_1048_1048,30.53434887878929,79.71033870895943,3806,49.116177,129.13612,0.0018236651,50.888552059698846,0,,,LS_007,LS_007
cell_496_121,30.673054062135986,79.43310697379859,4229,41.733517,115.05098,0.027789028,1.2266183143071314,0,,,LS_006,LS_006
cell_509_147,30.669809451129552,79.44088293263522,3466,23.137075,12.464927,-0.007600834,10053.478094796725,1,LS_006,2017.0,LS_006,LS_006
cell_1024_66,30.53730110783484,79.41897504783292,3352,40.467873,163.24425,0.0062278477,2.2092917066929667,0,,,LS_008,LS_008
cell_1159_232,30.50322928549955,79.46875443173217,2037,47.496807,156.0141,-0.0020445902,1.0586148898750425,0,,,LS_003,LS_003
cell_1073_49,30.52465977768307,79.41413731169025,3105,51.902508,196.81262,0.004434927,2.627939506715067,0,,,LS_008,LS_008
cell_1090_276,30.521097261654013,79.4815251426213,2433,60.343464,125.63761,0.010334045,1.05681464005325,0,,,LS_002,LS_002
cell_515_128,30.66820120988725,79.43526469857817,3779,36.51506,97.841705,-0.006814029,29.62168567613272,0,,,LS_006,LS_006
cell_1141_303,30.50809634338899,79.48973465629622,1360,38.293297,302.27563,0.011298424,29.465032214920104,0,,,LS_002,LS_002
cell_1054_1050,30.53281413952964,79.71095230661035,3740,32.34296,66.2796,-0.006212394,46.15908944962103,0,,,LS_007,LS_007
cell_499_167,30.672447941389063,79.44678193925412,3431,24.977497,351.8699,0.0047931247,5.741009830648847,0,,,LS_006,LS_006
cell_1091_73,30.520124971697665,79.42132942841714,2888,34.74348,244.89543,0.00023190136,9.96764152125573,0,,,LS_004,LS_004
cell_1069_1035,30.52891851014881,79.70655402833052,3843,35.744827,174.0459,-0.010220468,67.5499104297545,0,,,LS_007,LS_007
cell_1171_233,30.50015185190268,79.46909919641494,1746,45.31588,145.61966,-0.010044052,1077.214918786524,0,,,LS_003,LS_003
cell_1076_79,30.52399756937272,79.42304650586988,3189,34.435017,295.41602,0.0025908893,2.441241964269225,0,,,LS_008,LS_008
cell_1045_668,30.53395441148356,79.5976131069721,1909,36.016632,11.853009,0.0034926576,80.20697887710972,0,,,LS_001,LS_001
cell_1102_265,30.5179782783574,79.47831103407799,2324,51.662376,184.58185,-0.008952546,3.2657273716058337,0,,,LS_002,LS_002
cell_1147_281,30.50648011140796,79.48323518707528,1223,47.099045,113.32141,0.0061880257,3.968591873183363,0,,,LS_002,LS_002
cell_903_594,30.57017523542399,79.57513150454444,1843,70.38311,103.949234,0.013959594,1.774442266036474,0,,,LS_005,LS_005
cell_1039_1052,30.536671537928303,79.71149470414214,3799,43.764988,101.103836,-0.0060105445,6.142986633069284,1,LS_007,2017.0,LS_007,LS_007
cell_1148_296,30.50627505626233,79.48768684984063,1382,30.120636,293.6542,0.0142537225,1.5839112727983482,0,,,LS_002,LS_002
