settlement_id,settlement_name,STATE,DISTRICT,SUBDISTT,TOWN/VILLAGE,WARD,LEVEL,settlement_type,NO_HH,households,TOT_P,TOT_M,TOT_F,population_2011,population,population_growth,population_growth_pct,POPULATION_YEAR,SOURCE,NAME_CLEAN
SETTLEMENT_40808,Mana,5,57,284,40808,0,VILLAGE,Rural,558,558,1214,731,483,1214,1430,216,17.792421746293247,2011,Census of India - Population Census 2011,MANA
SETTLEMENT_40809,Khiron,5,57,284,40809,0,VILLAGE,Rural,30,30,90,47,43,90,106,16,17.77777777777778,2011,Census of India - Population Census 2011,KHIRON
SETTLEMENT_40810,Thaing,5,57,284,40810,0,VILLAGE,Rural,165,165,806,405,401,806,950,144,17.866004962779154,2011,Census of India - Population Census 2011,THAING
SETTLEMENT_40811,Arurhi Paturi,5,57,284,40811,0,VILLAGE,Rural,132,132,609,307,302,609,718,109,17.898193760262725,2011,Census of India - Population Census 2011,ARURHI PATURI
SETTLEMENT_40812,Bhyudar,5,57,284,40812,0,VILLAGE,Rural,11,11,61,33,28,61,72,11,18.0327868852459,2011,Census of India - Population Census 2011,BHYUDAR
SETTLEMENT_40813,Pandukaswar,5,57,284,40813,0,VILLAGE,Rural,312,312,1396,711,685,1396,1645,249,17.836676217765042,2011,Census of India - Population Census 2011,PANDUKASWAR
SETTLEMENT_40814,Pulana Chak Bhyudar,5,57,284,40814,0,VILLAGE,Rural,55,55,285,135,150,285,336,51,17.894736842105264,2011,Census of India - Population Census 2011,PULANA CHAK BHYUDAR
SETTLEMENT_40815,Toli Laga Chiae,5,57,284,40815,0,VILLAGE,Rural,11,11,45,31,14,45,53,8,17.77777777777778,2011,Census of India - Population Census 2011,TOLI LAGA CHIAE
SETTLEMENT_40816,Chaien,5,57,284,40816,0,VILLAGE,Rural,118,118,516,276,240,516,608,92,17.829457364341085,2011,Census of India - Population Census 2011,CHAIEN
SETTLEMENT_40817,Urgam,5,57,284,40817,0,VILLAGE,Rural,313,313,1549,778,771,1549,1825,276,17.817947062621045,2011,Census of India - Population Census 2011,URGAM
SETTLEMENT_40818,Bharkichak-Urgam,5,57,284,40818,0,VILLAGE,Rural,26,26,133,72,61,133,157,24,18.045112781954884,2011,Census of India - Population Census 2011,BHARKICHAK-URGAM
SETTLEMENT_40819,Bheta Chak Urgam,5,57,284,40819,0,VILLAGE,Rural,67,67,346,183,163,346,408,62,17.91907514450867,2011,Census of India - Population Census 2011,BHETA CHAK URGAM
SETTLEMENT_40820,Lyari Thana,5,57,284,40820,0,VILLAGE,Rural,55,55,237,130,107,237,279,42,17.72151898734177,2011,Census of India - Population Census 2011,LYARI THANA
SETTLEMENT_40821,Salna Chak Urgam,5,57,284,40821,0,VILLAGE,Rural,31,31,128,69,59,128,151,23,17.96875,2011,Census of India - Population Census 2011,SALNA CHAK URGAM
SETTLEMENT_40822,Hailang,5,57,284,40822,0,VILLAGE,Rural,121,121,528,307,221,528,622,94,17.803030303030305,2011,Census of India - Population Census 2011,HAILANG
SETTLEMENT_40823,Paini,5,57,284,40823,0,VILLAGE,Rural,153,153,664,369,295,664,782,118,17.771084337349397,2011,Census of India - Population Census 2011,PAINI
SETTLEMENT_40824,Sailang,5,57,284,40824,0,VILLAGE,Rural,150,150,761,416,345,761,897,136,17.871222076215506,2011,Census of India - Population Census 2011,SAILANG
SETTLEMENT_40825,Gaunkh Laga Sailang,5,57,284,40825,0,VILLAGE,Rural,8,8,15,10,5,15,18,3,20.0,2011,Census of India - Population Census 2011,GAUNKH LAGA SAILANG
SETTLEMENT_40826,Auli Laga Joshimath,5,57,284,40826,0,VILLAGE,Rural,36,36,299,254,45,299,352,53,17.725752508361204,2011,Census of India - Population Census 2011,AULI LAGA JOSHIMATH
SETTLEMENT_40827,Auli Laga Salud Dugra,5,57,284,40827,0,VILLAGE,Rural,1,1,2,2,0,2,2,0,0.0,2011,Census of India - Population Census 2011,AULI LAGA SALUD DUGRA
SETTLEMENT_40828,Salud Dugra,5,57,284,40828,0,VILLAGE,Rural,386,386,1583,801,782,1583,1865,282,17.814276689829438,2011,Census of India - Population Census 2011,SALUD DUGRA
SETTLEMENT_40829,Dumak,5,57,284,40829,0,VILLAGE,Rural,68,68,311,151,160,311,366,55,17.684887459807076,2011,Census of India - Population Census 2011,DUMAK
SETTLEMENT_40830,Kalgoth,5,57,284,40830,0,VILLAGE,Rural,70,70,355,176,179,355,418,63,17.74647887323944,2011,Census of India - Population Census 2011,KALGOTH
SETTLEMENT_40831,Uchougaur,5,57,284,40831,0,VILLAGE,Rural,11,11,46,24,22,46,54,8,17.391304347826086,2011,Census of India - Population Census 2011,UCHOUGAUR
SETTLEMENT_40832,Palla,5,57,284,40832,0,VILLAGE,Rural,72,72,369,180,189,369,435,66,17.88617886178862,2011,Census of India - Population Census 2011,PALLA
SETTLEMENT_40833,Jakhola,5,57,284,40833,0,VILLAGE,Rural,40,40,201,96,105,201,237,36,17.91044776119403,2011,Census of India - Population Census 2011,JAKHOLA
SETTLEMENT_40834,Kimana,5,57,284,40834,0,VILLAGE,Rural,100,100,450,227,223,450,530,80,17.77777777777778,2011,Census of India - Population Census 2011,KIMANA
SETTLEMENT_40835,Pokhani Urf Pokhari,5,57,284,40835,0,VILLAGE,Rural,54,54,245,117,128,245,289,44,17.959183673469386,2011,Census of India - Population Census 2011,POKHANI URF POKHARI
SETTLEMENT_40836,Lanji,5,57,284,40836,0,VILLAGE,Rural,27,27,171,85,86,171,201,30,17.543859649122805,2011,Census of India - Population Census 2011,LANJI
SETTLEMENT_40837,Tirosi,5,57,284,40837,0,VILLAGE,Rural,8,8,43,21,22,43,51,8,18.6046511627907,2011,Census of India - Population Census 2011,TIROSI
SETTLEMENT_40838,Dwing,5,57,284,40838,0,VILLAGE,Rural,30,30,127,62,65,127,150,23,18.11023622047244,2011,Census of India - Population Census 2011,DWING
SETTLEMENT_40839,Tapon,5,57,284,40839,0,VILLAGE,Rural,24,24,92,51,41,92,108,16,17.391304347826086,2011,Census of India - Population Census 2011,TAPON
SETTLEMENT_40840,Gulabkoti,5,57,284,40840,0,VILLAGE,Rural,81,81,356,179,177,356,419,63,17.696629213483146,2011,Census of India - Population Census 2011,GULABKOTI
SETTLEMENT_40841,Langsi,5,57,284,40841,0,VILLAGE,Rural,102,102,395,218,177,395,465,70,17.72151898734177,2011,Census of India - Population Census 2011,LANGSI
SETTLEMENT_40842,Tangni talli,5,57,284,40842,0,VILLAGE,Rural,59,59,232,120,112,232,273,41,17.67241379310345,2011,Census of India - Population Census 2011,TANGNI TALLI
SETTLEMENT_40843,Tangni malli,5,57,284,40843,0,VILLAGE,Rural,73,73,304,151,153,304,358,54,17.763157894736842,2011,Census of India - Population Census 2011,TANGNI MALLI
SETTLEMENT_40844,Jalgwar,5,57,284,40844,0,VILLAGE,Rural,77,77,360,185,175,360,424,64,17.77777777777778,2011,Census of India - Population Census 2011,JALGWAR
SETTLEMENT_40845,Pakhi,5,57,284,40845,0,VILLAGE,Rural,96,96,365,184,181,365,430,65,17.80821917808219,2011,Census of India - Population Census 2011,PAKHI
SETTLEMENT_40846,Marwadi Chak Pakhi,5,57,284,40846,0,VILLAGE,Rural,31,31,157,109,48,157,185,28,17.8343949044586,2011,Census of India - Population Census 2011,MARWADI CHAK PAKHI
SETTLEMENT_40847,Darmi,5,57,284,40847,0,VILLAGE,Rural,19,19,95,51,44,95,112,17,17.894736842105264,2011,Census of India - Population Census 2011,DARMI
SETTLEMENT_40848,Noligwar,5,57,284,40848,0,VILLAGE,Rural,25,25,112,54,58,112,132,20,17.857142857142858,2011,Census of India - Population Census 2011,NOLIGWAR
SETTLEMENT_40849,Pagnau,5,57,284,40849,0,VILLAGE,Rural,94,94,390,188,202,390,460,70,17.94871794871795,2011,Census of India - Population Census 2011,PAGNAU
SETTLEMENT_40850,Molta,5,57,284,40850,0,VILLAGE,Rural,92,92,442,222,220,442,521,79,17.873303167420815,2011,Census of India - Population Census 2011,MOLTA
SETTLEMENT_40851,Ganai,5,57,284,40851,0,VILLAGE,Rural,107,107,450,240,210,450,530,80,17.77777777777778,2011,Census of India - Population Census 2011,GANAI
SETTLEMENT_40852,Bhalgaon,5,57,284,40852,0,VILLAGE,Rural,42,42,167,76,91,167,197,30,17.964071856287426,2011,Census of India - Population Census 2011,BHALGAON
SETTLEMENT_40853,Longsagari,5,57,284,40853,0,VILLAGE,Rural,27,27,100,56,44,100,118,18,18.0,2011,Census of India - Population Census 2011,LONGSAGARI
SETTLEMENT_40854,Fagti,5,57,284,40854,0,VILLAGE,Rural,0,0,0,0,0,0,0,0,0.0,2011,Census of India - Population Census 2011,FAGTI
SETTLEMENT_40855,Pagrasu,5,57,284,40855,0,VILLAGE,Rural,20,20,56,27,29,56,66,10,17.857142857142858,2011,Census of India - Population Census 2011,PAGRASU
SETTLEMENT_40856,Tolma,5,57,284,40856,0,VILLAGE,Rural,74,74,429,299,130,429,506,77,17.94871794871795,2011,Census of India - Population Census 2011,TOLMA
SETTLEMENT_40857,Sukhi,5,57,284,40857,0,VILLAGE,Rural,43,43,174,88,86,174,205,31,17.81609195402299,2011,Census of India - Population Census 2011,SUKHI
SETTLEMENT_40858,Kuraipani,5,57,284,40858,0,VILLAGE,Rural,8,8,28,17,11,28,33,5,17.857142857142858,2011,Census of India - Population Census 2011,KURAIPANI
SETTLEMENT_40859,Aira,5,57,284,40859,0,VILLAGE,Rural,5,5,21,11,10,21,25,4,19.047619047619047,2011,Census of India - Population Census 2011,AIRA
SETTLEMENT_40860,Inara,5,57,284,40860,0,VILLAGE,Rural,0,0,0,0,0,0,0,0,0.0,2011,Census of India - Population Census 2011,INARA
SETTLEMENT_40861,Khancha talla,5,57,284,40861,0,VILLAGE,Rural,2,2,13,6,7,13,15,2,15.384615384615385,2011,Census of India - Population Census 2011,KHANCHA TALLA
SETTLEMENT_40862,Khancha malla,5,57,284,40862,0,VILLAGE,Rural,3,3,12,6,6,12,14,2,16.666666666666664,2011,Census of India - Population Census 2011,KHANCHA MALLA
SETTLEMENT_40863,Merag,5,57,284,40863,0,VILLAGE,Rural,100,100,451,231,220,451,531,80,17.738359201773836,2011,Census of India - Population Census 2011,MERAG
SETTLEMENT_40864,Bara gaon,5,57,284,40864,0,VILLAGE,Rural,195,195,792,394,398,792,933,141,17.803030303030305,2011,Census of India - Population Census 2011,BARA GAON
SETTLEMENT_40865,Payya chormi,5,57,284,40865,0,VILLAGE,Rural,30,30,134,67,67,134,158,24,17.91044776119403,2011,Census of India - Population Census 2011,PAYYA CHORMI
SETTLEMENT_40866,Dhak,5,57,284,40866,0,VILLAGE,Rural,99,99,422,215,207,422,497,75,17.77251184834123,2011,Census of India - Population Census 2011,DHAK
SETTLEMENT_40867,Kundikhola,5,57,284,40867,0,VILLAGE,Rural,42,42,180,88,92,180,212,32,17.77777777777778,2011,Census of India - Population Census 2011,KUNDIKHOLA
SETTLEMENT_40868,Tugasi,5,57,284,40868,0,VILLAGE,Rural,44,44,230,116,114,230,271,41,17.82608695652174,2011,Census of India - Population Census 2011,TUGASI
SETTLEMENT_40869,Raigari,5,57,284,40869,0,VILLAGE,Rural,24,24,97,48,49,97,114,17,17.525773195876287,2011,Census of India - Population Census 2011,RAIGARI
SETTLEMENT_40870,Karchi,5,57,284,40870,0,VILLAGE,Rural,68,68,328,158,170,328,386,58,17.682926829268293,2011,Census of India - Population Census 2011,KARCHI
SETTLEMENT_40871,Bilagar,5,57,284,40871,0,VILLAGE,Rural,26,26,97,46,51,97,114,17,17.525773195876287,2011,Census of India - Population Census 2011,BILAGAR
SETTLEMENT_40872,Chamtoli,5,57,284,40872,0,VILLAGE,Rural,25,25,122,77,45,122,144,22,18.0327868852459,2011,Census of India - Population Census 2011,CHAMTOLI
SETTLEMENT_40873,Topovan,5,57,284,40873,0,VILLAGE,Rural,270,270,1064,605,459,1064,1254,190,17.857142857142858,2011,Census of India - Population Census 2011,TOPOVAN
SETTLEMENT_40874,Gahar,5,57,284,40874,0,VILLAGE,Rural,11,11,50,28,22,50,59,9,18.0,2011,Census of India - Population Census 2011,GAHAR
SETTLEMENT_40875,Bhangyul,5,57,284,40875,0,VILLAGE,Rural,48,48,241,124,117,241,284,43,17.842323651452283,2011,Census of India - Population Census 2011,BHANGYUL
SETTLEMENT_40876,Karachhon,5,57,284,40876,0,VILLAGE,Rural,83,83,429,212,217,429,506,77,17.94871794871795,2011,Census of India - Population Census 2011,KARACHHON
SETTLEMENT_40877,Badal Gaitha,5,57,284,40877,0,VILLAGE,Rural,0,0,0,0,0,0,0,0,0.0,2011,Census of India - Population Census 2011,BADAL GAITHA
SETTLEMENT_40878,Juwagwar,5,57,284,40878,0,VILLAGE,Rural,16,16,59,27,32,59,70,11,18.64406779661017,2011,Census of India - Population Census 2011,JUWAGWAR
SETTLEMENT_40879,Jugaju chak lata,5,57,284,40879,0,VILLAGE,Rural,10,10,36,18,18,36,42,6,16.666666666666664,2011,Census of India - Population Census 2011,JUGAJU CHAK LATA
SETTLEMENT_40880,Lata,5,57,284,40880,0,VILLAGE,Rural,84,84,305,145,160,305,359,54,17.704918032786885,2011,Census of India - Population Census 2011,LATA
SETTLEMENT_40881,Raini Chak Lata,5,57,284,40881,0,VILLAGE,Rural,48,48,145,106,39,145,171,26,17.93103448275862,2011,Census of India - Population Census 2011,RAINI CHAK LATA
SETTLEMENT_40882,Pang Chak Lata,5,57,284,40882,0,VILLAGE,Rural,32,32,125,52,73,125,147,22,17.599999999999998,2011,Census of India - Population Census 2011,PANG CHAK LATA
SETTLEMENT_40883,Morana Chak Subhai,5,57,284,40883,0,VILLAGE,Rural,5,5,23,11,12,23,27,4,17.391304347826086,2011,Census of India - Population Census 2011,MORANA CHAK SUBHAI
SETTLEMENT_40884,Subhai,5,57,284,40884,0,VILLAGE,Rural,126,126,569,295,274,569,670,101,17.75043936731107,2011,Census of India - Population Census 2011,SUBHAI
SETTLEMENT_40885,Raini Chak Subhai,5,57,284,40885,0,VILLAGE,Rural,56,56,258,188,70,258,304,46,17.829457364341085,2011,Census of India - Population Census 2011,RAINI CHAK SUBHAI
SETTLEMENT_40886,Ringi,5,57,284,40886,0,VILLAGE,Rural,68,68,273,129,144,273,322,49,17.94871794871795,2011,Census of India - Population Census 2011,RINGI
SETTLEMENT_40887,Bampa,5,57,284,40887,0,VILLAGE,Rural,60,60,192,85,107,192,226,34,17.708333333333336,2011,Census of India - Population Census 2011,BAMPA
SETTLEMENT_40888,Gamsali,5,57,284,40888,0,VILLAGE,Rural,108,108,383,182,201,383,451,68,17.75456919060052,2011,Census of India - Population Census 2011,GAMSALI
SETTLEMENT_40889,Niti,5,57,284,40889,0,VILLAGE,Rural,29,29,47,22,25,47,55,8,17.02127659574468,2011,Census of India - Population Census 2011,NITI
SETTLEMENT_40890,Gurguti,5,57,284,40890,0,VILLAGE,Rural,101,101,250,147,103,250,295,45,18.0,2011,Census of India - Population Census 2011,GURGUTI
SETTLEMENT_40891,Mahargaon,5,57,284,40891,0,VILLAGE,Rural,43,43,269,139,130,269,317,48,17.843866171003718,2011,Census of India - Population Census 2011,MAHARGAON
SETTLEMENT_40892,Malari,5,57,284,40892,0,VILLAGE,Rural,1076,1076,1933,1427,506,1933,2278,345,17.847904811174338,2011,Census of India - Population Census 2011,MALARI
SETTLEMENT_40893,Kailashpur,5,57,284,40893,0,VILLAGE,Rural,35,35,158,80,78,158,186,28,17.72151898734177,2011,Census of India - Population Census 2011,KAILASHPUR
SETTLEMENT_40894,Rewal Chak Kurkuti,5,57,284,40894,0,VILLAGE,Rural,0,0,0,0,0,0,0,0,0.0,2011,Census of India - Population Census 2011,REWAL CHAK KURKUTI
SETTLEMENT_40895,Farkiagaon,5,57,284,40895,0,VILLAGE,Rural,41,41,197,108,89,197,232,35,17.766497461928935,2011,Census of India - Population Census 2011,FARKIAGAON
SETTLEMENT_40896,Kosa,5,57,284,40896,0,VILLAGE,Rural,71,71,302,153,149,302,356,54,17.880794701986755,2011,Census of India - Population Census 2011,KOSA
SETTLEMENT_40897,Jalam,5,57,284,40897,0,VILLAGE,Rural,81,81,224,120,104,224,264,40,17.857142857142858,2011,Census of India - Population Census 2011,JALAM
SETTLEMENT_40898,Jumma,5,57,284,40898,0,VILLAGE,Rural,62,62,78,63,15,78,92,14,17.94871794871795,2011,Census of India - Population Census 2011,JUMMA
SETTLEMENT_40899,Lamtoli,5,57,284,40899,0,VILLAGE,Rural,0,0,0,0,0,0,0,0,0.0,2011,Census of India - Population Census 2011,LAMTOLI
SETTLEMENT_40900,Kaga Laga Dronagiri,5,57,284,40900,0,VILLAGE,Rural,26,26,97,47,50,97,114,17,17.525773195876287,2011,Census of India - Population Census 2011,KAGA LAGA DRONAGIRI
SETTLEMENT_40901,Garpak,5,57,284,40901,0,VILLAGE,Rural,11,11,66,40,26,66,78,12,18.181818181818183,2011,Census of India - Population Census 2011,GARPAK
SETTLEMENT_40902,Dronagiri,5,57,284,40902,0,VILLAGE,Rural,31,31,92,47,45,92,108,16,17.391304347826086,2011,Census of India - Population Census 2011,DRONAGIRI
SETTLEMENT_40903,F-1,5,57,284,40903,0,VILLAGE,Rural,2,2,2,2,0,2,2,0,0.0,2011,Census of India - Population Census 2011,F-1
SETTLEMENT_40904,Joshimath,5,57,284,40904,0,VILLAGE,Rural,0,0,0,0,0,0,0,0,0.0,2011,Census of India - Population Census 2011,JOSHIMATH
SETTLEMENT_40905,Chamoli,5,57,284,40905,0,VILLAGE,Rural,0,0,0,0,0,0,0,0,0.0,2011,Census of India - Population Census 2011,CHAMOLI
SETTLEMENT_40906,Joshimath,5,57,284,40906,0,VILLAGE,Rural,0,0,0,0,0,0,0,0,0.0,2011,Census of India - Population Census 2011,JOSHIMATH
SETTLEMENT_800290,Badrinathpuri (NP),5,57,284,800290,0,TOWN,Urban,850,850,2438,2054,384,2438,2873,435,17.842493847415913,2011,Census of India - Population Census 2011,BADRINATHPURI (NP)
SETTLEMENT_800291,Joshimath  (NPP),5,57,284,800291,0,TOWN,Urban,3898,3898,16709,9988,6721,16709,19689,2980,17.83469986234963,2011,Census of India - Population Census 2011,JOSHIMATH  (NPP)
