source_settlement_id,source_settlement,source_population,source_district,recommendation_rank,site_id,site_name,site_village,site_district,ai_relocation_score,safe_site_score,site_capacity,distance_km,distance_score,accessibility_score,infrastructure_score,remaining_capacity,recommendation_status,reason
SETTLEMENT_40808,Mana,1430,57,1,5582604,Educational Facility,Pandukaswar,CHAMOLI,70.893,71.23,100.0,39.366,0.0,100.0,85.0,100.0,PRIMARY,AI ranked safe-site candidate
SETTLEMENT_40808,Mana,1430,57,2,9122080,Educational Facility,Raigari,CHAMOLI,65.696,69.86,75.0,57.708,0.0,100.0,90.0,75.0,ALTERNATIVE,AI ranked safe-site candidate
SETTLEMENT_40808,Mana,1430,57,3,7073310,Educational Facility,Pakhi,CHAMOLI,64.162,69.24,50.0,55.891,0.0,100.0,100.0,50.0,ALTERNATIVE,AI ranked safe-site candidate
SETTLEMENT_40808,Mana,1430,57,4,9859864,Educational Facility,Bara Gaon,CHAMOLI,60.443,63.61,75.0,52.775,0.0,100.0,75.0,75.0,ALTERNATIVE,AI ranked safe-site candidate
SETTLEMENT_40808,Mana,1430,57,5,4283719,Educational Facility,Urgam,CHAMOLI,60.298,53.86,125.0,47.684,0.0,40.0,75.0,125.0,ALTERNATIVE,AI ranked safe-site candidate
SETTLEMENT_40809,Khiron,106,57,1,5582604,Educational Facility,Pandukaswar,CHAMOLI,78.261,71.23,100.0,8.616,75.892,100.0,85.0,100.0,PRIMARY,AI ranked safe-site candidate
SETTLEMENT_40809,Khiron,106,57,2,6188919,Educational Facility,Pandukaswar,CHAMOLI,66.488,63.47,62.0,8.616,75.892,100.0,90.0,62.0,ALTERNATIVE,AI ranked safe-site candidate
SETTLEMENT_40809,Khiron,106,57,3,9122080,Educational Facility,Raigari,CHAMOLI,65.341,69.86,75.0,26.277,0.0,100.0,90.0,75.0,ALTERNATIVE,AI ranked safe-site candidate
SETTLEMENT_40809,Khiron,106,57,4,7073310,Educational Facility,Pakhi,CHAMOLI,63.864,69.24,50.0,24.701,0.0,100.0,100.0,50.0,ALTERNATIVE,AI ranked safe-site candidate
SETTLEMENT_40809,Khiron,106,57,5,4283719,Educational Facility,Urgam,CHAMOLI,62.342,53.86,125.0,16.435,23.766,40.0,75.0,125.0,ALTERNATIVE,AI ranked safe-site candidate
SETTLEMENT_40810,Thaing,950,57,1,5582604,Educational Facility,Pandukaswar,CHAMOLI,78.034,71.23,100.0,8.302,77.985,100.0,85.0,100.0,PRIMARY,AI ranked safe-site candidate
SETTLEMENT_40810,Thaing,950,57,2,4283719,Educational Facility,Urgam,CHAMOLI,69.377,53.86,125.0,5.874,94.171,40.0,75.0,125.0,ALTERNATIVE,AI ranked safe-site candidate
SETTLEMENT_40810,Thaing,950,57,3,9122080,Educational Facility,Raigari,CHAMOLI,68.586,69.86,75.0,13.932,40.453,100.0,90.0,75.0,ALTERNATIVE,AI ranked safe-site candidate
SETTLEMENT_40810,Thaing,950,57,4,6188919,Educational Facility,Pandukaswar,CHAMOLI,66.68,63.47,62.0,8.302,77.985,100.0,90.0,62.0,ALTERNATIVE,AI ranked safe-site candidate
SETTLEMENT_40810,Thaing,950,57,5,9156747,Educational Facility,Langsi,CHAMOLI,66.42,63.47,62.0,8.66,75.601,100.0,90.0,62.0,ALTERNATIVE,AI ranked safe-site candidate
SETTLEMENT_40811,Arurhi Paturi,718,57,1,5582604,Educational Facility,Pandukaswar,CHAMOLI,80.287,71.23,100.0,2.212,100.0,100.0,85.0,100.0,PRIMARY,AI ranked safe-site candidate
SETTLEMENT_40811,Arurhi Paturi,718,57,2,6188919,Educational Facility,Pandukaswar,CHAMOLI,68.761,63.47,62.0,2.212,100.0,100.0,90.0,62.0,ALTERNATIVE,AI ranked safe-site candidate
SETTLEMENT_40811,Arurhi Paturi,718,57,3,9122080,Educational Facility,Raigari,CHAMOLI,65.658,69.86,75.0,20.393,0.0,100.0,90.0,75.0,ALTERNATIVE,AI ranked safe-site candidate
SETTLEMENT_40811,Arurhi Paturi,718,57,4,7073310,Educational Facility,Pakhi,CHAMOLI,64.033,69.24,50.0,21.731,0.0,100.0,100.0,50.0,ALTERNATIVE,AI ranked safe-site candidate
SETTLEMENT_40811,Arurhi Paturi,718,57,5,4283719,Educational Facility,Urgam,CHAMOLI,64.027,53.86,125.0,14.053,39.645,40.0,75.0,125.0,ALTERNATIVE,AI ranked safe-site candidate
SETTLEMENT_40812,Bhyudar,72,57,1,5582604,Educational Facility,Pandukaswar,CHAMOLI,79.737,71.23,100.0,6.148,92.348,100.0,85.0,100.0,PRIMARY,AI ranked safe-site candidate
SETTLEMENT_40812,Bhyudar,72,57,2,6188919,Educational Facility,Pandukaswar,CHAMOLI,68.017,63.47,62.0,6.148,92.348,100.0,90.0,62.0,ALTERNATIVE,AI ranked safe-site candidate
SETTLEMENT_40812,Bhyudar,72,57,3,9122080,Educational Facility,Raigari,CHAMOLI,65.603,69.86,75.0,21.988,0.0,100.0,90.0,75.0,ALTERNATIVE,AI ranked safe-site candidate
SETTLEMENT_40812,Bhyudar,72,57,4,7073310,Educational Facility,Pakhi,CHAMOLI,64.043,69.24,50.0,26.828,0.0,100.0,100.0,50.0,ALTERNATIVE,AI ranked safe-site candidate
SETTLEMENT_40812,Bhyudar,72,57,5,9859864,Educational Facility,Bara Gaon,CHAMOLI,62.028,63.61,75.0,17.081,19.457,100.0,75.0,75.0,ALTERNATIVE,AI ranked safe-site candidate
SETTLEMENT_40813,Pandukaswar,1645,57,1,5582604,Educational Facility,Pandukaswar,CHAMOLI,80.282,71.23,100.0,0.0,100.0,100.0,85.0,100.0,PRIMARY,AI ranked safe-site candidate
SETTLEMENT_40813,Pandukaswar,1645,57,2,6188919,Educational Facility,Pandukaswar,CHAMOLI,68.756,63.47,62.0,0.0,100.0,100.0,90.0,62.0,ALTERNATIVE,AI ranked safe-site candidate
SETTLEMENT_40813,Pandukaswar,1645,57,3,9122080,Educational Facility,Raigari,CHAMOLI,65.729,69.86,75.0,18.342,11.054,100.0,90.0,75.0,ALTERNATIVE,AI ranked safe-site candidate
SETTLEMENT_40813,Pandukaswar,1645,57,4,9859864,Educational Facility,Bara Gaon,CHAMOLI,64.453,63.61,75.0,13.416,43.893,100.0,75.0,75.0,ALTERNATIVE,AI ranked safe-site candidate
SETTLEMENT_40813,Pandukaswar,1645,57,5,4283719,Educational Facility,Urgam,CHAMOLI,64.272,53.86,125.0,13.609,42.605,40.0,75.0,125.0,ALTERNATIVE,AI ranked safe-site candidate
SETTLEMENT_40814,Pulana Chak Bhyudar,336,57,1,5582604,Educational Facility,Pandukaswar,CHAMOLI,80.208,71.23,100.0,2.268,100.0,100.0,85.0,100.0,PRIMARY,AI ranked safe-site candidate
SETTLEMENT_40814,Pulana Chak Bhyudar,336,57,2,6188919,Educational Facility,Pandukaswar,CHAMOLI,68.757,63.47,62.0,2.268,100.0,100.0,90.0,62.0,ALTERNATIVE,AI ranked safe-site candidate
SETTLEMENT_40814,Pulana Chak Bhyudar,336,57,3,9122080,Educational Facility,Raigari,CHAMOLI,65.74,69.86,75.0,17.854,14.307,100.0,90.0,75.0,ALTERNATIVE,AI ranked safe-site candidate
SETTLEMENT_40814,Pulana Chak Bhyudar,336,57,4,9859864,Educational Facility,Bara Gaon,CHAMOLI,64.827,63.61,75.0,12.888,47.415,100.0,75.0,75.0,ALTERNATIVE,AI ranked safe-site candidate
SETTLEMENT_40814,Pulana Chak Bhyudar,336,57,5,3856092,Educational Facility,Bara Gaon,CHAMOLI,64.364,66.72,62.0,12.888,47.415,100.0,85.0,62.0,ALTERNATIVE,AI ranked safe-site candidate
SETTLEMENT_40815,Toli Laga Chiae,53,57,1,5582604,Educational Facility,Pandukaswar,CHAMOLI,79.721,71.23,100.0,5.445,97.034,100.0,85.0,100.0,PRIMARY,AI ranked safe-site candidate
SETTLEMENT_40815,Toli Laga Chiae,53,57,2,9122080,Educational Facility,Raigari,CHAMOLI,68.568,69.86,75.0,13.422,43.85,100.0,90.0,75.0,ALTERNATIVE,AI ranked safe-site candidate
SETTLEMENT_40815,Toli Laga Chiae,53,57,3,6188919,Educational Facility,Pandukaswar,CHAMOLI,68.458,63.47,62.0,5.445,97.034,100.0,90.0,62.0,ALTERNATIVE,AI ranked safe-site candidate
SETTLEMENT_40815,Toli Laga Chiae,53,57,4,9859864,Educational Facility,Bara Gaon,CHAMOLI,67.223,63.61,75.0,8.714,75.242,100.0,75.0,75.0,ALTERNATIVE,AI ranked safe-site candidate
SETTLEMENT_40815,Toli Laga Chiae,53,57,5,3856092,Educational Facility,Bara Gaon,CHAMOLI,66.852,66.72,62.0,8.714,75.242,100.0,85.0,62.0,ALTERNATIVE,AI ranked safe-site candidate
SETTLEMENT_40816,Chaien,608,57,1,5582604,Educational Facility,Pandukaswar,CHAMOLI,78.737,71.23,100.0,7.545,83.033,100.0,85.0,100.0,PRIMARY,AI ranked safe-site candidate
SETTLEMENT_40816,Chaien,608,57,2,9122080,Educational Facility,Raigari,CHAMOLI,71.399,69.86,75.0,12.118,52.546,100.0,90.0,75.0,ALTERNATIVE,AI ranked safe-site candidate
SETTLEMENT_40816,Chaien,608,57,3,9859864,Educational Facility,Bara Gaon,CHAMOLI,67.683,63.61,75.0,7.777,81.484,100.0,75.0,75.0,ALTERNATIVE,AI ranked safe-site candidate
SETTLEMENT_40816,Chaien,608,57,4,4283719,Educational Facility,Urgam,CHAMOLI,67.68,53.86,125.0,8.319,77.872,40.0,75.0,125.0,ALTERNATIVE,AI ranked safe-site candidate
SETTLEMENT_40816,Chaien,608,57,5,3856092,Educational Facility,Bara Gaon,CHAMOLI,67.323,66.72,62.0,7.777,81.484,100.0,85.0,62.0,ALTERNATIVE,AI ranked safe-site candidate
SETTLEMENT_40817,Urgam,1825,57,1,5582604,Educational Facility,Pandukaswar,CHAMOLI,73.368,71.23,100.0,13.609,42.605,100.0,85.0,100.0,PRIMARY,AI ranked safe-site candidate
SETTLEMENT_40817,Urgam,1825,57,2,4283719,Educational Facility,Urgam,CHAMOLI,70.008,53.86,125.0,0.0,100.0,40.0,75.0,125.0,ALTERNATIVE,AI ranked safe-site candidate
SETTLEMENT_40817,Urgam,1825,57,3,9156747,Educational Facility,Langsi,CHAMOLI,68.327,63.47,62.0,5.628,95.812,100.0,90.0,62.0,ALTERNATIVE,AI ranked safe-site candidate
SETTLEMENT_40817,Urgam,1825,57,4,7073310,Educational Facility,Pakhi,CHAMOLI,66.422,69.24,50.0,8.288,78.077,100.0,100.0,50.0,ALTERNATIVE,AI ranked safe-site candidate
SETTLEMENT_40817,Urgam,1825,57,5,9122080,Educational Facility,Raigari,CHAMOLI,65.951,69.86,75.0,16.422,23.854,100.0,90.0,75.0,ALTERNATIVE,AI ranked safe-site candidate
SETTLEMENT_40818,Bharkichak-Urgam,157,57,1,5582604,Educational Facility,Pandukaswar,CHAMOLI,75.168,71.23,100.0,12.581,49.462,100.0,85.0,100.0,PRIMARY,AI ranked safe-site candidate
SETTLEMENT_40818,Bharkichak-Urgam,157,57,2,4283719,Educational Facility,Urgam,CHAMOLI,70.017,53.86,125.0,1.047,100.0,40.0,75.0,125.0,ALTERNATIVE,AI ranked safe-site candidate
SETTLEMENT_40818,Bharkichak-Urgam,157,57,3,9156747,Educational Facility,Langsi,CHAMOLI,67.886,63.47,62.0,6.322,91.19,100.0,90.0,62.0,ALTERNATIVE,AI ranked safe-site candidate
SETTLEMENT_40818,Bharkichak-Urgam,157,57,4,7073310,Educational Facility,Pakhi,CHAMOLI,66.2,69.24,50.0,9.239,71.74,100.0,100.0,50.0,ALTERNATIVE,AI ranked safe-site candidate
SETTLEMENT_40818,Bharkichak-Urgam,157,57,5,9122080,Educational Facility,Raigari,CHAMOLI,65.835,69.86,75.0,16.366,24.226,100.0,90.0,75.0,ALTERNATIVE,AI ranked safe-site candidate
SETTLEMENT_40819,Bheta Chak Urgam,408,57,1,5582604,Educational Facility,Pandukaswar,CHAMOLI,74.865,71.23,100.0,12.781,48.13,100.0,85.0,100.0,PRIMARY,AI ranked safe-site candidate
SETTLEMENT_40819,Bheta Chak Urgam,408,57,2,4283719,Educational Facility,Urgam,CHAMOLI,70.037,53.86,125.0,1.265,100.0,40.0,75.0,125.0,ALTERNATIVE,AI ranked safe-site candidate
SETTLEMENT_40819,Bheta Chak Urgam,408,57,3,9156747,Educational Facility,Langsi,CHAMOLI,68.486,63.47,62.0,5.331,97.794,100.0,90.0,62.0,ALTERNATIVE,AI ranked safe-site candidate
SETTLEMENT_40819,Bheta Chak Urgam,408,57,4,9122080,Educational Facility,Raigari,CHAMOLI,66.408,69.86,75.0,15.312,31.251,100.0,90.0,75.0,ALTERNATIVE,AI ranked safe-site candidate
SETTLEMENT_40819,Bheta Chak Urgam,408,57,5,7073310,Educational Facility,Pakhi,CHAMOLI,66.336,69.24,50.0,8.518,76.549,100.0,100.0,50.0,ALTERNATIVE,AI ranked safe-site candidate
SETTLEMENT_40820,Lyari Thana,279,57,1,5582604,Educational Facility,Pandukaswar,CHAMOLI,73.252,71.23,100.0,13.684,42.109,100.0,85.0,100.0,PRIMARY,AI ranked safe-site candidate
SETTLEMENT_40820,Lyari Thana,279,57,2,4283719,Educational Facility,Urgam,CHAMOLI,70.041,53.86,125.0,1.818,100.0,40.0,75.0,125.0,ALTERNATIVE,AI ranked safe-site candidate
SETTLEMENT_40820,Lyari Thana,279,57,3,9156747,Educational Facility,Langsi,CHAMOLI,68.762,63.47,62.0,4.124,100.0,100.0,90.0,62.0,ALTERNATIVE,AI ranked safe-site candidate
SETTLEMENT_40820,Lyari Thana,279,57,4,7073310,Educational Facility,Pakhi,CHAMOLI,66.698,69.24,50.0,7.387,84.084,100.0,100.0,50.0,ALTERNATIVE,AI ranked safe-site candidate
SETTLEMENT_40820,Lyari Thana,279,57,5,9122080,Educational Facility,Raigari,CHAMOLI,66.584,69.86,75.0,14.663,35.578,100.0,90.0,75.0,ALTERNATIVE,AI ranked safe-site candidate
SETTLEMENT_40821,Salna Chak Urgam,151,57,1,5582604,Educational Facility,Pandukaswar,CHAMOLI,74.78,71.23,100.0,12.677,48.82,100.0,85.0,100.0,PRIMARY,AI ranked safe-site candidate
SETTLEMENT_40821,Salna Chak Urgam,151,57,2,4283719,Educational Facility,Urgam,CHAMOLI,70.034,53.86,125.0,3.633,100.0,40.0,75.0,125.0,ALTERNATIVE,AI ranked safe-site candidate
SETTLEMENT_40821,Salna Chak Urgam,151,57,3,9122080,Educational Facility,Raigari,CHAMOLI,69.83,69.86,75.0,12.824,47.841,100.0,90.0,75.0,ALTERNATIVE,AI ranked safe-site candidate
SETTLEMENT_40821,Salna Chak Urgam,151,57,4,9156747,Educational Facility,Langsi,CHAMOLI,68.761,63.47,62.0,4.279,100.0,100.0,90.0,62.0,ALTERNATIVE,AI ranked safe-site candidate
SETTLEMENT_40821,Salna Chak Urgam,151,57,5,7073310,Educational Facility,Pakhi,CHAMOLI,66.454,69.24,50.0,8.181,78.794,100.0,100.0,50.0,ALTERNATIVE,AI ranked safe-site candidate
SETTLEMENT_40822,Hailang,622,57,1,5582604,Educational Facility,Pandukaswar,CHAMOLI,74.85,71.23,100.0,12.898,47.348,100.0,85.0,100.0,PRIMARY,AI ranked safe-site candidate
SETTLEMENT_40822,Hailang,622,57,2,9122080,Educational Facility,Raigari,CHAMOLI,70.825,69.86,75.0,11.939,53.741,100.0,90.0,75.0,ALTERNATIVE,AI ranked safe-site candidate
SETTLEMENT_40822,Hailang,622,57,3,4283719,Educational Facility,Urgam,CHAMOLI,70.011,53.86,125.0,4.493,100.0,40.0,75.0,125.0,ALTERNATIVE,AI ranked safe-site candidate
SETTLEMENT_40822,Hailang,622,57,4,9156747,Educational Facility,Langsi,CHAMOLI,68.763,63.47,62.0,4.067,100.0,100.0,90.0,62.0,ALTERNATIVE,AI ranked safe-site candidate
SETTLEMENT_40822,Hailang,622,57,5,9859864,Educational Facility,Bara Gaon,CHAMOLI,66.903,63.61,75.0,9.599,69.337,100.0,75.0,75.0,ALTERNATIVE,AI ranked safe-site candidate
SETTLEMENT_40823,Paini,782,57,1,5582604,Educational Facility,Pandukaswar,CHAMOLI,75.956,71.23,100.0,11.998,53.345,100.0,85.0,100.0,PRIMARY,AI ranked safe-site candidate
SETTLEMENT_40823,Paini,782,57,2,9122080,Educational Facility,Raigari,CHAMOLI,71.285,69.86,75.0,10.332,64.453,100.0,90.0,75.0,ALTERNATIVE,AI ranked safe-site candidate
SETTLEMENT_40823,Paini,782,57,3,4283719,Educational Facility,Urgam,CHAMOLI,68.994,53.86,125.0,6.343,91.044,40.0,75.0,125.0,ALTERNATIVE,AI ranked safe-site candidate
SETTLEMENT_40823,Paini,782,57,4,9156747,Educational Facility,Langsi,CHAMOLI,68.352,63.47,62.0,5.586,96.093,100.0,90.0,62.0,ALTERNATIVE,AI ranked safe-site candidate
SETTLEMENT_40823,Paini,782,57,5,9859864,Educational Facility,Bara Gaon,CHAMOLI,67.725,63.61,75.0,7.601,82.662,100.0,75.0,75.0,ALTERNATIVE,AI ranked safe-site candidate
SETTLEMENT_40824,Sailang,897,57,1,5582604,Educational Facility,Pandukaswar,CHAMOLI,76.266,71.23,100.0,10.648,62.347,100.0,85.0,100.0,PRIMARY,AI ranked safe-site candidate
SETTLEMENT_40824,Sailang,897,57,2,9122080,Educational Facility,Raigari,CHAMOLI,71.187,69.86,75.0,10.538,63.083,100.0,90.0,75.0,ALTERNATIVE,AI ranked safe-site candidate
SETTLEMENT_40824,Sailang,897,57,3,4283719,Educational Facility,Urgam,CHAMOLI,68.487,53.86,125.0,6.869,87.543,40.0,75.0,125.0,ALTERNATIVE,AI ranked safe-site candidate
SETTLEMENT_40824,Sailang,897,57,4,9859864,Educational Facility,Bara Gaon,CHAMOLI,67.813,63.61,75.0,7.179,85.47,100.0,75.0,75.0,ALTERNATIVE,AI ranked safe-site candidate
SETTLEMENT_40824,Sailang,897,57,5,3856092,Educational Facility,Bara Gaon,CHAMOLI,67.457,66.72,62.0,7.179,85.47,100.0,85.0,62.0,ALTERNATIVE,AI ranked safe-site candidate
SETTLEMENT_40825,Gaunkh Laga Sailang,18,57,1,5582604,Educational Facility,Pandukaswar,CHAMOLI,76.696,71.23,100.0,9.806,67.957,100.0,85.0,100.0,PRIMARY,AI ranked safe-site candidate
SETTLEMENT_40825,Gaunkh Laga Sailang,18,57,2,9122080,Educational Facility,Raigari,CHAMOLI,71.61,69.86,75.0,10.043,66.381,100.0,90.0,75.0,ALTERNATIVE,AI ranked safe-site candidate
SETTLEMENT_40825,Gaunkh Laga Sailang,18,57,3,9859864,Educational Facility,Bara Gaon,CHAMOLI,69.226,63.61,75.0,6.151,92.327,100.0,75.0,75.0,ALTERNATIVE,AI ranked safe-site candidate
SETTLEMENT_40825,Gaunkh Laga Sailang,18,57,4,3856092,Educational Facility,Bara Gaon,CHAMOLI,68.988,66.72,62.0,6.151,92.327,100.0,85.0,62.0,ALTERNATIVE,AI ranked safe-site candidate
SETTLEMENT_40825,Gaunkh Laga Sailang,18,57,5,4283719,Educational Facility,Urgam,CHAMOLI,67.588,53.86,125.0,8.247,78.351,40.0,75.0,125.0,ALTERNATIVE,AI ranked safe-site candidate
SETTLEMENT_40826,Auli Laga Joshimath,352,57,1,5582604,Educational Facility,Pandukaswar,CHAMOLI,76.106,71.23,100.0,11.353,57.645,100.0,85.0,100.0,PRIMARY,AI ranked safe-site candidate
SETTLEMENT_40826,Auli Laga Joshimath,352,57,2,9122080,Educational Facility,Raigari,CHAMOLI,73.03,69.86,75.0,7.397,84.017,100.0,90.0,75.0,ALTERNATIVE,AI ranked safe-site candidate
SETTLEMENT_40826,Auli Laga Joshimath,352,57,3,9859864,Educational Facility,Bara Gaon,CHAMOLI,70.43,63.61,75.0,3.297,100.0,100.0,75.0,75.0,ALTERNATIVE,AI ranked safe-site candidate
SETTLEMENT_40826,Auli Laga Joshimath,352,57,4,3856092,Educational Facility,Bara Gaon,CHAMOLI,69.555,66.72,62.0,3.297,100.0,100.0,85.0,62.0,ALTERNATIVE,AI ranked safe-site candidate
SETTLEMENT_40826,Auli Laga Joshimath,352,57,5,4283719,Educational Facility,Urgam,CHAMOLI,66.209,53.86,125.0,10.755,61.631,40.0,75.0,125.0,ALTERNATIVE,AI ranked safe-site candidate
SETTLEMENT_40827,Auli Laga Salud Dugra,2,57,1,5582604,Educational Facility,Pandukaswar,CHAMOLI,75.851,71.23,100.0,12.146,52.362,100.0,85.0,100.0,PRIMARY,AI ranked safe-site candidate
SETTLEMENT_40827,Auli Laga Salud Dugra,2,57,2,9122080,Educational Facility,Raigari,CHAMOLI,73.407,69.86,75.0,6.698,88.677,100.0,90.0,75.0,ALTERNATIVE,AI ranked safe-site candidate
SETTLEMENT_40827,Auli Laga Salud Dugra,2,57,3,9859864,Educational Facility,Bara Gaon,CHAMOLI,70.429,63.61,75.0,2.976,100.0,100.0,75.0,75.0,ALTERNATIVE,AI ranked safe-site candidate
SETTLEMENT_40827,Auli Laga Salud Dugra,2,57,4,3856092,Educational Facility,Bara Gaon,CHAMOLI,69.551,66.72,62.0,2.976,100.0,100.0,85.0,62.0,ALTERNATIVE,AI ranked safe-site candidate
SETTLEMENT_40827,Auli Laga Salud Dugra,2,57,5,4283719,Educational Facility,Urgam,CHAMOLI,66.166,53.86,125.0,10.947,60.356,40.0,75.0,125.0,ALTERNATIVE,AI ranked safe-site candidate
SETTLEMENT_40828,Salud Dugra,1865,57,1,5582604,Educational Facility,Pandukaswar,CHAMOLI,73.309,71.23,100.0,13.842,41.056,100.0,85.0,100.0,PRIMARY,AI ranked safe-site candidate
SETTLEMENT_40828,Salud Dugra,1865,57,2,9122080,Educational Facility,Raigari,CHAMOLI,72.008,69.86,75.0,9.279,71.471,100.0,90.0,75.0,ALTERNATIVE,AI ranked safe-site candidate
SETTLEMENT_40828,Salud Dugra,1865,57,3,9156747,Educational Facility,Langsi,CHAMOLI,68.757,63.47,62.0,4.635,100.0,100.0,90.0,62.0,ALTERNATIVE,AI ranked safe-site candidate
SETTLEMENT_40828,Salud Dugra,1865,57,4,4283719,Educational Facility,Urgam,CHAMOLI,68.017,53.86,125.0,7.151,85.661,40.0,75.0,125.0,ALTERNATIVE,AI ranked safe-site candidate
SETTLEMENT_40828,Salud Dugra,1865,57,5,9859864,Educational Facility,Bara Gaon,CHAMOLI,67.739,63.61,75.0,7.485,83.435,100.0,75.0,75.0,ALTERNATIVE,AI ranked safe-site candidate
SETTLEMENT_40829,Dumak,366,57,1,5582604,Educational Facility,Pandukaswar,CHAMOLI,70.381,71.23,100.0,21.161,0.0,100.0,85.0,100.0,PRIMARY,AI ranked safe-site candidate
SETTLEMENT_40829,Dumak,366,57,2,4283719,Educational Facility,Urgam,CHAMOLI,67.855,53.86,125.0,7.93,80.466,40.0,75.0,125.0,ALTERNATIVE,AI ranked safe-site candidate
SETTLEMENT_40829,Dumak,366,57,3,7073310,Educational Facility,Pakhi,CHAMOLI,66.535,69.24,50.0,8.007,79.956,100.0,100.0,50.0,ALTERNATIVE,AI ranked safe-site candidate
SETTLEMENT_40829,Dumak,366,57,4,9156747,Educational Facility,Langsi,CHAMOLI,66.007,63.47,62.0,9.335,71.101,100.0,90.0,62.0,ALTERNATIVE,AI ranked safe-site candidate
SETTLEMENT_40829,Dumak,366,57,5,9122080,Educational Facility,Raigari,CHAMOLI,65.53,69.86,75.0,22.176,0.0,100.0,90.0,75.0,ALTERNATIVE,AI ranked safe-site candidate
SETTLEMENT_40830,Kalgoth,418,57,1,5582604,Educational Facility,Pandukaswar,CHAMOLI,70.381,71.23,100.0,18.233,11.783,100.0,85.0,100.0,PRIMARY,AI ranked safe-site candidate
SETTLEMENT_40830,Kalgoth,418,57,2,4283719,Educational Facility,Urgam,CHAMOLI,70.028,53.86,125.0,4.768,100.0,40.0,75.0,125.0,ALTERNATIVE,AI ranked safe-site candidate
SETTLEMENT_40830,Kalgoth,418,57,3,7073310,Educational Facility,Pakhi,CHAMOLI,67.551,69.24,50.0,6.64,89.065,100.0,100.0,50.0,ALTERNATIVE,AI ranked safe-site candidate
SETTLEMENT_40830,Kalgoth,418,57,4,9156747,Educational Facility,Langsi,CHAMOLI,67.442,63.47,62.0,6.668,88.88,100.0,90.0,62.0,ALTERNATIVE,AI ranked safe-site candidate
SETTLEMENT_40830,Kalgoth,418,57,5,9122080,Educational Facility,Raigari,CHAMOLI,65.596,69.86,75.0,19.361,4.26,100.0,90.0,75.0,ALTERNATIVE,AI ranked safe-site candidate
SETTLEMENT_40831,Uchougaur,54,57,1,5582604,Educational Facility,Pandukaswar,CHAMOLI,70.288,71.23,100.0,18.317,11.22,100.0,85.0,100.0,PRIMARY,AI ranked safe-site candidate
SETTLEMENT_40831,Uchougaur,54,57,2,4283719,Educational Facility,Urgam,CHAMOLI,70.035,53.86,125.0,4.762,100.0,40.0,75.0,125.0,ALTERNATIVE,AI ranked safe-site candidate
SETTLEMENT_40831,Uchougaur,54,57,3,9156747,Educational Facility,Langsi,CHAMOLI,68.745,63.47,62.0,4.691,100.0,100.0,90.0,62.0,ALTERNATIVE,AI ranked safe-site candidate
SETTLEMENT_40831,Uchougaur,54,57,4,7073310,Educational Facility,Pakhi,CHAMOLI,68.729,69.24,50.0,4.571,100.0,100.0,100.0,50.0,ALTERNATIVE,AI ranked safe-site candidate
SETTLEMENT_40831,Uchougaur,54,57,5,9122080,Educational Facility,Raigari,CHAMOLI,65.775,69.86,75.0,17.518,16.548,100.0,90.0,75.0,ALTERNATIVE,AI ranked safe-site candidate
SETTLEMENT_40832,Palla,435,57,1,5582604,Educational Facility,Pandukaswar,CHAMOLI,71.095,71.23,100.0,15.332,31.121,100.0,85.0,100.0,PRIMARY,AI ranked safe-site candidate
SETTLEMENT_40832,Palla,435,57,2,4283719,Educational Facility,Urgam,CHAMOLI,70.041,53.86,125.0,3.426,100.0,40.0,75.0,125.0,ALTERNATIVE,AI ranked safe-site candidate
SETTLEMENT_40832,Palla,435,57,3,7073310,Educational Facility,Pakhi,CHAMOLI,68.785,69.24,50.0,5.549,96.338,100.0,100.0,50.0,ALTERNATIVE,AI ranked safe-site candidate
SETTLEMENT_40832,Palla,435,57,4,9156747,Educational Facility,Langsi,CHAMOLI,68.763,63.47,62.0,2.213,100.0,100.0,90.0,62.0,ALTERNATIVE,AI ranked safe-site candidate
SETTLEMENT_40832,Palla,435,57,5,9122080,Educational Facility,Raigari,CHAMOLI,68.453,69.86,75.0,13.949,40.34,100.0,90.0,75.0,ALTERNATIVE,AI ranked safe-site candidate
SETTLEMENT_40833,Jakhola,237,57,1,5582604,Educational Facility,Pandukaswar,CHAMOLI,70.548,71.23,100.0,16.375,24.169,100.0,85.0,100.0,PRIMARY,AI ranked safe-site candidate
SETTLEMENT_40833,Jakhola,237,57,2,4283719,Educational Facility,Urgam,CHAMOLI,70.043,53.86,125.0,3.647,100.0,40.0,75.0,125.0,ALTERNATIVE,AI ranked safe-site candidate
SETTLEMENT_40833,Jakhola,237,57,3,7073310,Educational Facility,Pakhi,CHAMOLI,68.815,69.24,50.0,4.715,100.0,100.0,100.0,50.0,ALTERNATIVE,AI ranked safe-site candidate
SETTLEMENT_40833,Jakhola,237,57,4,9156747,Educational Facility,Langsi,CHAMOLI,68.763,63.47,62.0,2.412,100.0,100.0,90.0,62.0,ALTERNATIVE,AI ranked safe-site candidate
SETTLEMENT_40833,Jakhola,237,57,5,9122080,Educational Facility,Raigari,CHAMOLI,66.46,69.86,75.0,14.93,33.797,100.0,90.0,75.0,ALTERNATIVE,AI ranked safe-site candidate
SETTLEMENT_40834,Kimana,530,57,1,5582604,Educational Facility,Pandukaswar,CHAMOLI,70.397,71.23,100.0,17.664,15.573,100.0,85.0,100.0,PRIMARY,AI ranked safe-site candidate
SETTLEMENT_40834,Kimana,530,57,2,4283719,Educational Facility,Urgam,CHAMOLI,70.03,53.86,125.0,4.71,100.0,40.0,75.0,125.0,ALTERNATIVE,AI ranked safe-site candidate
SETTLEMENT_40834,Kimana,530,57,3,7073310,Educational Facility,Pakhi,CHAMOLI,68.912,69.24,50.0,3.582,100.0,100.0,100.0,50.0,ALTERNATIVE,AI ranked safe-site candidate
SETTLEMENT_40834,Kimana,530,57,4,9156747,Educational Facility,Langsi,CHAMOLI,68.761,63.47,62.0,2.623,100.0,100.0,90.0,62.0,ALTERNATIVE,AI ranked safe-site candidate
SETTLEMENT_40834,Kimana,530,57,5,9122080,Educational Facility,Raigari,CHAMOLI,66.491,69.86,75.0,15.463,30.247,100.0,90.0,75.0,ALTERNATIVE,AI ranked safe-site candidate
SETTLEMENT_40835,Pokhani Urf Pokhari,289,57,1,5582604,Educational Facility,Pandukaswar,CHAMOLI,70.363,71.23,100.0,20.696,0.0,100.0,85.0,100.0,PRIMARY,AI ranked safe-site candidate
SETTLEMENT_40835,Pokhani Urf Pokhari,289,57,2,7073310,Educational Facility,Pakhi,CHAMOLI,68.848,69.24,50.0,2.08,100.0,100.0,100.0,50.0,ALTERNATIVE,AI ranked safe-site candidate
SETTLEMENT_40835,Pokhani Urf Pokhari,289,57,3,9156747,Educational Facility,Langsi,CHAMOLI,68.729,63.47,62.0,4.809,100.0,100.0,90.0,62.0,ALTERNATIVE,AI ranked safe-site candidate
SETTLEMENT_40835,Pokhani Urf Pokhari,289,57,4,4283719,Educational Facility,Urgam,CHAMOLI,67.919,53.86,125.0,7.469,83.539,40.0,75.0,125.0,ALTERNATIVE,AI ranked safe-site candidate
SETTLEMENT_40835,Pokhani Urf Pokhari,289,57,5,9122080,Educational Facility,Raigari,CHAMOLI,65.842,69.86,75.0,17.133,19.114,100.0,90.0,75.0,ALTERNATIVE,AI ranked safe-site candidate
SETTLEMENT_40836,Lanji,201,57,1,5582604,Educational Facility,Pandukaswar,CHAMOLI,70.357,71.23,100.0,19.5,3.336,100.0,85.0,100.0,PRIMARY,AI ranked safe-site candidate
SETTLEMENT_40836,Lanji,201,57,2,7073310,Educational Facility,Pakhi,CHAMOLI,68.908,69.24,50.0,1.706,100.0,100.0,100.0,50.0,ALTERNATIVE,AI ranked safe-site candidate
SETTLEMENT_40836,Lanji,201,57,3,9156747,Educational Facility,Langsi,CHAMOLI,68.756,63.47,62.0,3.277,100.0,100.0,90.0,62.0,ALTERNATIVE,AI ranked safe-site candidate
SETTLEMENT_40836,Lanji,201,57,4,4283719,Educational Facility,Urgam,CHAMOLI,68.558,53.86,125.0,6.641,89.061,40.0,75.0,125.0,ALTERNATIVE,AI ranked safe-site candidate
SETTLEMENT_40836,Lanji,201,57,5,9122080,Educational Facility,Raigari,CHAMOLI,66.451,69.86,75.0,15.694,28.706,100.0,90.0,75.0,ALTERNATIVE,AI ranked safe-site candidate
SETTLEMENT_40837,Tirosi,51,57,1,5582604,Educational Facility,Pandukaswar,CHAMOLI,70.288,71.23,100.0,19.214,5.238,100.0,85.0,100.0,PRIMARY,AI ranked safe-site candidate
SETTLEMENT_40837,Tirosi,51,57,2,7073310,Educational Facility,Pakhi,CHAMOLI,68.946,69.24,50.0,1.72,100.0,100.0,100.0,50.0,ALTERNATIVE,AI ranked safe-site candidate
SETTLEMENT_40837,Tirosi,51,57,3,9156747,Educational Facility,Langsi,CHAMOLI,68.759,63.47,62.0,2.359,100.0,100.0,90.0,62.0,ALTERNATIVE,AI ranked safe-site candidate
SETTLEMENT_40837,Tirosi,51,57,4,9122080,Educational Facility,Raigari,CHAMOLI,68.307,69.86,75.0,14.196,38.695,100.0,90.0,75.0,ALTERNATIVE,AI ranked safe-site candidate
SETTLEMENT_40837,Tirosi,51,57,5,4283719,Educational Facility,Urgam,CHAMOLI,67.99,53.86,125.0,7.076,86.161,40.0,75.0,125.0,ALTERNATIVE,AI ranked safe-site candidate
SETTLEMENT_40838,Dwing,150,57,1,5582604,Educational Facility,Pandukaswar,CHAMOLI,70.248,71.23,100.0,18.105,12.63,100.0,85.0,100.0,PRIMARY,AI ranked safe-site candidate
SETTLEMENT_40838,Dwing,150,57,2,4283719,Educational Facility,Urgam,CHAMOLI,69.566,53.86,125.0,5.743,95.047,40.0,75.0,125.0,ALTERNATIVE,AI ranked safe-site candidate
SETTLEMENT_40838,Dwing,150,57,3,7073310,Educational Facility,Pakhi,CHAMOLI,68.944,69.24,50.0,2.751,100.0,100.0,100.0,50.0,ALTERNATIVE,AI ranked safe-site candidate
SETTLEMENT_40838,Dwing,150,57,4,9156747,Educational Facility,Langsi,CHAMOLI,68.763,63.47,62.0,1.729,100.0,100.0,90.0,62.0,ALTERNATIVE,AI ranked safe-site candidate
SETTLEMENT_40838,Dwing,150,57,5,9122080,Educational Facility,Raigari,CHAMOLI,68.226,69.86,75.0,14.424,37.173,100.0,90.0,75.0,ALTERNATIVE,AI ranked safe-site candidate
SETTLEMENT_40839,Tapon,108,57,1,5582604,Educational Facility,Pandukaswar,CHAMOLI,70.269,71.23,100.0,17.01,19.935,100.0,85.0,100.0,PRIMARY,AI ranked safe-site candidate
SETTLEMENT_40839,Tapon,108,57,2,4283719,Educational Facility,Urgam,CHAMOLI,70.004,53.86,125.0,5.295,98.034,40.0,75.0,125.0,ALTERNATIVE,AI ranked safe-site candidate
SETTLEMENT_40839,Tapon,108,57,3,7073310,Educational Facility,Pakhi,CHAMOLI,68.933,69.24,50.0,3.869,100.0,100.0,100.0,50.0,ALTERNATIVE,AI ranked safe-site candidate
SETTLEMENT_40839,Tapon,108,57,4,9156747,Educational Facility,Langsi,CHAMOLI,68.763,63.47,62.0,0.565,100.0,100.0,90.0,62.0,ALTERNATIVE,AI ranked safe-site candidate
SETTLEMENT_40839,Tapon,108,57,5,9122080,Educational Facility,Raigari,CHAMOLI,68.588,69.86,75.0,13.403,43.981,100.0,90.0,75.0,ALTERNATIVE,AI ranked safe-site candidate
SETTLEMENT_40840,Gulabkoti,419,57,1,5582604,Educational Facility,Pandukaswar,CHAMOLI,71.099,71.23,100.0,15.325,31.169,100.0,85.0,100.0,PRIMARY,AI ranked safe-site candidate
SETTLEMENT_40840,Gulabkoti,419,57,2,9122080,Educational Facility,Raigari,CHAMOLI,70.915,69.86,75.0,11.92,53.864,100.0,90.0,75.0,ALTERNATIVE,AI ranked safe-site candidate
SETTLEMENT_40840,Gulabkoti,419,57,3,4283719,Educational Facility,Urgam,CHAMOLI,70.01,53.86,125.0,5.173,98.844,40.0,75.0,125.0,ALTERNATIVE,AI ranked safe-site candidate
SETTLEMENT_40840,Gulabkoti,419,57,4,9156747,Educational Facility,Langsi,CHAMOLI,68.763,63.47,62.0,1.724,100.0,100.0,90.0,62.0,ALTERNATIVE,AI ranked safe-site candidate
SETTLEMENT_40840,Gulabkoti,419,57,5,7073310,Educational Facility,Pakhi,CHAMOLI,68.597,69.24,50.0,5.798,94.683,100.0,100.0,50.0,ALTERNATIVE,AI ranked safe-site candidate
SETTLEMENT_40841,Langsi,465,57,1,5582604,Educational Facility,Pandukaswar,CHAMOLI,70.421,71.23,100.0,16.93,20.468,100.0,85.0,100.0,PRIMARY,AI ranked safe-site candidate
SETTLEMENT_40841,Langsi,465,57,2,9122080,Educational Facility,Raigari,CHAMOLI,70.05,69.86,75.0,12.843,47.711,100.0,90.0,75.0,ALTERNATIVE,AI ranked safe-site candidate
SETTLEMENT_40841,Langsi,465,57,3,4283719,Educational Facility,Urgam,CHAMOLI,69.723,53.86,125.0,5.628,95.812,40.0,75.0,125.0,ALTERNATIVE,AI ranked safe-site candidate
SETTLEMENT_40841,Langsi,465,57,4,7073310,Educational Facility,Pakhi,CHAMOLI,68.928,69.24,50.0,4.075,100.0,100.0,100.0,50.0,ALTERNATIVE,AI ranked safe-site candidate
SETTLEMENT_40841,Langsi,465,57,5,9156747,Educational Facility,Langsi,CHAMOLI,68.763,63.47,62.0,0.0,100.0,100.0,90.0,62.0,ALTERNATIVE,AI ranked safe-site candidate
SETTLEMENT_40842,Tangni talli,273,57,1,5582604,Educational Facility,Pandukaswar,CHAMOLI,70.363,71.23,100.0,19.135,5.765,100.0,85.0,100.0,PRIMARY,AI ranked safe-site candidate
SETTLEMENT_40842,Tangni talli,273,57,2,7073310,Educational Facility,Pakhi,CHAMOLI,68.946,69.24,50.0,1.783,100.0,100.0,100.0,50.0,ALTERNATIVE,AI ranked safe-site candidate
SETTLEMENT_40842,Tangni talli,273,57,3,9156747,Educational Facility,Langsi,CHAMOLI,68.763,63.47,62.0,2.293,100.0,100.0,90.0,62.0,ALTERNATIVE,AI ranked safe-site candidate
SETTLEMENT_40842,Tangni talli,273,57,4,9122080,Educational Facility,Raigari,CHAMOLI,68.407,69.86,75.0,14.2,38.67,100.0,90.0,75.0,ALTERNATIVE,AI ranked safe-site candidate
SETTLEMENT_40842,Tangni talli,273,57,5,4283719,Educational Facility,Urgam,CHAMOLI,68.204,53.86,125.0,6.987,86.756,40.0,75.0,125.0,ALTERNATIVE,AI ranked safe-site candidate
SETTLEMENT_40843,Tangni malli,358,57,1,5582604,Educational Facility,Pandukaswar,CHAMOLI,70.384,71.23,100.0,18.874,7.507,100.0,85.0,100.0,PRIMARY,AI ranked safe-site candidate
SETTLEMENT_40843,Tangni malli,358,57,2,7073310,Educational Facility,Pakhi,CHAMOLI,68.946,69.24,50.0,2.386,100.0,100.0,100.0,50.0,ALTERNATIVE,AI ranked safe-site candidate
SETTLEMENT_40843,Tangni malli,358,57,3,9122080,Educational Facility,Raigari,CHAMOLI,68.786,69.86,75.0,13.353,44.312,100.0,90.0,75.0,ALTERNATIVE,AI ranked safe-site candidate
SETTLEMENT_40843,Tangni malli,358,57,4,9156747,Educational Facility,Langsi,CHAMOLI,68.763,63.47,62.0,1.949,100.0,100.0,90.0,62.0,ALTERNATIVE,AI ranked safe-site candidate
SETTLEMENT_40843,Tangni malli,358,57,5,4283719,Educational Facility,Urgam,CHAMOLI,68.031,53.86,125.0,7.207,85.284,40.0,75.0,125.0,ALTERNATIVE,AI ranked safe-site candidate
SETTLEMENT_40844,Jalgwar,424,57,1,5582604,Educational Facility,Pandukaswar,CHAMOLI,70.384,71.23,100.0,20.872,0.0,100.0,85.0,100.0,PRIMARY,AI ranked safe-site candidate
SETTLEMENT_40844,Jalgwar,424,57,2,7073310,Educational Facility,Pakhi,CHAMOLI,68.932,69.24,50.0,0.034,100.0,100.0,100.0,50.0,ALTERNATIVE,AI ranked safe-site candidate
SETTLEMENT_40844,Jalgwar,424,57,3,9156747,Educational Facility,Langsi,CHAMOLI,68.761,63.47,62.0,4.095,100.0,100.0,90.0,62.0,ALTERNATIVE,AI ranked safe-site candidate
SETTLEMENT_40844,Jalgwar,424,57,4,4283719,Educational Facility,Urgam,CHAMOLI,67.744,53.86,125.0,8.321,77.857,40.0,75.0,125.0,ALTERNATIVE,AI ranked safe-site candidate
SETTLEMENT_40844,Jalgwar,424,57,5,9122080,Educational Facility,Raigari,CHAMOLI,66.487,69.86,75.0,15.452,30.323,100.0,90.0,75.0,ALTERNATIVE,AI ranked safe-site candidate
SETTLEMENT_40845,Pakhi,430,57,1,5582604,Educational Facility,Pandukaswar,CHAMOLI,70.384,71.23,100.0,20.846,0.0,100.0,85.0,100.0,PRIMARY,AI ranked safe-site candidate
SETTLEMENT_40845,Pakhi,430,57,2,7073310,Educational Facility,Pakhi,CHAMOLI,68.932,69.24,50.0,0.0,100.0,100.0,100.0,50.0,ALTERNATIVE,AI ranked safe-site candidate
SETTLEMENT_40845,Pakhi,430,57,3,9156747,Educational Facility,Langsi,CHAMOLI,68.761,63.47,62.0,4.075,100.0,100.0,90.0,62.0,ALTERNATIVE,AI ranked safe-site candidate
SETTLEMENT_40845,Pakhi,430,57,4,4283719,Educational Facility,Urgam,CHAMOLI,67.753,53.86,125.0,8.288,78.077,40.0,75.0,125.0,ALTERNATIVE,AI ranked safe-site candidate
SETTLEMENT_40845,Pakhi,430,57,5,9122080,Educational Facility,Raigari,CHAMOLI,66.487,69.86,75.0,15.456,30.296,100.0,90.0,75.0,ALTERNATIVE,AI ranked safe-site candidate
SETTLEMENT_40846,Marwadi Chak Pakhi,185,57,1,5582604,Educational Facility,Pandukaswar,CHAMOLI,70.357,71.23,100.0,21.492,0.0,100.0,85.0,100.0,PRIMARY,AI ranked safe-site candidate
SETTLEMENT_40846,Marwadi Chak Pakhi,185,57,2,7073310,Educational Facility,Pakhi,CHAMOLI,68.888,69.24,50.0,0.664,100.0,100.0,100.0,50.0,ALTERNATIVE,AI ranked safe-site candidate
SETTLEMENT_40846,Marwadi Chak Pakhi,185,57,3,9156747,Educational Facility,Langsi,CHAMOLI,68.741,63.47,62.0,4.738,100.0,100.0,90.0,62.0,ALTERNATIVE,AI ranked safe-site candidate
SETTLEMENT_40846,Marwadi Chak Pakhi,185,57,4,4283719,Educational Facility,Urgam,CHAMOLI,67.394,53.86,125.0,8.831,74.463,40.0,75.0,125.0,ALTERNATIVE,AI ranked safe-site candidate
SETTLEMENT_40846,Marwadi Chak Pakhi,185,57,5,9122080,Educational Facility,Raigari,CHAMOLI,66.451,69.86,75.0,15.932,27.117,100.0,90.0,75.0,ALTERNATIVE,AI ranked safe-site candidate
SETTLEMENT_40847,Darmi,112,57,1,9122080,Educational Facility,Raigari,CHAMOLI,70.944,69.86,75.0,11.742,55.053,100.0,90.0,75.0,PRIMARY,AI ranked safe-site candidate
SETTLEMENT_40847,Darmi,112,57,2,5582604,Educational Facility,Pandukaswar,CHAMOLI,70.227,71.23,100.0,19.84,1.065,100.0,85.0,100.0,ALTERNATIVE,AI ranked safe-site candidate
SETTLEMENT_40847,Darmi,112,57,3,7073310,Educational Facility,Pakhi,CHAMOLI,68.93,69.24,50.0,3.808,100.0,100.0,100.0,50.0,ALTERNATIVE,AI ranked safe-site candidate
SETTLEMENT_40847,Darmi,112,57,4,9156747,Educational Facility,Langsi,CHAMOLI,68.76,63.47,62.0,3.657,100.0,100.0,90.0,62.0,ALTERNATIVE,AI ranked safe-site candidate
SETTLEMENT_40847,Darmi,112,57,5,4283719,Educational Facility,Urgam,CHAMOLI,67.261,53.86,125.0,9.277,71.486,40.0,75.0,125.0,ALTERNATIVE,AI ranked safe-site candidate
SETTLEMENT_40848,Noligwar,132,57,1,9122080,Educational Facility,Raigari,CHAMOLI,71.066,69.86,75.0,11.393,57.381,100.0,90.0,75.0,PRIMARY,AI ranked safe-site candidate
SETTLEMENT_40848,Noligwar,132,57,2,5582604,Educational Facility,Pandukaswar,CHAMOLI,70.24,71.23,100.0,17.815,14.568,100.0,85.0,100.0,ALTERNATIVE,AI ranked safe-site candidate
SETTLEMENT_40848,Noligwar,132,57,3,7073310,Educational Facility,Pakhi,CHAMOLI,68.914,69.24,50.0,4.332,100.0,100.0,100.0,50.0,ALTERNATIVE,AI ranked safe-site candidate
SETTLEMENT_40848,Noligwar,132,57,4,9156747,Educational Facility,Langsi,CHAMOLI,68.763,63.47,62.0,1.961,100.0,100.0,90.0,62.0,ALTERNATIVE,AI ranked safe-site candidate
SETTLEMENT_40848,Noligwar,132,57,5,4283719,Educational Facility,Urgam,CHAMOLI,67.908,53.86,125.0,7.497,83.351,40.0,75.0,125.0,ALTERNATIVE,AI ranked safe-site candidate
SETTLEMENT_40849,Pagnau,460,57,1,9122080,Educational Facility,Raigari,CHAMOLI,71.128,69.86,75.0,11.247,58.356,100.0,90.0,75.0,PRIMARY,AI ranked safe-site candidate
SETTLEMENT_40849,Pagnau,460,57,2,5582604,Educational Facility,Pandukaswar,CHAMOLI,70.591,71.23,100.0,16.235,25.101,100.0,85.0,100.0,ALTERNATIVE,AI ranked safe-site candidate
SETTLEMENT_40849,Pagnau,460,57,3,4283719,Educational Facility,Urgam,CHAMOLI,69.044,53.86,125.0,6.332,91.119,40.0,75.0,125.0,ALTERNATIVE,AI ranked safe-site candidate
SETTLEMENT_40849,Pagnau,460,57,4,7073310,Educational Facility,Pakhi,CHAMOLI,68.878,69.24,50.0,5.368,97.547,100.0,100.0,50.0,ALTERNATIVE,AI ranked safe-site candidate
SETTLEMENT_40849,Pagnau,460,57,5,9156747,Educational Facility,Langsi,CHAMOLI,68.763,63.47,62.0,1.64,100.0,100.0,90.0,62.0,ALTERNATIVE,AI ranked safe-site candidate
SETTLEMENT_40850,Molta,521,57,1,9122080,Educational Facility,Raigari,CHAMOLI,72.263,69.86,75.0,8.767,74.885,100.0,90.0,75.0,PRIMARY,AI ranked safe-site candidate
SETTLEMENT_40850,Molta,521,57,2,5582604,Educational Facility,Pandukaswar,CHAMOLI,70.421,71.23,100.0,16.925,20.503,100.0,85.0,100.0,ALTERNATIVE,AI ranked safe-site candidate
SETTLEMENT_40850,Molta,521,57,3,9156747,Educational Facility,Langsi,CHAMOLI,68.762,63.47,62.0,4.139,100.0,100.0,90.0,62.0,ALTERNATIVE,AI ranked safe-site candidate
SETTLEMENT_40850,Molta,521,57,4,4283719,Educational Facility,Urgam,CHAMOLI,67.477,53.86,125.0,8.825,74.498,40.0,75.0,125.0,ALTERNATIVE,AI ranked safe-site candidate
SETTLEMENT_40850,Molta,521,57,5,9859864,Educational Facility,Bara Gaon,CHAMOLI,67.465,63.61,75.0,8.726,75.16,100.0,75.0,75.0,ALTERNATIVE,AI ranked safe-site candidate
SETTLEMENT_40851,Ganai,530,57,1,9122080,Educational Facility,Raigari,CHAMOLI,71.283,69.86,75.0,10.555,62.967,100.0,90.0,75.0,PRIMARY,AI ranked safe-site candidate
SETTLEMENT_40851,Ganai,530,57,2,5582604,Educational Facility,Pandukaswar,CHAMOLI,70.384,71.23,100.0,18.389,10.739,100.0,85.0,100.0,ALTERNATIVE,AI ranked safe-site candidate
SETTLEMENT_40851,Ganai,530,57,3,7073310,Educational Facility,Pakhi,CHAMOLI,68.879,69.24,50.0,4.922,100.0,100.0,100.0,50.0,ALTERNATIVE,AI ranked safe-site candidate
SETTLEMENT_40851,Ganai,530,57,4,9156747,Educational Facility,Langsi,CHAMOLI,68.763,63.47,62.0,3.149,100.0,100.0,90.0,62.0,ALTERNATIVE,AI ranked safe-site candidate
SETTLEMENT_40851,Ganai,530,57,5,4283719,Educational Facility,Urgam,CHAMOLI,67.634,53.86,125.0,8.638,75.744,40.0,75.0,125.0,ALTERNATIVE,AI ranked safe-site candidate
SETTLEMENT_40852,Bhalgaon,197,57,1,5582604,Educational Facility,Pandukaswar,CHAMOLI,70.252,71.23,100.0,21.75,0.0,100.0,85.0,100.0,PRIMARY,AI ranked safe-site candidate
SETTLEMENT_40852,Bhalgaon,197,57,2,9122080,Educational Facility,Raigari,CHAMOLI,69.364,69.86,75.0,12.451,50.323,100.0,90.0,75.0,ALTERNATIVE,AI ranked safe-site candidate
SETTLEMENT_40852,Bhalgaon,197,57,3,4270841,Educational Facility,Subhai,CHAMOLI,65.944,67.74,50.0,6.966,86.894,100.0,90.0,50.0,ALTERNATIVE,AI ranked safe-site candidate
SETTLEMENT_40852,Bhalgaon,197,57,4,1594739,Educational Facility,Raini Chak Lata,CHAMOLI,65.639,63.74,50.0,4.993,100.0,100.0,90.0,50.0,ALTERNATIVE,AI ranked safe-site candidate
SETTLEMENT_40852,Bhalgaon,197,57,5,9859864,Educational Facility,Bara Gaon,CHAMOLI,64.981,63.61,75.0,12.698,48.681,100.0,75.0,75.0,ALTERNATIVE,AI ranked safe-site candidate
SETTLEMENT_40853,Longsagari,118,57,1,5582604,Educational Facility,Pandukaswar,CHAMOLI,69.944,71.23,100.0,23.049,0.0,100.0,85.0,100.0,PRIMARY,AI ranked safe-site candidate
SETTLEMENT_40853,Longsagari,118,57,2,9122080,Educational Facility,Raigari,CHAMOLI,64.922,69.86,75.0,21.233,0.0,100.0,90.0,75.0,ALTERNATIVE,AI ranked safe-site candidate
SETTLEMENT_40853,Longsagari,118,57,3,7073310,Educational Facility,Pakhi,CHAMOLI,63.785,69.24,50.0,35.166,0.0,100.0,100.0,50.0,ALTERNATIVE,AI ranked safe-site candidate
SETTLEMENT_40853,Longsagari,118,57,4,8765150,Educational Facility,Fagti,CHAMOLI,61.845,67.12,25.0,4.578,100.0,100.0,100.0,25.0,ALTERNATIVE,AI ranked safe-site candidate
SETTLEMENT_40853,Longsagari,118,57,5,9859864,Educational Facility,Bara Gaon,CHAMOLI,60.777,63.61,75.0,19.617,2.554,100.0,75.0,75.0,ALTERNATIVE,AI ranked safe-site candidate
SETTLEMENT_40855,Pagrasu,66,57,1,5582604,Educational Facility,Pandukaswar,CHAMOLI,70.072,71.23,100.0,21.782,0.0,100.0,85.0,100.0,PRIMARY,AI ranked safe-site candidate
SETTLEMENT_40855,Pagrasu,66,57,2,9122080,Educational Facility,Raigari,CHAMOLI,65.922,69.86,75.0,15.915,27.234,100.0,90.0,75.0,ALTERNATIVE,AI ranked safe-site candidate
SETTLEMENT_40855,Pagrasu,66,57,3,7073310,Educational Facility,Pakhi,CHAMOLI,64.062,69.24,50.0,30.581,0.0,100.0,100.0,50.0,ALTERNATIVE,AI ranked safe-site candidate
SETTLEMENT_40855,Pagrasu,66,57,4,4270841,Educational Facility,Subhai,CHAMOLI,63.703,67.74,50.0,10.934,60.443,100.0,90.0,50.0,ALTERNATIVE,AI ranked safe-site candidate
SETTLEMENT_40855,Pagrasu,66,57,5,1594739,Educational Facility,Raini Chak Lata,CHAMOLI,63.068,63.74,50.0,9.022,73.185,100.0,90.0,50.0,ALTERNATIVE,AI ranked safe-site candidate
SETTLEMENT_40856,Tolma,506,57,1,5582604,Educational Facility,Pandukaswar,CHAMOLI,70.213,71.23,100.0,22.983,0.0,100.0,85.0,100.0,PRIMARY,AI ranked safe-site candidate
SETTLEMENT_40856,Tolma,506,57,2,9122080,Educational Facility,Raigari,CHAMOLI,67.339,69.86,75.0,14.377,37.488,100.0,90.0,75.0,ALTERNATIVE,AI ranked safe-site candidate
SETTLEMENT_40856,Tolma,506,57,3,4270841,Educational Facility,Subhai,CHAMOLI,64.871,67.74,50.0,8.775,74.833,100.0,90.0,50.0,ALTERNATIVE,AI ranked safe-site candidate
SETTLEMENT_40856,Tolma,506,57,4,1594739,Educational Facility,Raini Chak Lata,CHAMOLI,64.866,63.74,50.0,6.775,88.166,100.0,90.0,50.0,ALTERNATIVE,AI ranked safe-site candidate
SETTLEMENT_40856,Tolma,506,57,5,7073310,Educational Facility,Pakhi,CHAMOLI,63.983,69.24,50.0,29.543,0.0,100.0,100.0,50.0,ALTERNATIVE,AI ranked safe-site candidate
SETTLEMENT_40857,Sukhi,205,57,1,5582604,Educational Facility,Pandukaswar,CHAMOLI,70.257,71.23,100.0,21.363,0.0,100.0,85.0,100.0,PRIMARY,AI ranked safe-site candidate
SETTLEMENT_40857,Sukhi,205,57,2,9122080,Educational Facility,Raigari,CHAMOLI,69.544,69.86,75.0,12.129,52.47,100.0,90.0,75.0,ALTERNATIVE,AI ranked safe-site candidate
SETTLEMENT_40857,Sukhi,205,57,3,4270841,Educational Facility,Subhai,CHAMOLI,66.173,67.74,50.0,6.744,88.377,100.0,90.0,50.0,ALTERNATIVE,AI ranked safe-site candidate
SETTLEMENT_40857,Sukhi,205,57,4,1594739,Educational Facility,Raini Chak Lata,CHAMOLI,65.687,63.74,50.0,4.796,100.0,100.0,90.0,50.0,ALTERNATIVE,AI ranked safe-site candidate
SETTLEMENT_40857,Sukhi,205,57,5,9859864,Educational Facility,Bara Gaon,CHAMOLI,65.4,63.61,75.0,12.302,51.322,100.0,75.0,75.0,ALTERNATIVE,AI ranked safe-site candidate
SETTLEMENT_40858,Kuraipani,33,57,1,5582604,Educational Facility,Pandukaswar,CHAMOLI,70.193,71.23,100.0,21.089,0.0,100.0,85.0,100.0,PRIMARY,AI ranked safe-site candidate
SETTLEMENT_40858,Kuraipani,33,57,2,9122080,Educational Facility,Raigari,CHAMOLI,69.911,69.86,75.0,11.164,58.909,100.0,90.0,75.0,ALTERNATIVE,AI ranked safe-site candidate
SETTLEMENT_40858,Kuraipani,33,57,3,4270841,Educational Facility,Subhai,CHAMOLI,66.898,67.74,50.0,5.753,94.98,100.0,90.0,50.0,ALTERNATIVE,AI ranked safe-site candidate
SETTLEMENT_40858,Kuraipani,33,57,4,9859864,Educational Facility,Bara Gaon,CHAMOLI,65.803,63.61,75.0,11.523,56.512,100.0,75.0,75.0,ALTERNATIVE,AI ranked safe-site candidate
SETTLEMENT_40858,Kuraipani,33,57,5,1594739,Educational Facility,Raini Chak Lata,CHAMOLI,65.734,63.74,50.0,3.822,100.0,100.0,90.0,50.0,ALTERNATIVE,AI ranked safe-site candidate
SETTLEMENT_40859,Aira,25,57,1,5582604,Educational Facility,Pandukaswar,CHAMOLI,75.626,71.23,100.0,12.229,51.805,100.0,85.0,100.0,PRIMARY,AI ranked safe-site candidate
SETTLEMENT_40859,Aira,25,57,2,9122080,Educational Facility,Raigari,CHAMOLI,73.052,69.86,75.0,7.138,85.744,100.0,90.0,75.0,ALTERNATIVE,AI ranked safe-site candidate
SETTLEMENT_40859,Aira,25,57,3,9859864,Educational Facility,Bara Gaon,CHAMOLI,70.44,63.61,75.0,2.892,100.0,100.0,75.0,75.0,ALTERNATIVE,AI ranked safe-site candidate
SETTLEMENT_40859,Aira,25,57,4,3856092,Educational Facility,Bara Gaon,CHAMOLI,69.558,66.72,62.0,2.892,100.0,100.0,85.0,62.0,ALTERNATIVE,AI ranked safe-site candidate
SETTLEMENT_40859,Aira,25,57,5,6188919,Educational Facility,Pandukaswar,CHAMOLI,64.774,63.47,62.0,12.229,51.805,100.0,90.0,62.0,ALTERNATIVE,AI ranked safe-site candidate
SETTLEMENT_40861,Khancha talla,15,57,1,5582604,Educational Facility,Pandukaswar,CHAMOLI,75.862,71.23,100.0,11.683,55.449,100.0,85.0,100.0,PRIMARY,AI ranked safe-site candidate
SETTLEMENT_40861,Khancha talla,15,57,2,9122080,Educational Facility,Raigari,CHAMOLI,73.331,69.86,75.0,6.739,88.407,100.0,90.0,75.0,ALTERNATIVE,AI ranked safe-site candidate
SETTLEMENT_40861,Khancha talla,15,57,3,9859864,Educational Facility,Bara Gaon,CHAMOLI,70.443,63.61,75.0,1.774,100.0,100.0,75.0,75.0,ALTERNATIVE,AI ranked safe-site candidate
SETTLEMENT_40861,Khancha talla,15,57,4,3856092,Educational Facility,Bara Gaon,CHAMOLI,69.56,66.72,62.0,1.774,100.0,100.0,85.0,62.0,ALTERNATIVE,AI ranked safe-site candidate
SETTLEMENT_40861,Khancha talla,15,57,5,6188919,Educational Facility,Pandukaswar,CHAMOLI,65.081,63.47,62.0,11.683,55.449,100.0,90.0,62.0,ALTERNATIVE,AI ranked safe-site candidate
SETTLEMENT_40862,Khancha malla,14,57,1,5582604,Educational Facility,Pandukaswar,CHAMOLI,75.889,71.23,100.0,11.651,55.662,100.0,85.0,100.0,PRIMARY,AI ranked safe-site candidate
SETTLEMENT_40862,Khancha malla,14,57,2,9122080,Educational Facility,Raigari,CHAMOLI,73.356,69.86,75.0,6.713,88.58,100.0,90.0,75.0,ALTERNATIVE,AI ranked safe-site candidate
SETTLEMENT_40862,Khancha malla,14,57,3,9859864,Educational Facility,Bara Gaon,CHAMOLI,70.443,63.61,75.0,1.766,100.0,100.0,75.0,75.0,ALTERNATIVE,AI ranked safe-site candidate
SETTLEMENT_40862,Khancha malla,14,57,4,3856092,Educational Facility,Bara Gaon,CHAMOLI,69.557,66.72,62.0,1.766,100.0,100.0,85.0,62.0,ALTERNATIVE,AI ranked safe-site candidate
SETTLEMENT_40862,Khancha malla,14,57,5,6188919,Educational Facility,Pandukaswar,CHAMOLI,65.082,63.47,62.0,11.651,55.662,100.0,90.0,62.0,ALTERNATIVE,AI ranked safe-site candidate
SETTLEMENT_40863,Merag,531,57,1,5582604,Educational Facility,Pandukaswar,CHAMOLI,75.526,71.23,100.0,12.557,49.623,100.0,85.0,100.0,PRIMARY,AI ranked safe-site candidate
SETTLEMENT_40863,Merag,531,57,2,9122080,Educational Facility,Raigari,CHAMOLI,73.807,69.86,75.0,5.808,94.611,100.0,90.0,75.0,ALTERNATIVE,AI ranked safe-site candidate
SETTLEMENT_40863,Merag,531,57,3,9859864,Educational Facility,Bara Gaon,CHAMOLI,70.441,63.61,75.0,0.863,100.0,100.0,75.0,75.0,ALTERNATIVE,AI ranked safe-site candidate
SETTLEMENT_40863,Merag,531,57,4,3856092,Educational Facility,Bara Gaon,CHAMOLI,69.561,66.72,62.0,0.863,100.0,100.0,85.0,62.0,ALTERNATIVE,AI ranked safe-site candidate
SETTLEMENT_40863,Merag,531,57,5,9156747,Educational Facility,Langsi,CHAMOLI,65.093,63.47,62.0,11.86,54.267,100.0,90.0,62.0,ALTERNATIVE,AI ranked safe-site candidate
SETTLEMENT_40864,Bara gaon,933,57,1,9122080,Educational Facility,Raigari,CHAMOLI,74.384,69.86,75.0,4.967,100.0,100.0,90.0,75.0,PRIMARY,AI ranked safe-site candidate
SETTLEMENT_40864,Bara gaon,933,57,2,5582604,Educational Facility,Pandukaswar,CHAMOLI,73.633,71.23,100.0,13.416,43.893,100.0,85.0,100.0,ALTERNATIVE,AI ranked safe-site candidate
SETTLEMENT_40864,Bara gaon,933,57,3,9859864,Educational Facility,Bara Gaon,CHAMOLI,70.427,63.61,75.0,0.0,100.0,100.0,75.0,75.0,ALTERNATIVE,AI ranked safe-site candidate
SETTLEMENT_40864,Bara gaon,933,57,4,3856092,Educational Facility,Bara Gaon,CHAMOLI,69.561,66.72,62.0,0.0,100.0,100.0,85.0,62.0,ALTERNATIVE,AI ranked safe-site candidate
SETTLEMENT_40864,Bara gaon,933,57,5,9156747,Educational Facility,Langsi,CHAMOLI,64.899,63.47,62.0,12.01,53.269,100.0,90.0,62.0,ALTERNATIVE,AI ranked safe-site candidate
SETTLEMENT_40865,Payya chormi,158,57,1,9122080,Educational Facility,Raigari,CHAMOLI,74.427,69.86,75.0,4.414,100.0,100.0,90.0,75.0,PRIMARY,AI ranked safe-site candidate
SETTLEMENT_40865,Payya chormi,158,57,2,5582604,Educational Facility,Pandukaswar,CHAMOLI,73.262,71.23,100.0,14.132,39.12,100.0,85.0,100.0,ALTERNATIVE,AI ranked safe-site candidate
SETTLEMENT_40865,Payya chormi,158,57,3,9859864,Educational Facility,Bara Gaon,CHAMOLI,70.444,63.61,75.0,0.92,100.0,100.0,75.0,75.0,ALTERNATIVE,AI ranked safe-site candidate
SETTLEMENT_40865,Payya chormi,158,57,4,3856092,Educational Facility,Bara Gaon,CHAMOLI,69.563,66.72,62.0,0.92,100.0,100.0,85.0,62.0,ALTERNATIVE,AI ranked safe-site candidate
SETTLEMENT_40865,Payya chormi,158,57,5,4270841,Educational Facility,Subhai,CHAMOLI,65.326,67.74,50.0,7.789,81.407,100.0,90.0,50.0,ALTERNATIVE,AI ranked safe-site candidate
SETTLEMENT_40866,Dhak,497,57,1,9122080,Educational Facility,Raigari,CHAMOLI,74.453,69.86,75.0,2.346,100.0,100.0,90.0,75.0,PRIMARY,AI ranked safe-site candidate
SETTLEMENT_40866,Dhak,497,57,2,5582604,Educational Facility,Pandukaswar,CHAMOLI,71.099,71.23,100.0,16.123,25.849,100.0,85.0,100.0,ALTERNATIVE,AI ranked safe-site candidate
SETTLEMENT_40866,Dhak,497,57,3,9859864,Educational Facility,Bara Gaon,CHAMOLI,70.44,63.61,75.0,2.707,100.0,100.0,75.0,75.0,ALTERNATIVE,AI ranked safe-site candidate
SETTLEMENT_40866,Dhak,497,57,4,3856092,Educational Facility,Bara Gaon,CHAMOLI,69.562,66.72,62.0,2.707,100.0,100.0,85.0,62.0,ALTERNATIVE,AI ranked safe-site candidate
SETTLEMENT_40866,Dhak,497,57,5,4270841,Educational Facility,Subhai,CHAMOLI,66.226,67.74,50.0,6.653,88.982,100.0,90.0,50.0,ALTERNATIVE,AI ranked safe-site candidate
SETTLEMENT_40867,Kundikhola,212,57,1,9122080,Educational Facility,Raigari,CHAMOLI,74.444,69.86,75.0,2.435,100.0,100.0,90.0,75.0,PRIMARY,AI ranked safe-site candidate
SETTLEMENT_40867,Kundikhola,212,57,2,5582604,Educational Facility,Pandukaswar,CHAMOLI,71.077,71.23,100.0,15.977,26.818,100.0,85.0,100.0,ALTERNATIVE,AI ranked safe-site candidate
SETTLEMENT_40867,Kundikhola,212,57,3,9859864,Educational Facility,Bara Gaon,CHAMOLI,70.443,63.61,75.0,2.563,100.0,100.0,75.0,75.0,ALTERNATIVE,AI ranked safe-site candidate
SETTLEMENT_40867,Kundikhola,212,57,4,3856092,Educational Facility,Bara Gaon,CHAMOLI,69.563,66.72,62.0,2.563,100.0,100.0,85.0,62.0,ALTERNATIVE,AI ranked safe-site candidate
SETTLEMENT_40867,Kundikhola,212,57,5,4270841,Educational Facility,Subhai,CHAMOLI,66.087,67.74,50.0,6.873,87.511,100.0,90.0,50.0,ALTERNATIVE,AI ranked safe-site candidate
SETTLEMENT_40868,Tugasi,271,57,1,9122080,Educational Facility,Raigari,CHAMOLI,74.476,69.86,75.0,1.426,100.0,100.0,90.0,75.0,PRIMARY,AI ranked safe-site candidate
SETTLEMENT_40868,Tugasi,271,57,2,9859864,Educational Facility,Bara Gaon,CHAMOLI,70.439,63.61,75.0,4.345,100.0,100.0,75.0,75.0,ALTERNATIVE,AI ranked safe-site candidate
SETTLEMENT_40868,Tugasi,271,57,3,5582604,Educational Facility,Pandukaswar,CHAMOLI,70.376,71.23,100.0,17.464,16.908,100.0,85.0,100.0,ALTERNATIVE,AI ranked safe-site candidate
SETTLEMENT_40868,Tugasi,271,57,4,3856092,Educational Facility,Bara Gaon,CHAMOLI,69.556,66.72,62.0,4.345,100.0,100.0,85.0,62.0,ALTERNATIVE,AI ranked safe-site candidate
SETTLEMENT_40868,Tugasi,271,57,5,9156747,Educational Facility,Langsi,CHAMOLI,65.506,63.47,62.0,11.456,56.957,100.0,90.0,62.0,ALTERNATIVE,AI ranked safe-site candidate
SETTLEMENT_40869,Raigari,114,57,1,9122080,Educational Facility,Raigari,CHAMOLI,74.434,69.86,75.0,0.0,100.0,100.0,90.0,75.0,PRIMARY,AI ranked safe-site candidate
SETTLEMENT_40869,Raigari,114,57,2,9859864,Educational Facility,Bara Gaon,CHAMOLI,70.427,63.61,75.0,4.967,100.0,100.0,75.0,75.0,ALTERNATIVE,AI ranked safe-site candidate
SETTLEMENT_40869,Raigari,114,57,3,5582604,Educational Facility,Pandukaswar,CHAMOLI,70.227,71.23,100.0,18.342,11.054,100.0,85.0,100.0,ALTERNATIVE,AI ranked safe-site candidate
SETTLEMENT_40869,Raigari,114,57,4,3856092,Educational Facility,Bara Gaon,CHAMOLI,69.546,66.72,62.0,4.967,100.0,100.0,85.0,62.0,ALTERNATIVE,AI ranked safe-site candidate
SETTLEMENT_40869,Raigari,114,57,5,4270841,Educational Facility,Subhai,CHAMOLI,66.466,67.74,50.0,6.213,91.913,100.0,90.0,50.0,ALTERNATIVE,AI ranked safe-site candidate
SETTLEMENT_40870,Karchi,386,57,1,9122080,Educational Facility,Raigari,CHAMOLI,74.442,69.86,75.0,0.716,100.0,100.0,90.0,75.0,PRIMARY,AI ranked safe-site candidate
SETTLEMENT_40870,Karchi,386,57,2,9859864,Educational Facility,Bara Gaon,CHAMOLI,70.439,63.61,75.0,4.312,100.0,100.0,75.0,75.0,ALTERNATIVE,AI ranked safe-site candidate
SETTLEMENT_40870,Karchi,386,57,3,5582604,Educational Facility,Pandukaswar,CHAMOLI,70.397,71.23,100.0,17.654,15.639,100.0,85.0,100.0,ALTERNATIVE,AI ranked safe-site candidate
SETTLEMENT_40870,Karchi,386,57,4,3856092,Educational Facility,Bara Gaon,CHAMOLI,69.557,66.72,62.0,4.312,100.0,100.0,85.0,62.0,ALTERNATIVE,AI ranked safe-site candidate
SETTLEMENT_40870,Karchi,386,57,5,4270841,Educational Facility,Subhai,CHAMOLI,66.256,67.74,50.0,6.639,89.076,100.0,90.0,50.0,ALTERNATIVE,AI ranked safe-site candidate
SETTLEMENT_40871,Bilagar,114,57,1,9122080,Educational Facility,Raigari,CHAMOLI,74.437,69.86,75.0,2.118,100.0,100.0,90.0,75.0,PRIMARY,AI ranked safe-site candidate
SETTLEMENT_40871,Bilagar,114,57,2,9859864,Educational Facility,Bara Gaon,CHAMOLI,70.44,63.61,75.0,3.412,100.0,100.0,75.0,75.0,ALTERNATIVE,AI ranked safe-site candidate
SETTLEMENT_40871,Bilagar,114,57,3,5582604,Educational Facility,Pandukaswar,CHAMOLI,70.269,71.23,100.0,16.773,21.513,100.0,85.0,100.0,ALTERNATIVE,AI ranked safe-site candidate
SETTLEMENT_40871,Bilagar,114,57,4,3856092,Educational Facility,Bara Gaon,CHAMOLI,69.562,66.72,62.0,3.412,100.0,100.0,85.0,62.0,ALTERNATIVE,AI ranked safe-site candidate
SETTLEMENT_40871,Bilagar,114,57,5,4270841,Educational Facility,Subhai,CHAMOLI,66.848,67.74,50.0,5.766,94.893,100.0,90.0,50.0,ALTERNATIVE,AI ranked safe-site candidate
SETTLEMENT_40872,Chamtoli,144,57,1,9122080,Educational Facility,Raigari,CHAMOLI,74.44,69.86,75.0,2.533,100.0,100.0,90.0,75.0,PRIMARY,AI ranked safe-site candidate
SETTLEMENT_40872,Chamtoli,144,57,2,9859864,Educational Facility,Bara Gaon,CHAMOLI,70.442,63.61,75.0,2.821,100.0,100.0,75.0,75.0,ALTERNATIVE,AI ranked safe-site candidate
SETTLEMENT_40872,Chamtoli,144,57,3,5582604,Educational Facility,Pandukaswar,CHAMOLI,70.436,71.23,100.0,16.185,25.432,100.0,85.0,100.0,ALTERNATIVE,AI ranked safe-site candidate
SETTLEMENT_40872,Chamtoli,144,57,4,3856092,Educational Facility,Bara Gaon,CHAMOLI,69.563,66.72,62.0,2.821,100.0,100.0,85.0,62.0,ALTERNATIVE,AI ranked safe-site candidate
SETTLEMENT_40872,Chamtoli,144,57,5,4270841,Educational Facility,Subhai,CHAMOLI,66.513,67.74,50.0,6.224,91.839,100.0,90.0,50.0,ALTERNATIVE,AI ranked safe-site candidate
SETTLEMENT_40873,Topovan,1254,57,1,5582604,Educational Facility,Pandukaswar,CHAMOLI,70.382,71.23,100.0,18.279,11.474,100.0,85.0,100.0,PRIMARY,AI ranked safe-site candidate
SETTLEMENT_40873,Topovan,1254,57,2,4283719,Educational Facility,Urgam,CHAMOLI,69.276,53.86,125.0,6.043,93.044,40.0,75.0,125.0,ALTERNATIVE,AI ranked safe-site candidate
SETTLEMENT_40873,Topovan,1254,57,3,7073310,Educational Facility,Pakhi,CHAMOLI,68.939,69.24,50.0,2.567,100.0,100.0,100.0,50.0,ALTERNATIVE,AI ranked safe-site candidate
SETTLEMENT_40873,Topovan,1254,57,4,9156747,Educational Facility,Langsi,CHAMOLI,68.762,63.47,62.0,1.678,100.0,100.0,90.0,62.0,ALTERNATIVE,AI ranked safe-site candidate
SETTLEMENT_40873,Topovan,1254,57,5,9122080,Educational Facility,Raigari,CHAMOLI,68.455,69.86,75.0,14.226,38.491,100.0,90.0,75.0,ALTERNATIVE,AI ranked safe-site candidate
SETTLEMENT_40874,Gahar,59,57,1,9122080,Educational Facility,Raigari,CHAMOLI,74.423,69.86,75.0,2.881,100.0,100.0,90.0,75.0,PRIMARY,AI ranked safe-site candidate
SETTLEMENT_40874,Gahar,59,57,2,5582604,Educational Facility,Pandukaswar,CHAMOLI,70.479,71.23,100.0,16.426,23.824,100.0,85.0,100.0,ALTERNATIVE,AI ranked safe-site candidate
SETTLEMENT_40874,Gahar,59,57,3,9859864,Educational Facility,Bara Gaon,CHAMOLI,70.441,63.61,75.0,3.256,100.0,100.0,75.0,75.0,ALTERNATIVE,AI ranked safe-site candidate
SETTLEMENT_40874,Gahar,59,57,4,3856092,Educational Facility,Bara Gaon,CHAMOLI,69.562,66.72,62.0,3.256,100.0,100.0,85.0,62.0,ALTERNATIVE,AI ranked safe-site candidate
SETTLEMENT_40874,Gahar,59,57,5,4270841,Educational Facility,Subhai,CHAMOLI,66.953,67.74,50.0,5.542,96.386,100.0,90.0,50.0,ALTERNATIVE,AI ranked safe-site candidate
SETTLEMENT_40875,Bhangyul,284,57,1,9122080,Educational Facility,Raigari,CHAMOLI,74.416,69.86,75.0,2.769,100.0,100.0,90.0,75.0,PRIMARY,AI ranked safe-site candidate
SETTLEMENT_40875,Bhangyul,284,57,2,9859864,Educational Facility,Bara Gaon,CHAMOLI,70.44,63.61,75.0,4.168,100.0,100.0,75.0,75.0,ALTERNATIVE,AI ranked safe-site candidate
SETTLEMENT_40875,Bhangyul,284,57,3,5582604,Educational Facility,Pandukaswar,CHAMOLI,70.376,71.23,100.0,17.276,18.158,100.0,85.0,100.0,ALTERNATIVE,AI ranked safe-site candidate
SETTLEMENT_40875,Bhangyul,284,57,4,3856092,Educational Facility,Bara Gaon,CHAMOLI,69.561,66.72,62.0,4.168,100.0,100.0,85.0,62.0,ALTERNATIVE,AI ranked safe-site candidate
SETTLEMENT_40875,Bhangyul,284,57,5,4270841,Educational Facility,Subhai,CHAMOLI,67.258,67.74,50.0,4.669,100.0,100.0,90.0,50.0,ALTERNATIVE,AI ranked safe-site candidate
SETTLEMENT_40876,Karachhon,506,57,1,9122080,Educational Facility,Raigari,CHAMOLI,74.438,69.86,75.0,0.692,100.0,100.0,90.0,75.0,PRIMARY,AI ranked safe-site candidate
SETTLEMENT_40876,Karachhon,506,57,2,5582604,Educational Facility,Pandukaswar,CHAMOLI,70.384,71.23,100.0,18.592,9.385,100.0,85.0,100.0,ALTERNATIVE,AI ranked safe-site candidate
SETTLEMENT_40876,Karachhon,506,57,3,9859864,Educational Facility,Bara Gaon,CHAMOLI,70.365,63.61,75.0,5.177,98.821,100.0,75.0,75.0,ALTERNATIVE,AI ranked safe-site candidate
SETTLEMENT_40876,Karachhon,506,57,4,3856092,Educational Facility,Bara Gaon,CHAMOLI,69.483,66.72,62.0,5.177,98.821,100.0,85.0,62.0,ALTERNATIVE,AI ranked safe-site candidate
SETTLEMENT_40876,Karachhon,506,57,5,4270841,Educational Facility,Subhai,CHAMOLI,66.973,67.74,50.0,5.521,96.525,100.0,90.0,50.0,ALTERNATIVE,AI ranked safe-site candidate
SETTLEMENT_40878,Juwagwar,70,57,1,9122080,Educational Facility,Raigari,CHAMOLI,73.559,69.86,75.0,6.206,91.958,100.0,90.0,75.0,PRIMARY,AI ranked safe-site candidate
SETTLEMENT_40878,Juwagwar,70,57,2,5582604,Educational Facility,Pandukaswar,CHAMOLI,70.251,71.23,100.0,19.704,1.975,100.0,85.0,100.0,ALTERNATIVE,AI ranked safe-site candidate
SETTLEMENT_40878,Juwagwar,70,57,3,9859864,Educational Facility,Bara Gaon,CHAMOLI,67.772,63.61,75.0,7.748,81.679,100.0,75.0,75.0,ALTERNATIVE,AI ranked safe-site candidate
SETTLEMENT_40878,Juwagwar,70,57,4,3856092,Educational Facility,Bara Gaon,CHAMOLI,67.46,66.72,62.0,7.748,81.679,100.0,85.0,62.0,ALTERNATIVE,AI ranked safe-site candidate
SETTLEMENT_40878,Juwagwar,70,57,5,4270841,Educational Facility,Subhai,CHAMOLI,67.341,67.74,50.0,1.582,100.0,100.0,90.0,50.0,ALTERNATIVE,AI ranked safe-site candidate
SETTLEMENT_40879,Jugaju chak lata,42,57,1,9122080,Educational Facility,Raigari,CHAMOLI,72.599,69.86,75.0,7.739,81.739,100.0,90.0,75.0,PRIMARY,AI ranked safe-site candidate
SETTLEMENT_40879,Jugaju chak lata,42,57,2,5582604,Educational Facility,Pandukaswar,CHAMOLI,70.247,71.23,100.0,20.993,0.0,100.0,85.0,100.0,ALTERNATIVE,AI ranked safe-site candidate
SETTLEMENT_40879,Jugaju chak lata,42,57,3,4270841,Educational Facility,Subhai,CHAMOLI,67.342,67.74,50.0,1.873,100.0,100.0,90.0,50.0,ALTERNATIVE,AI ranked safe-site candidate
SETTLEMENT_40879,Jugaju chak lata,42,57,4,9859864,Educational Facility,Bara Gaon,CHAMOLI,67.196,63.61,75.0,9.392,70.72,100.0,75.0,75.0,ALTERNATIVE,AI ranked safe-site candidate
SETTLEMENT_40879,Jugaju chak lata,42,57,5,3856092,Educational Facility,Bara Gaon,CHAMOLI,66.735,66.72,62.0,9.392,70.72,100.0,85.0,62.0,ALTERNATIVE,AI ranked safe-site candidate
SETTLEMENT_40880,Lata,359,57,1,9122080,Educational Facility,Raigari,CHAMOLI,71.347,69.86,75.0,9.356,70.961,100.0,90.0,75.0,PRIMARY,AI ranked safe-site candidate
SETTLEMENT_40880,Lata,359,57,2,5582604,Educational Facility,Pandukaswar,CHAMOLI,70.331,71.23,100.0,21.488,0.0,100.0,85.0,100.0,ALTERNATIVE,AI ranked safe-site candidate
SETTLEMENT_40880,Lata,359,57,3,4270841,Educational Facility,Subhai,CHAMOLI,67.337,67.74,50.0,3.504,100.0,100.0,90.0,50.0,ALTERNATIVE,AI ranked safe-site candidate
SETTLEMENT_40880,Lata,359,57,4,9859864,Educational Facility,Bara Gaon,CHAMOLI,66.632,63.61,75.0,10.596,62.695,100.0,75.0,75.0,ALTERNATIVE,AI ranked safe-site candidate
SETTLEMENT_40880,Lata,359,57,5,3856092,Educational Facility,Bara Gaon,CHAMOLI,66.253,66.72,62.0,10.596,62.695,100.0,85.0,62.0,ALTERNATIVE,AI ranked safe-site candidate
SETTLEMENT_40881,Raini Chak Lata,171,57,1,9122080,Educational Facility,Raigari,CHAMOLI,72.46,69.86,75.0,8.019,79.875,100.0,90.0,75.0,PRIMARY,AI ranked safe-site candidate
SETTLEMENT_40881,Raini Chak Lata,171,57,2,5582604,Educational Facility,Pandukaswar,CHAMOLI,70.317,71.23,100.0,21.361,0.0,100.0,85.0,100.0,ALTERNATIVE,AI ranked safe-site candidate
SETTLEMENT_40881,Raini Chak Lata,171,57,3,4270841,Educational Facility,Subhai,CHAMOLI,67.343,67.74,50.0,2.006,100.0,100.0,90.0,50.0,ALTERNATIVE,AI ranked safe-site candidate
SETTLEMENT_40881,Raini Chak Lata,171,57,4,9859864,Educational Facility,Bara Gaon,CHAMOLI,67.047,63.61,75.0,9.766,68.227,100.0,75.0,75.0,ALTERNATIVE,AI ranked safe-site candidate
SETTLEMENT_40881,Raini Chak Lata,171,57,5,3856092,Educational Facility,Bara Gaon,CHAMOLI,66.625,66.72,62.0,9.766,68.227,100.0,85.0,62.0,ALTERNATIVE,AI ranked safe-site candidate
SETTLEMENT_40882,Pang Chak Lata,147,57,0,,,,,,,,,,,,,UNRESOLVED,SOURCE_COORDINATES_UNAVAILABLE
SETTLEMENT_40883,Morana Chak Subhai,27,57,1,9122080,Educational Facility,Raigari,CHAMOLI,71.634,69.86,75.0,8.831,74.46,100.0,90.0,75.0,PRIMARY,AI ranked safe-site candidate
SETTLEMENT_40883,Morana Chak Subhai,27,57,2,5582604,Educational Facility,Pandukaswar,CHAMOLI,70.216,71.23,100.0,23.529,0.0,100.0,85.0,100.0,ALTERNATIVE,AI ranked safe-site candidate
SETTLEMENT_40883,Morana Chak Subhai,27,57,3,4270841,Educational Facility,Subhai,CHAMOLI,67.337,67.74,50.0,2.79,100.0,100.0,90.0,50.0,ALTERNATIVE,AI ranked safe-site candidate
SETTLEMENT_40883,Morana Chak Subhai,27,57,4,9859864,Educational Facility,Bara Gaon,CHAMOLI,65.945,63.61,75.0,11.466,56.896,100.0,75.0,75.0,ALTERNATIVE,AI ranked safe-site candidate
SETTLEMENT_40883,Morana Chak Subhai,27,57,5,1594739,Educational Facility,Raini Chak Lata,CHAMOLI,65.746,63.74,50.0,2.282,100.0,100.0,90.0,50.0,ALTERNATIVE,AI ranked safe-site candidate
SETTLEMENT_40884,Subhai,670,57,1,9122080,Educational Facility,Raigari,CHAMOLI,73.532,69.86,75.0,6.213,91.913,100.0,90.0,75.0,PRIMARY,AI ranked safe-site candidate
SETTLEMENT_40884,Subhai,670,57,2,5582604,Educational Facility,Pandukaswar,CHAMOLI,70.347,71.23,100.0,21.104,0.0,100.0,85.0,100.0,ALTERNATIVE,AI ranked safe-site candidate
SETTLEMENT_40884,Subhai,670,57,3,9859864,Educational Facility,Bara Gaon,CHAMOLI,67.583,63.61,75.0,8.706,75.295,100.0,75.0,75.0,ALTERNATIVE,AI ranked safe-site candidate
SETTLEMENT_40884,Subhai,670,57,4,4270841,Educational Facility,Subhai,CHAMOLI,67.342,67.74,50.0,0.0,100.0,100.0,90.0,50.0,ALTERNATIVE,AI ranked safe-site candidate
SETTLEMENT_40884,Subhai,670,57,5,3856092,Educational Facility,Bara Gaon,CHAMOLI,67.139,66.72,62.0,8.706,75.295,100.0,85.0,62.0,ALTERNATIVE,AI ranked safe-site candidate
SETTLEMENT_40885,Raini Chak Subhai,304,57,1,9122080,Educational Facility,Raigari,CHAMOLI,72.626,69.86,75.0,7.661,82.258,100.0,90.0,75.0,PRIMARY,AI ranked safe-site candidate
SETTLEMENT_40885,Raini Chak Subhai,304,57,2,5582604,Educational Facility,Pandukaswar,CHAMOLI,70.322,71.23,100.0,21.333,0.0,100.0,85.0,100.0,ALTERNATIVE,AI ranked safe-site candidate
SETTLEMENT_40885,Raini Chak Subhai,304,57,3,4270841,Educational Facility,Subhai,CHAMOLI,67.344,67.74,50.0,1.601,100.0,100.0,90.0,50.0,ALTERNATIVE,AI ranked safe-site candidate
SETTLEMENT_40885,Raini Chak Subhai,304,57,4,9859864,Educational Facility,Bara Gaon,CHAMOLI,67.306,63.61,75.0,9.559,69.606,100.0,75.0,75.0,ALTERNATIVE,AI ranked safe-site candidate
SETTLEMENT_40885,Raini Chak Subhai,304,57,5,3856092,Educational Facility,Bara Gaon,CHAMOLI,66.791,66.72,62.0,9.559,69.606,100.0,85.0,62.0,ALTERNATIVE,AI ranked safe-site candidate
SETTLEMENT_40886,Ringi,322,57,1,9122080,Educational Facility,Raigari,CHAMOLI,74.433,69.86,75.0,0.664,100.0,100.0,90.0,75.0,PRIMARY,AI ranked safe-site candidate
SETTLEMENT_40886,Ringi,322,57,2,9859864,Educational Facility,Bara Gaon,CHAMOLI,70.369,63.61,75.0,5.129,99.137,100.0,75.0,75.0,ALTERNATIVE,AI ranked safe-site candidate
SETTLEMENT_40886,Ringi,322,57,3,5582604,Educational Facility,Pandukaswar,CHAMOLI,70.363,71.23,100.0,18.544,9.704,100.0,85.0,100.0,ALTERNATIVE,AI ranked safe-site candidate
SETTLEMENT_40886,Ringi,322,57,4,3856092,Educational Facility,Bara Gaon,CHAMOLI,69.483,66.72,62.0,5.129,99.137,100.0,85.0,62.0,ALTERNATIVE,AI ranked safe-site candidate
SETTLEMENT_40886,Ringi,322,57,5,4270841,Educational Facility,Subhai,CHAMOLI,66.965,67.74,50.0,5.549,96.337,100.0,90.0,50.0,ALTERNATIVE,AI ranked safe-site candidate
SETTLEMENT_40887,Bampa,226,57,1,5582604,Educational Facility,Pandukaswar,CHAMOLI,70.714,71.23,100.0,29.544,0.0,100.0,85.0,100.0,PRIMARY,AI ranked safe-site candidate
SETTLEMENT_40887,Bampa,226,57,2,9122080,Educational Facility,Raigari,CHAMOLI,65.38,69.86,75.0,36.167,0.0,100.0,90.0,75.0,ALTERNATIVE,AI ranked safe-site candidate
SETTLEMENT_40887,Bampa,226,57,3,7073310,Educational Facility,Pakhi,CHAMOLI,64.147,69.24,50.0,47.607,0.0,100.0,100.0,50.0,ALTERNATIVE,AI ranked safe-site candidate
SETTLEMENT_40887,Bampa,226,57,4,9859864,Educational Facility,Bara Gaon,CHAMOLI,60.385,63.61,75.0,33.062,0.0,100.0,75.0,75.0,ALTERNATIVE,AI ranked safe-site candidate
SETTLEMENT_40887,Bampa,226,57,5,4283719,Educational Facility,Urgam,CHAMOLI,60.265,53.86,125.0,42.266,0.0,40.0,75.0,125.0,ALTERNATIVE,AI ranked safe-site candidate
SETTLEMENT_40888,Gamsali,451,57,1,5582604,Educational Facility,Pandukaswar,CHAMOLI,70.743,71.23,100.0,29.837,0.0,100.0,85.0,100.0,PRIMARY,AI ranked safe-site candidate
SETTLEMENT_40888,Gamsali,451,57,2,9122080,Educational Facility,Raigari,CHAMOLI,65.391,69.86,75.0,37.108,0.0,100.0,90.0,75.0,ALTERNATIVE,AI ranked safe-site candidate
SETTLEMENT_40888,Gamsali,451,57,3,7073310,Educational Facility,Pakhi,CHAMOLI,64.166,69.24,50.0,48.256,0.0,100.0,100.0,50.0,ALTERNATIVE,AI ranked safe-site candidate
SETTLEMENT_40888,Gamsali,451,57,4,9859864,Educational Facility,Bara Gaon,CHAMOLI,60.356,63.61,75.0,33.882,0.0,100.0,75.0,75.0,ALTERNATIVE,AI ranked safe-site candidate
SETTLEMENT_40888,Gamsali,451,57,5,4283719,Educational Facility,Urgam,CHAMOLI,60.241,53.86,125.0,42.734,0.0,40.0,75.0,125.0,ALTERNATIVE,AI ranked safe-site candidate
SETTLEMENT_40889,Niti,55,57,1,5582604,Educational Facility,Pandukaswar,CHAMOLI,70.573,71.23,100.0,32.239,0.0,100.0,85.0,100.0,PRIMARY,AI ranked safe-site candidate
SETTLEMENT_40889,Niti,55,57,2,9122080,Educational Facility,Raigari,CHAMOLI,65.326,69.86,75.0,39.905,0.0,100.0,90.0,75.0,ALTERNATIVE,AI ranked safe-site candidate
SETTLEMENT_40889,Niti,55,57,3,7073310,Educational Facility,Pakhi,CHAMOLI,64.136,69.24,50.0,50.933,0.0,100.0,100.0,50.0,ALTERNATIVE,AI ranked safe-site candidate
SETTLEMENT_40889,Niti,55,57,4,9859864,Educational Facility,Bara Gaon,CHAMOLI,60.433,63.61,75.0,36.65,0.0,100.0,75.0,75.0,ALTERNATIVE,AI ranked safe-site candidate
SETTLEMENT_40889,Niti,55,57,5,4283719,Educational Facility,Urgam,CHAMOLI,60.321,53.86,125.0,45.282,0.0,40.0,75.0,125.0,ALTERNATIVE,AI ranked safe-site candidate
SETTLEMENT_40890,Gurguti,295,57,1,5582604,Educational Facility,Pandukaswar,CHAMOLI,70.714,71.23,100.0,29.502,0.0,100.0,85.0,100.0,PRIMARY,AI ranked safe-site candidate
SETTLEMENT_40890,Gurguti,295,57,2,9122080,Educational Facility,Raigari,CHAMOLI,65.38,69.86,75.0,34.119,0.0,100.0,90.0,75.0,ALTERNATIVE,AI ranked safe-site candidate
SETTLEMENT_40890,Gurguti,295,57,3,7073310,Educational Facility,Pakhi,CHAMOLI,64.137,69.24,50.0,46.41,0.0,100.0,100.0,50.0,ALTERNATIVE,AI ranked safe-site candidate
SETTLEMENT_40890,Gurguti,295,57,4,9859864,Educational Facility,Bara Gaon,CHAMOLI,60.41,63.61,75.0,31.419,0.0,100.0,75.0,75.0,ALTERNATIVE,AI ranked safe-site candidate
SETTLEMENT_40890,Gurguti,295,57,5,4283719,Educational Facility,Urgam,CHAMOLI,60.283,53.86,125.0,41.621,0.0,40.0,75.0,125.0,ALTERNATIVE,AI ranked safe-site candidate
SETTLEMENT_40891,Mahargaon,317,57,1,5582604,Educational Facility,Pandukaswar,CHAMOLI,70.332,71.23,100.0,28.093,0.0,100.0,85.0,100.0,PRIMARY,AI ranked safe-site candidate
SETTLEMENT_40891,Mahargaon,317,57,2,7073310,Educational Facility,Pakhi,CHAMOLI,66.852,69.24,50.0,7.253,84.982,100.0,100.0,50.0,ALTERNATIVE,AI ranked safe-site candidate
SETTLEMENT_40891,Mahargaon,317,57,3,9122080,Educational Facility,Raigari,CHAMOLI,65.587,69.86,75.0,20.01,0.0,100.0,90.0,75.0,ALTERNATIVE,AI ranked safe-site candidate
SETTLEMENT_40891,Mahargaon,317,57,4,9156747,Educational Facility,Langsi,CHAMOLI,65.504,63.47,62.0,11.214,58.572,100.0,90.0,62.0,ALTERNATIVE,AI ranked safe-site candidate
SETTLEMENT_40891,Mahargaon,317,57,5,1269696,Educational Facility,Pakhi,CHAMOLI,64.912,63.74,50.0,7.253,84.982,100.0,90.0,50.0,ALTERNATIVE,AI ranked safe-site candidate
SETTLEMENT_40892,Malari,2278,57,1,5582604,Educational Facility,Pandukaswar,CHAMOLI,70.762,71.23,100.0,33.087,0.0,100.0,85.0,100.0,PRIMARY,AI ranked safe-site candidate
SETTLEMENT_40892,Malari,2278,57,2,9122080,Educational Facility,Raigari,CHAMOLI,65.417,69.86,75.0,35.12,0.0,100.0,90.0,75.0,ALTERNATIVE,AI ranked safe-site candidate
SETTLEMENT_40892,Malari,2278,57,3,7073310,Educational Facility,Pakhi,CHAMOLI,64.149,69.24,50.0,48.481,0.0,100.0,100.0,50.0,ALTERNATIVE,AI ranked safe-site candidate
SETTLEMENT_40892,Malari,2278,57,4,9859864,Educational Facility,Bara Gaon,CHAMOLI,60.386,63.61,75.0,33.087,0.0,100.0,75.0,75.0,ALTERNATIVE,AI ranked safe-site candidate
SETTLEMENT_40892,Malari,2278,57,5,4283719,Educational Facility,Urgam,CHAMOLI,60.266,53.86,125.0,44.418,0.0,40.0,75.0,125.0,ALTERNATIVE,AI ranked safe-site candidate
SETTLEMENT_40893,Kailashpur,186,57,1,5582604,Educational Facility,Pandukaswar,CHAMOLI,70.714,71.23,100.0,32.374,0.0,100.0,85.0,100.0,PRIMARY,AI ranked safe-site candidate
SETTLEMENT_40893,Kailashpur,186,57,2,9122080,Educational Facility,Raigari,CHAMOLI,65.381,69.86,75.0,35.892,0.0,100.0,90.0,75.0,ALTERNATIVE,AI ranked safe-site candidate
SETTLEMENT_40893,Kailashpur,186,57,3,7073310,Educational Facility,Pakhi,CHAMOLI,64.135,69.24,50.0,48.71,0.0,100.0,100.0,50.0,ALTERNATIVE,AI ranked safe-site candidate
SETTLEMENT_40893,Kailashpur,186,57,4,9859864,Educational Facility,Bara Gaon,CHAMOLI,60.422,63.61,75.0,33.506,0.0,100.0,75.0,75.0,ALTERNATIVE,AI ranked safe-site candidate
SETTLEMENT_40893,Kailashpur,186,57,5,4283719,Educational Facility,Urgam,CHAMOLI,60.308,53.86,125.0,44.221,0.0,40.0,75.0,125.0,ALTERNATIVE,AI ranked safe-site candidate
SETTLEMENT_40895,Farkiagaon,232,57,0,,,,,,,,,,,,,UNRESOLVED,SOURCE_COORDINATES_UNAVAILABLE
SETTLEMENT_40896,Kosa,356,57,1,5582604,Educational Facility,Pandukaswar,CHAMOLI,70.703,71.23,100.0,30.284,0.0,100.0,85.0,100.0,PRIMARY,AI ranked safe-site candidate
SETTLEMENT_40896,Kosa,356,57,2,9122080,Educational Facility,Raigari,CHAMOLI,65.393,69.86,75.0,32.606,0.0,100.0,90.0,75.0,ALTERNATIVE,AI ranked safe-site candidate
SETTLEMENT_40896,Kosa,356,57,3,7073310,Educational Facility,Pakhi,CHAMOLI,64.135,69.24,50.0,45.765,0.0,100.0,100.0,50.0,ALTERNATIVE,AI ranked safe-site candidate
SETTLEMENT_40896,Kosa,356,57,4,9859864,Educational Facility,Bara Gaon,CHAMOLI,60.407,63.61,75.0,30.423,0.0,100.0,75.0,75.0,ALTERNATIVE,AI ranked safe-site candidate
SETTLEMENT_40896,Kosa,356,57,5,4283719,Educational Facility,Urgam,CHAMOLI,60.277,53.86,125.0,41.619,0.0,40.0,75.0,125.0,ALTERNATIVE,AI ranked safe-site candidate
SETTLEMENT_40897,Jalam,264,57,1,5582604,Educational Facility,Pandukaswar,CHAMOLI,70.492,71.23,100.0,26.469,0.0,100.0,85.0,100.0,PRIMARY,AI ranked safe-site candidate
SETTLEMENT_40897,Jalam,264,57,2,9122080,Educational Facility,Raigari,CHAMOLI,65.129,69.86,75.0,27.108,0.0,100.0,90.0,75.0,ALTERNATIVE,AI ranked safe-site candidate
SETTLEMENT_40897,Jalam,264,57,3,7073310,Educational Facility,Pakhi,CHAMOLI,64.064,69.24,50.0,40.613,0.0,100.0,100.0,50.0,ALTERNATIVE,AI ranked safe-site candidate
SETTLEMENT_40897,Jalam,264,57,4,9911458,Educational Facility,Jalam,CHAMOLI,60.47,65.04,25.0,0.0,100.0,100.0,95.0,25.0,ALTERNATIVE,AI ranked safe-site candidate
SETTLEMENT_40897,Jalam,264,57,5,9859864,Educational Facility,Bara Gaon,CHAMOLI,60.454,63.61,75.0,25.148,0.0,100.0,75.0,75.0,ALTERNATIVE,AI ranked safe-site candidate
SETTLEMENT_40898,Jumma,92,57,1,5582604,Educational Facility,Pandukaswar,CHAMOLI,69.932,71.23,100.0,24.798,0.0,100.0,85.0,100.0,PRIMARY,AI ranked safe-site candidate
SETTLEMENT_40898,Jumma,92,57,2,9122080,Educational Facility,Raigari,CHAMOLI,64.671,69.86,75.0,23.55,0.0,100.0,90.0,75.0,ALTERNATIVE,AI ranked safe-site candidate
SETTLEMENT_40898,Jumma,92,57,3,7073310,Educational Facility,Pakhi,CHAMOLI,63.717,69.24,50.0,37.469,0.0,100.0,100.0,50.0,ALTERNATIVE,AI ranked safe-site candidate
SETTLEMENT_40898,Jumma,92,57,4,8765150,Educational Facility,Fagti,CHAMOLI,60.877,67.12,25.0,6.436,90.429,100.0,100.0,25.0,ALTERNATIVE,AI ranked safe-site candidate
SETTLEMENT_40898,Jumma,92,57,5,9859864,Educational Facility,Bara Gaon,CHAMOLI,60.513,63.61,75.0,21.926,0.0,100.0,75.0,75.0,ALTERNATIVE,AI ranked safe-site candidate
SETTLEMENT_40900,Kaga Laga Dronagiri,114,57,1,5582604,Educational Facility,Pandukaswar,CHAMOLI,69.94,71.23,100.0,26.457,0.0,100.0,85.0,100.0,PRIMARY,AI ranked safe-site candidate
SETTLEMENT_40900,Kaga Laga Dronagiri,114,57,2,9122080,Educational Facility,Raigari,CHAMOLI,64.534,69.86,75.0,25.203,0.0,100.0,90.0,75.0,ALTERNATIVE,AI ranked safe-site candidate
SETTLEMENT_40900,Kaga Laga Dronagiri,114,57,3,7073310,Educational Facility,Pakhi,CHAMOLI,63.62,69.24,50.0,39.225,0.0,100.0,100.0,50.0,ALTERNATIVE,AI ranked safe-site candidate
SETTLEMENT_40900,Kaga Laga Dronagiri,114,57,4,9911458,Educational Facility,Jalam,CHAMOLI,60.499,65.04,25.0,2.902,100.0,100.0,95.0,25.0,ALTERNATIVE,AI ranked safe-site candidate
SETTLEMENT_40900,Kaga Laga Dronagiri,114,57,5,9859864,Educational Facility,Bara Gaon,CHAMOLI,60.482,63.61,75.0,23.676,0.0,100.0,75.0,75.0,ALTERNATIVE,AI ranked safe-site candidate
SETTLEMENT_40901,Garpak,78,57,1,5582604,Educational Facility,Pandukaswar,CHAMOLI,70.376,71.23,100.0,29.252,0.0,100.0,85.0,100.0,PRIMARY,AI ranked safe-site candidate
SETTLEMENT_40901,Garpak,78,57,2,9122080,Educational Facility,Raigari,CHAMOLI,65.006,69.86,75.0,28.511,0.0,100.0,90.0,75.0,ALTERNATIVE,AI ranked safe-site candidate
SETTLEMENT_40901,Garpak,78,57,3,7073310,Educational Facility,Pakhi,CHAMOLI,63.975,69.24,50.0,42.541,0.0,100.0,100.0,50.0,ALTERNATIVE,AI ranked safe-site candidate
SETTLEMENT_40901,Garpak,78,57,4,9859864,Educational Facility,Bara Gaon,CHAMOLI,60.493,63.61,75.0,26.996,0.0,100.0,75.0,75.0,ALTERNATIVE,AI ranked safe-site candidate
SETTLEMENT_40901,Garpak,78,57,5,9911458,Educational Facility,Jalam,CHAMOLI,60.467,65.04,25.0,3.049,100.0,100.0,95.0,25.0,ALTERNATIVE,AI ranked safe-site candidate
SETTLEMENT_40902,Dronagiri,108,57,1,5582604,Educational Facility,Pandukaswar,CHAMOLI,70.07,71.23,100.0,30.804,0.0,100.0,85.0,100.0,PRIMARY,AI ranked safe-site candidate
SETTLEMENT_40902,Dronagiri,108,57,2,9122080,Educational Facility,Raigari,CHAMOLI,64.591,69.86,75.0,27.987,0.0,100.0,90.0,75.0,ALTERNATIVE,AI ranked safe-site candidate
SETTLEMENT_40902,Dronagiri,108,57,3,7073310,Educational Facility,Pakhi,CHAMOLI,63.645,69.24,50.0,42.577,0.0,100.0,100.0,50.0,ALTERNATIVE,AI ranked safe-site candidate
SETTLEMENT_40902,Dronagiri,108,57,4,9859864,Educational Facility,Bara Gaon,CHAMOLI,60.499,63.61,75.0,27.056,0.0,100.0,75.0,75.0,ALTERNATIVE,AI ranked safe-site candidate
SETTLEMENT_40902,Dronagiri,108,57,5,4283719,Educational Facility,Urgam,CHAMOLI,60.361,53.86,125.0,39.932,0.0,40.0,75.0,125.0,ALTERNATIVE,AI ranked safe-site candidate
SETTLEMENT_40903,F-1,2,57,1,5582604,Educational Facility,Pandukaswar,CHAMOLI,77.977,71.23,100.0,8.74,75.066,100.0,85.0,100.0,PRIMARY,AI ranked safe-site candidate
SETTLEMENT_40903,F-1,2,57,2,9122080,Educational Facility,Raigari,CHAMOLI,72.272,69.86,75.0,9.925,67.166,100.0,90.0,75.0,ALTERNATIVE,AI ranked safe-site candidate
SETTLEMENT_40903,F-1,2,57,3,9859864,Educational Facility,Bara Gaon,CHAMOLI,70.235,63.61,75.0,5.343,97.715,100.0,75.0,75.0,ALTERNATIVE,AI ranked safe-site candidate
SETTLEMENT_40903,F-1,2,57,4,3856092,Educational Facility,Bara Gaon,CHAMOLI,69.459,66.72,62.0,5.343,97.715,100.0,85.0,62.0,ALTERNATIVE,AI ranked safe-site candidate
SETTLEMENT_40903,F-1,2,57,5,4283719,Educational Facility,Urgam,CHAMOLI,66.426,53.86,125.0,10.166,65.558,40.0,75.0,125.0,ALTERNATIVE,AI ranked safe-site candidate
SETTLEMENT_800290,Badrinathpuri (NP),2873,57,1,5582604,Educational Facility,Pandukaswar,CHAMOLI,75.203,71.23,100.0,13.257,44.956,100.0,85.0,100.0,PRIMARY,AI ranked safe-site candidate
SETTLEMENT_800290,Badrinathpuri (NP),2873,57,2,9122080,Educational Facility,Raigari,CHAMOLI,65.697,69.86,75.0,31.581,0.0,100.0,90.0,75.0,ALTERNATIVE,AI ranked safe-site candidate
SETTLEMENT_800290,Badrinathpuri (NP),2873,57,3,7073310,Educational Facility,Pakhi,CHAMOLI,64.162,69.24,50.0,31.105,0.0,100.0,100.0,50.0,ALTERNATIVE,AI ranked safe-site candidate
SETTLEMENT_800290,Badrinathpuri (NP),2873,57,4,6188919,Educational Facility,Pandukaswar,CHAMOLI,63.969,63.47,62.0,13.257,44.956,100.0,90.0,62.0,ALTERNATIVE,AI ranked safe-site candidate
SETTLEMENT_800290,Badrinathpuri (NP),2873,57,5,9859864,Educational Facility,Bara Gaon,CHAMOLI,60.459,63.61,75.0,26.67,0.0,100.0,75.0,75.0,ALTERNATIVE,AI ranked safe-site candidate
SETTLEMENT_800291,Joshimath  (NPP),19689,57,1,5582604,Educational Facility,Pandukaswar,CHAMOLI,77.495,71.23,100.0,8.86,74.268,100.0,85.0,100.0,PRIMARY,AI ranked safe-site candidate
SETTLEMENT_800291,Joshimath  (NPP),19689,57,2,9122080,Educational Facility,Raigari,CHAMOLI,72.309,69.86,75.0,9.698,68.681,100.0,90.0,75.0,ALTERNATIVE,AI ranked safe-site candidate
SETTLEMENT_800291,Joshimath  (NPP),19689,57,3,9859864,Educational Facility,Bara Gaon,CHAMOLI,70.363,63.61,75.0,5.051,99.663,100.0,75.0,75.0,ALTERNATIVE,AI ranked safe-site candidate
SETTLEMENT_800291,Joshimath  (NPP),19689,57,4,3856092,Educational Facility,Bara Gaon,CHAMOLI,69.507,66.72,62.0,5.051,99.663,100.0,85.0,62.0,ALTERNATIVE,AI ranked safe-site candidate
SETTLEMENT_800291,Joshimath  (NPP),19689,57,5,4283719,Educational Facility,Urgam,CHAMOLI,66.446,53.86,125.0,10.509,63.272,40.0,75.0,125.0,ALTERNATIVE,AI ranked safe-site candidate
