settlement_id,settlement_name,population,relocation_demand,source_settlement_id,people_allocated,destination_sites,average_distance_km,average_relocation_score,people_unallocated,allocation_rate_pct,relocation_status
SETTLEMENT_800291,Joshimath  (NPP),19689,19689,SETTLEMENT_800291,2727,74,12.653,48.81,16962,13.850373304891056,PARTIALLY_ALLOCATED
SETTLEMENT_800290,Badrinathpuri (NP),2873,2873,,0,0,,,2873,0.0,NOT_ALLOCATED
SETTLEMENT_40892,Malari,2278,2278,,0,0,,,2278,0.0,NOT_ALLOCATED
SETTLEMENT_40828,Salud Dugra,1865,1865,,0,0,,,1865,0.0,NOT_ALLOCATED
SETTLEMENT_40817,Urgam,1825,1825,,0,0,,,1825,0.0,NOT_ALLOCATED
SETTLEMENT_40813,Pandukaswar,1645,1645,,0,0,,,1645,0.0,NOT_ALLOCATED
SETTLEMENT_40808,Mana,1430,1430,,0,0,,,1430,0.0,NOT_ALLOCATED
SETTLEMENT_40873,Topovan,1254,1254,,0,0,,,1254,0.0,NOT_ALLOCATED
SETTLEMENT_40810,Thaing,950,950,,0,0,,,950,0.0,NOT_ALLOCATED
SETTLEMENT_40864,Bara gaon,933,933,,0,0,,,933,0.0,NOT_ALLOCATED
SETTLEMENT_40824,Sailang,897,897,,0,0,,,897,0.0,NOT_ALLOCATED
SETTLEMENT_40823,Paini,782,782,,0,0,,,782,0.0,NOT_ALLOCATED
SETTLEMENT_40811,Arurhi Paturi,718,718,,0,0,,,718,0.0,NOT_ALLOCATED
SETTLEMENT_40884,Subhai,670,670,,0,0,,,670,0.0,NOT_ALLOCATED
SETTLEMENT_40822,Hailang,622,622,,0,0,,,622,0.0,NOT_ALLOCATED
SETTLEMENT_40816,Chaien,608,608,,0,0,,,608,0.0,NOT_ALLOCATED
SETTLEMENT_40863,Merag,531,531,,0,0,,,531,0.0,NOT_ALLOCATED
SETTLEMENT_40851,Ganai,530,530,,0,0,,,530,0.0,NOT_ALLOCATED
SETTLEMENT_40834,Kimana,530,530,,0,0,,,530,0.0,NOT_ALLOCATED
SETTLEMENT_40850,Molta,521,521,,0,0,,,521,0.0,NOT_ALLOCATED
SETTLEMENT_40856,Tolma,506,506,,0,0,,,506,0.0,NOT_ALLOCATED
SETTLEMENT_40876,Karachhon,506,506,,0,0,,,506,0.0,NOT_ALLOCATED
SETTLEMENT_40866,Dhak,497,497,,0,0,,,497,0.0,NOT_ALLOCATED
SETTLEMENT_40841,Langsi,465,465,,0,0,,,465,0.0,NOT_ALLOCATED
SETTLEMENT_40849,Pagnau,460,460,,0,0,,,460,0.0,NOT_ALLOCATED
SETTLEMENT_40888,Gamsali,451,451,,0,0,,,451,0.0,NOT_ALLOCATED
SETTLEMENT_40832,Palla,435,435,,0,0,,,435,0.0,NOT_ALLOCATED
SETTLEMENT_40845,Pakhi,430,430,,0,0,,,430,0.0,NOT_ALLOCATED
SETTLEMENT_40844,Jalgwar,424,424,,0,0,,,424,0.0,NOT_ALLOCATED
SETTLEMENT_40840,Gulabkoti,419,419,,0,0,,,419,0.0,NOT_ALLOCATED
SETTLEMENT_40830,Kalgoth,418,418,,0,0,,,418,0.0,NOT_ALLOCATED
SETTLEMENT_40819,Bheta Chak Urgam,408,408,,0,0,,,408,0.0,NOT_ALLOCATED
SETTLEMENT_40870,Karchi,386,386,,0,0,,,386,0.0,NOT_ALLOCATED
SETTLEMENT_40829,Dumak,366,366,,0,0,,,366,0.0,NOT_ALLOCATED
SETTLEMENT_40880,Lata,359,359,,0,0,,,359,0.0,NOT_ALLOCATED
SETTLEMENT_40843,Tangni malli,358,358,,0,0,,,358,0.0,NOT_ALLOCATED
SETTLEMENT_40896,Kosa,356,356,,0,0,,,356,0.0,NOT_ALLOCATED
SETTLEMENT_40826,Auli Laga Joshimath,352,352,,0,0,,,352,0.0,NOT_ALLOCATED
SETTLEMENT_40814,Pulana Chak Bhyudar,336,336,,0,0,,,336,0.0,NOT_ALLOCATED
SETTLEMENT_40886,Ringi,322,322,,0,0,,,322,0.0,NOT_ALLOCATED
SETTLEMENT_40891,Mahargaon,317,317,,0,0,,,317,0.0,NOT_ALLOCATED
SETTLEMENT_40885,Raini Chak Subhai,304,304,,0,0,,,304,0.0,NOT_ALLOCATED
SETTLEMENT_40890,Gurguti,295,295,,0,0,,,295,0.0,NOT_ALLOCATED
SETTLEMENT_40835,Pokhani Urf Pokhari,289,289,,0,0,,,289,0.0,NOT_ALLOCATED
SETTLEMENT_40875,Bhangyul,284,284,,0,0,,,284,0.0,NOT_ALLOCATED
SETTLEMENT_40820,Lyari Thana,279,279,,0,0,,,279,0.0,NOT_ALLOCATED
SETTLEMENT_40842,Tangni talli,273,273,,0,0,,,273,0.0,NOT_ALLOCATED
SETTLEMENT_40868,Tugasi,271,271,,0,0,,,271,0.0,NOT_ALLOCATED
SETTLEMENT_40897,Jalam,264,264,,0,0,,,264,0.0,NOT_ALLOCATED
SETTLEMENT_40833,Jakhola,237,237,,0,0,,,237,0.0,NOT_ALLOCATED
SETTLEMENT_40895,Farkiagaon,232,232,,0,0,,,232,0.0,NOT_ALLOCATED
SETTLEMENT_40887,Bampa,226,226,,0,0,,,226,0.0,NOT_ALLOCATED
SETTLEMENT_40867,Kundikhola,212,212,,0,0,,,212,0.0,NOT_ALLOCATED
SETTLEMENT_40857,Sukhi,205,205,,0,0,,,205,0.0,NOT_ALLOCATED
SETTLEMENT_40836,Lanji,201,201,,0,0,,,201,0.0,NOT_ALLOCATED
SETTLEMENT_40852,Bhalgaon,197,197,,0,0,,,197,0.0,NOT_ALLOCATED
SETTLEMENT_40893,Kailashpur,186,186,,0,0,,,186,0.0,NOT_ALLOCATED
SETTLEMENT_40846,Marwadi Chak Pakhi,185,185,,0,0,,,185,0.0,NOT_ALLOCATED
SETTLEMENT_40881,Raini Chak Lata,171,171,,0,0,,,171,0.0,NOT_ALLOCATED
SETTLEMENT_40865,Payya chormi,158,158,,0,0,,,158,0.0,NOT_ALLOCATED
SETTLEMENT_40818,Bharkichak-Urgam,157,157,,0,0,,,157,0.0,NOT_ALLOCATED
SETTLEMENT_40821,Salna Chak Urgam,151,151,,0,0,,,151,0.0,NOT_ALLOCATED
SETTLEMENT_40838,Dwing,150,150,,0,0,,,150,0.0,NOT_ALLOCATED
SETTLEMENT_40882,Pang Chak Lata,147,147,,0,0,,,147,0.0,NOT_ALLOCATED
SETTLEMENT_40872,Chamtoli,144,144,,0,0,,,144,0.0,NOT_ALLOCATED
SETTLEMENT_40848,Noligwar,132,132,,0,0,,,132,0.0,NOT_ALLOCATED
SETTLEMENT_40853,Longsagari,118,118,,0,0,,,118,0.0,NOT_ALLOCATED
SETTLEMENT_40869,Raigari,114,114,,0,0,,,114,0.0,NOT_ALLOCATED
SETTLEMENT_40871,Bilagar,114,114,,0,0,,,114,0.0,NOT_ALLOCATED
SETTLEMENT_40900,Kaga Laga Dronagiri,114,114,,0,0,,,114,0.0,NOT_ALLOCATED
SETTLEMENT_40847,Darmi,112,112,,0,0,,,112,0.0,NOT_ALLOCATED
SETTLEMENT_40839,Tapon,108,108,,0,0,,,108,0.0,NOT_ALLOCATED
SETTLEMENT_40902,Dronagiri,108,108,,0,0,,,108,0.0,NOT_ALLOCATED
SETTLEMENT_40809,Khiron,106,106,,0,0,,,106,0.0,NOT_ALLOCATED
SETTLEMENT_40898,Jumma,92,92,,0,0,,,92,0.0,NOT_ALLOCATED
SETTLEMENT_40901,Garpak,78,78,,0,0,,,78,0.0,NOT_ALLOCATED
SETTLEMENT_40812,Bhyudar,72,72,,0,0,,,72,0.0,NOT_ALLOCATED
SETTLEMENT_40878,Juwagwar,70,70,,0,0,,,70,0.0,NOT_ALLOCATED
SETTLEMENT_40855,Pagrasu,66,66,,0,0,,,66,0.0,NOT_ALLOCATED
SETTLEMENT_40874,Gahar,59,59,,0,0,,,59,0.0,NOT_ALLOCATED
SETTLEMENT_40889,Niti,55,55,,0,0,,,55,0.0,NOT_ALLOCATED
SETTLEMENT_40831,Uchougaur,54,54,,0,0,,,54,0.0,NOT_ALLOCATED
SETTLEMENT_40815,Toli Laga Chiae,53,53,,0,0,,,53,0.0,NOT_ALLOCATED
SETTLEMENT_40837,Tirosi,51,51,,0,0,,,51,0.0,NOT_ALLOCATED
SETTLEMENT_40879,Jugaju chak lata,42,42,,0,0,,,42,0.0,NOT_ALLOCATED
SETTLEMENT_40858,Kuraipani,33,33,,0,0,,,33,0.0,NOT_ALLOCATED
SETTLEMENT_40883,Morana Chak Subhai,27,27,,0,0,,,27,0.0,NOT_ALLOCATED
SETTLEMENT_40859,Aira,25,25,,0,0,,,25,0.0,NOT_ALLOCATED
SETTLEMENT_40825,Gaunkh Laga Sailang,18,18,,0,0,,,18,0.0,NOT_ALLOCATED
SETTLEMENT_40861,Khancha talla,15,15,,0,0,,,15,0.0,NOT_ALLOCATED
SETTLEMENT_40862,Khancha malla,14,14,,0,0,,,14,0.0,NOT_ALLOCATED
SETTLEMENT_40827,Auli Laga Salud Dugra,2,2,,0,0,,,2,0.0,NOT_ALLOCATED
SETTLEMENT_40903,F-1,2,2,,0,0,,,2,0.0,NOT_ALLOCATED
