source_settlement_id,source_settlement,source_district,source_population,relocation_demand,site_id,site_name,site_village,site_district,allocated_people,site_capacity_before,site_capacity_after,safe_site_score,accessibility_score,infrastructure_score,distance_km,distance_score,relocation_score,allocation_status,unallocated_reason
SETTLEMENT_800291,Joshimath  (NPP),57,19689,19689,5582604,Educational Facility,Pandukaswar,CHAMOLI,100,100.0,0.0,71.23,100.0,80.0,8.86,74.27,63.76,ALLOCATED,
SETTLEMENT_800291,Joshimath  (NPP),57,19689,19689,5466335,Educational Facility,Chaien,CHAMOLI,37,37.0,0.0,68.18,100.0,100.0,2.863,100.0,63.05,ALLOCATED,
SETTLEMENT_800291,Joshimath  (NPP),57,19689,19689,6207244,Educational Facility,Sailang,CHAMOLI,37,37.0,0.0,66.1,100.0,93.33,3.922,100.0,61.55,ALLOCATED,
SETTLEMENT_800291,Joshimath  (NPP),57,19689,19689,2583233,Educational Facility,Paini,CHAMOLI,37,37.0,0.0,66.1,100.0,93.33,5.138,99.08,61.46,ALLOCATED,
SETTLEMENT_800291,Joshimath  (NPP),57,19689,19689,3856092,Educational Facility,Bara Gaon,CHAMOLI,62,62.0,0.0,66.72,100.0,73.33,5.051,99.66,61.38,ALLOCATED,
SETTLEMENT_800291,Joshimath  (NPP),57,19689,19689,9122080,Educational Facility,Raigari,CHAMOLI,75,75.0,0.0,69.86,100.0,80.0,9.698,68.68,61.04,ALLOCATED,
SETTLEMENT_800291,Joshimath  (NPP),57,19689,19689,1022466,Educational Facility,Dhak,CHAMOLI,25,25.0,0.0,67.12,100.0,100.0,7.66,82.27,60.07,ALLOCATED,
SETTLEMENT_800291,Joshimath  (NPP),57,19689,19689,9859864,Educational Facility,Bara Gaon,CHAMOLI,75,75.0,0.0,63.61,100.0,60.0,5.051,99.66,59.64,ALLOCATED,
SETTLEMENT_800291,Joshimath  (NPP),57,19689,19689,6630117,Educational Facility,Pandukaswar,CHAMOLI,25,25.0,0.0,67.12,100.0,100.0,8.86,74.27,59.27,ALLOCATED,
SETTLEMENT_800291,Joshimath  (NPP),57,19689,19689,6190652,Educational Facility,Bara Gaon,CHAMOLI,25,25.0,0.0,65.62,100.0,80.0,5.051,99.66,59.21,ALLOCATED,
SETTLEMENT_800291,Joshimath  (NPP),57,19689,19689,8338533,Educational Facility,Chaien,CHAMOLI,25,25.0,0.0,64.87,100.0,80.0,2.863,100.0,58.95,ALLOCATED,
SETTLEMENT_800291,Joshimath  (NPP),57,19689,19689,3602283,Educational Facility,Dhak,CHAMOLI,37,37.0,0.0,66.68,100.0,80.0,7.66,82.27,58.67,ALLOCATED,
SETTLEMENT_800291,Joshimath  (NPP),57,19689,19689,6188919,Educational Facility,Pandukaswar,CHAMOLI,62,62.0,0.0,63.47,100.0,80.0,8.86,74.27,58.21,ALLOCATED,
SETTLEMENT_800291,Joshimath  (NPP),57,19689,19689,7070729,Educational Facility,Langsi,CHAMOLI,25,25.0,0.0,67.12,100.0,100.0,10.698,62.02,58.05,ALLOCATED,
SETTLEMENT_800291,Joshimath  (NPP),57,19689,19689,7073310,Educational Facility,Pakhi,CHAMOLI,50,50.0,0.0,69.24,100.0,100.0,14.734,35.11,57.82,ALLOCATED,
SETTLEMENT_800291,Joshimath  (NPP),57,19689,19689,5052642,Educational Facility,Tangni Talli,CHAMOLI,37,37.0,0.0,68.18,100.0,100.0,12.961,46.93,57.74,ALLOCATED,
SETTLEMENT_800291,Joshimath  (NPP),57,19689,19689,5443985,Educational Facility,Paini,CHAMOLI,25,25.0,0.0,61.62,100.0,80.0,5.138,99.08,57.56,ALLOCATED,
SETTLEMENT_800291,Joshimath  (NPP),57,19689,19689,9156747,Educational Facility,Langsi,CHAMOLI,62,62.0,0.0,63.47,100.0,80.0,10.698,62.02,56.98,ALLOCATED,
SETTLEMENT_800291,Joshimath  (NPP),57,19689,19689,9853968,Educational Facility,Topovan,CHAMOLI,25,25.0,0.0,67.12,100.0,100.0,12.348,51.01,56.95,ALLOCATED,
SETTLEMENT_800291,Joshimath  (NPP),57,19689,19689,9909530,Educational Facility,Urgam,CHAMOLI,37,37.0,0.0,65.93,100.0,80.0,10.509,63.27,56.47,ALLOCATED,
SETTLEMENT_800291,Joshimath  (NPP),57,19689,19689,3716848,Educational Facility,Gulabkoti,CHAMOLI,25,25.0,0.0,64.87,100.0,80.0,8.988,73.42,56.29,ALLOCATED,
SETTLEMENT_800291,Joshimath  (NPP),57,19689,19689,3045824,Educational Facility,Pandukaswar,CHAMOLI,37,37.0,0.0,63.85,100.0,73.33,8.86,74.27,56.08,ALLOCATED,
SETTLEMENT_800291,Joshimath  (NPP),57,19689,19689,4270841,Educational Facility,Subhai,CHAMOLI,50,50.0,0.0,67.74,100.0,80.0,13.642,42.38,55.95,ALLOCATED,
SETTLEMENT_800291,Joshimath  (NPP),57,19689,19689,6479396,Educational Facility,Langsi,CHAMOLI,25,25.0,0.0,65.62,100.0,80.0,10.698,62.02,55.45,ALLOCATED,
SETTLEMENT_800291,Joshimath  (NPP),57,19689,19689,6263131,Educational Facility,Tangni Malli,CHAMOLI,25,25.0,0.0,65.04,100.0,93.33,12.403,50.65,55.41,ALLOCATED,
SETTLEMENT_800291,Joshimath  (NPP),57,19689,19689,8873227,Educational Facility,Tugasi,CHAMOLI,25,25.0,0.0,63.54,100.0,73.33,8.688,75.41,55.29,ALLOCATED,
SETTLEMENT_800291,Joshimath  (NPP),57,19689,19689,7245067,Educational Facility,Tapon,CHAMOLI,25,25.0,0.0,65.62,100.0,80.0,11.026,59.83,55.23,ALLOCATED,
SETTLEMENT_800291,Joshimath  (NPP),57,19689,19689,1957630,Educational Facility,Pandukaswar,CHAMOLI,25,25.0,0.0,62.79,100.0,73.33,8.86,74.27,54.88,ALLOCATED,
SETTLEMENT_800291,Joshimath  (NPP),57,19689,19689,9829271,Educational Facility,Pandukaswar,CHAMOLI,25,25.0,0.0,59.62,100.0,80.0,8.86,74.27,54.27,ALLOCATED,
SETTLEMENT_800291,Joshimath  (NPP),57,19689,19689,1594739,Educational Facility,Raini Chak Lata,CHAMOLI,50,50.0,0.0,63.74,100.0,80.0,14.478,36.81,53.79,ALLOCATED,
SETTLEMENT_800291,Joshimath  (NPP),57,19689,19689,5266420,Educational Facility,Topovan,CHAMOLI,37,37.0,0.0,63.85,100.0,73.33,12.348,51.01,53.75,ALLOCATED,
SETTLEMENT_800291,Joshimath  (NPP),57,19689,19689,1269696,Educational Facility,Pakhi,CHAMOLI,50,50.0,0.0,63.74,100.0,80.0,14.734,35.11,53.62,ALLOCATED,
SETTLEMENT_800291,Joshimath  (NPP),57,19689,19689,3604656,Educational Facility,Palla,CHAMOLI,25,25.0,0.0,63.37,100.0,60.0,10.087,66.09,52.96,ALLOCATED,
SETTLEMENT_800291,Joshimath  (NPP),57,19689,19689,5553910,Educational Facility,Palla,CHAMOLI,25,25.0,0.0,63.37,100.0,60.0,10.087,66.09,52.96,ALLOCATED,
SETTLEMENT_800291,Joshimath  (NPP),57,19689,19689,1025755,Educational Facility,Raini Chak Lata,CHAMOLI,25,25.0,0.0,64.87,100.0,80.0,14.478,36.81,52.63,ALLOCATED,
SETTLEMENT_800291,Joshimath  (NPP),57,19689,19689,4767357,Educational Facility,Tangni Talli,CHAMOLI,37,37.0,0.0,64.43,100.0,60.0,12.961,46.93,52.24,ALLOCATED,
SETTLEMENT_800291,Joshimath  (NPP),57,19689,19689,9922661,Educational Facility,Gulabkoti,CHAMOLI,25,25.0,0.0,59.37,100.0,60.0,8.988,73.42,52.09,ALLOCATED,
SETTLEMENT_800291,Joshimath  (NPP),57,19689,19689,8765150,Educational Facility,Fagti,CHAMOLI,25,25.0,0.0,67.12,100.0,100.0,20.167,0.0,51.85,ALLOCATED,
SETTLEMENT_800291,Joshimath  (NPP),57,19689,19689,9911458,Educational Facility,Jalam,CHAMOLI,25,25.0,0.0,65.04,100.0,93.33,26.569,0.0,50.35,ALLOCATED,
SETTLEMENT_800291,Joshimath  (NPP),57,19689,19689,3038593,Educational Facility,Bampa,CHAMOLI,25,25.0,0.0,64.87,100.0,80.0,32.884,0.0,48.95,ALLOCATED,
SETTLEMENT_800291,Joshimath  (NPP),57,19689,19689,1812555,Educational Facility,Niti,CHAMOLI,25,25.0,0.0,64.87,100.0,80.0,36.2,0.0,48.95,ALLOCATED,
SETTLEMENT_800291,Joshimath  (NPP),57,19689,19689,7947029,Educational Facility,Jalam,CHAMOLI,25,25.0,0.0,59.62,100.0,80.0,26.569,0.0,46.85,ALLOCATED,
SETTLEMENT_800291,Joshimath  (NPP),57,19689,19689,3712866,Educational Facility,Mana,CHAMOLI,25,25.0,0.0,59.62,100.0,80.0,48.131,0.0,46.85,ALLOCATED,
SETTLEMENT_800291,Joshimath  (NPP),57,19689,19689,4283719,Educational Facility,Urgam,CHAMOLI,125,125.0,0.0,53.86,40.0,60.0,10.509,63.27,46.33,ALLOCATED,
SETTLEMENT_800291,Joshimath  (NPP),57,19689,19689,6156417,Educational Facility,Sailang,CHAMOLI,25,25.0,0.0,49.12,40.0,100.0,3.922,100.0,45.65,ALLOCATED,
SETTLEMENT_800291,Joshimath  (NPP),57,19689,19689,3478590,Educational Facility,Hailang,CHAMOLI,50,50.0,0.0,49.74,40.0,80.0,7.035,86.43,44.15,ALLOCATED,
SETTLEMENT_800291,Joshimath  (NPP),57,19689,19689,6238303,Educational Facility,Urgam,CHAMOLI,87,87.0,0.0,49.32,40.0,80.0,10.509,63.27,44.06,ALLOCATED,
SETTLEMENT_800291,Joshimath  (NPP),57,19689,19689,2771212,Educational Facility,Ringi,CHAMOLI,37,37.0,0.0,50.18,40.0,100.0,9.998,66.68,43.52,ALLOCATED,
SETTLEMENT_800291,Joshimath  (NPP),57,19689,19689,7358147,Educational Facility,Bheta Chak Urgam,CHAMOLI,25,25.0,0.0,49.12,40.0,100.0,9.253,71.64,42.81,ALLOCATED,
SETTLEMENT_800291,Joshimath  (NPP),57,19689,19689,6429263,Educational Facility,Payya Chormi,CHAMOLI,25,25.0,0.0,47.62,40.0,80.0,5.925,93.83,42.43,ALLOCATED,
SETTLEMENT_800291,Joshimath  (NPP),57,19689,19689,3470600,Educational Facility,Molta,CHAMOLI,37,37.0,0.0,48.68,40.0,80.0,9.047,73.02,41.55,ALLOCATED,
SETTLEMENT_800291,Joshimath  (NPP),57,19689,19689,3852723,Educational Facility,Topovan,CHAMOLI,62,62.0,0.0,50.05,40.0,80.0,12.348,51.01,41.51,ALLOCATED,
SETTLEMENT_800291,Joshimath  (NPP),57,19689,19689,1198343,Educational Facility,Salna Chak Urgam,CHAMOLI,25,25.0,0.0,47.62,40.0,80.0,7.456,83.63,41.41,ALLOCATED,
SETTLEMENT_800291,Joshimath  (NPP),57,19689,19689,8480335,Educational Facility,Bheta Chak Urgam,CHAMOLI,25,25.0,0.0,47.04,40.0,93.33,9.253,71.64,41.31,ALLOCATED,
SETTLEMENT_800291,Joshimath  (NPP),57,19689,19689,8496292,Educational Facility,Pagnau,CHAMOLI,37,37.0,0.0,48.68,40.0,80.0,9.408,70.61,41.31,ALLOCATED,
SETTLEMENT_800291,Joshimath  (NPP),57,19689,19689,5050781,Educational Facility,Thaing,CHAMOLI,25,25.0,0.0,45.54,40.0,73.33,5.461,96.92,41.24,ALLOCATED,
SETTLEMENT_800291,Joshimath  (NPP),57,19689,19689,1163274,Educational Facility,Pagnau,CHAMOLI,25,25.0,0.0,47.04,40.0,93.33,9.408,70.61,41.21,ALLOCATED,
SETTLEMENT_800291,Joshimath  (NPP),57,19689,19689,8435333,Educational Facility,Bhangyul,CHAMOLI,37,37.0,0.0,45.68,40.0,80.0,9.21,71.93,40.24,ALLOCATED,
SETTLEMENT_800291,Joshimath  (NPP),57,19689,19689,8221044,Educational Facility,Kalgoth,CHAMOLI,75,75.0,0.0,49.78,40.0,73.33,14.985,33.43,39.82,ALLOCATED,
SETTLEMENT_800291,Joshimath  (NPP),57,19689,19689,9152790,Educational Facility,Darmi,CHAMOLI,25,25.0,0.0,47.04,40.0,93.33,12.539,49.74,39.12,ALLOCATED,
SETTLEMENT_800291,Joshimath  (NPP),57,19689,19689,2096227,Educational Facility,Molta,CHAMOLI,25,25.0,0.0,45.54,40.0,73.33,9.047,73.02,38.85,ALLOCATED,
SETTLEMENT_800291,Joshimath  (NPP),57,19689,19689,7997760,Educational Facility,Pokhani Urf Pokhari,CHAMOLI,25,25.0,0.0,49.12,40.0,100.0,15.375,30.83,38.73,ALLOCATED,
SETTLEMENT_800291,Joshimath  (NPP),57,19689,19689,5998765,Educational Facility,Jakhola,CHAMOLI,37,37.0,0.0,41.82,40.0,80.0,11.357,57.62,37.26,ALLOCATED,
SETTLEMENT_800291,Joshimath  (NPP),57,19689,19689,4857405,Educational Facility,Ringi,CHAMOLI,25,25.0,0.0,45.37,40.0,60.0,9.998,66.68,36.82,ALLOCATED,
SETTLEMENT_800291,Joshimath  (NPP),57,19689,19689,4213259,Educational Facility,Pakhi,CHAMOLI,25,25.0,0.0,47.62,40.0,80.0,14.734,35.11,36.56,ALLOCATED,
SETTLEMENT_800291,Joshimath  (NPP),57,19689,19689,9285948,Educational Facility,Bhalgaon,CHAMOLI,37,37.0,0.0,48.68,40.0,80.0,16.569,22.88,36.53,ALLOCATED,
SETTLEMENT_800291,Joshimath  (NPP),57,19689,19689,9477191,Educational Facility,Noligwar,CHAMOLI,25,25.0,0.0,45.37,40.0,60.0,10.769,61.54,36.3,ALLOCATED,
SETTLEMENT_800291,Joshimath  (NPP),57,19689,19689,6937665,Educational Facility,Kalgoth,CHAMOLI,25,25.0,0.0,46.87,40.0,80.0,14.985,33.43,36.09,ALLOCATED,
SETTLEMENT_800291,Joshimath  (NPP),57,19689,19689,3818141,Educational Facility,Malari,CHAMOLI,25,25.0,0.0,49.12,40.0,100.0,34.219,0.0,35.65,ALLOCATED,
SETTLEMENT_800291,Joshimath  (NPP),57,19689,19689,5948233,Educational Facility,Ganai,CHAMOLI,50,50.0,0.0,38.74,40.0,53.33,10.934,60.44,34.49,ALLOCATED,
SETTLEMENT_800291,Joshimath  (NPP),57,19689,19689,7016854,Educational Facility,Dumak,CHAMOLI,25,25.0,0.0,43.62,40.0,80.0,18.209,11.94,32.64,ALLOCATED,
SETTLEMENT_800291,Joshimath  (NPP),57,19689,19689,2183882,Educational Facility,Lanji,CHAMOLI,25,25.0,0.0,36.97,40.0,73.33,13.893,40.71,32.19,ALLOCATED,
SETTLEMENT_800291,Joshimath  (NPP),57,19689,19689,6166946,Educational Facility,Kimana,CHAMOLI,37,37.0,0.0,36.18,20.0,60.0,12.519,49.88,29.23,ALLOCATED,
SETTLEMENT_800291,Joshimath  (NPP),57,19689,19689,9950226,Educational Facility,Mana,CHAMOLI,25,25.0,0.0,43.29,40.0,53.33,48.131,0.0,28.65,ALLOCATED,
SETTLEMENT_800291,Joshimath  (NPP),57,19689,19689,,,,,0,0.0,0.0,0.0,0.0,0.0,,0.0,0.0,UNALLOCATED,INSUFFICIENT_GEOGRAPHIC_CAPACITY
SETTLEMENT_800290,Badrinathpuri (NP),57,2873,2873,,,,,0,0.0,0.0,0.0,0.0,0.0,,0.0,0.0,UNALLOCATED,INSUFFICIENT_GEOGRAPHIC_CAPACITY
SETTLEMENT_40892,Malari,57,2278,2278,,,,,0,0.0,0.0,0.0,0.0,0.0,,0.0,0.0,UNALLOCATED,INSUFFICIENT_GEOGRAPHIC_CAPACITY
SETTLEMENT_40828,Salud Dugra,57,1865,1865,,,,,0,0.0,0.0,0.0,0.0,0.0,,0.0,0.0,UNALLOCATED,INSUFFICIENT_GEOGRAPHIC_CAPACITY
SETTLEMENT_40817,Urgam,57,1825,1825,,,,,0,0.0,0.0,0.0,0.0,0.0,,0.0,0.0,UNALLOCATED,INSUFFICIENT_GEOGRAPHIC_CAPACITY
SETTLEMENT_40813,Pandukaswar,57,1645,1645,,,,,0,0.0,0.0,0.0,0.0,0.0,,0.0,0.0,UNALLOCATED,INSUFFICIENT_GEOGRAPHIC_CAPACITY
SETTLEMENT_40808,Mana,57,1430,1430,,,,,0,0.0,0.0,0.0,0.0,0.0,,0.0,0.0,UNALLOCATED,INSUFFICIENT_GEOGRAPHIC_CAPACITY
SETTLEMENT_40873,Topovan,57,1254,1254,,,,,0,0.0,0.0,0.0,0.0,0.0,,0.0,0.0,UNALLOCATED,INSUFFICIENT_GEOGRAPHIC_CAPACITY
SETTLEMENT_40810,Thaing,57,950,950,,,,,0,0.0,0.0,0.0,0.0,0.0,,0.0,0.0,UNALLOCATED,INSUFFICIENT_GEOGRAPHIC_CAPACITY
SETTLEMENT_40864,Bara gaon,57,933,933,,,,,0,0.0,0.0,0.0,0.0,0.0,,0.0,0.0,UNALLOCATED,INSUFFICIENT_GEOGRAPHIC_CAPACITY
SETTLEMENT_40824,Sailang,57,897,897,,,,,0,0.0,0.0,0.0,0.0,0.0,,0.0,0.0,UNALLOCATED,INSUFFICIENT_GEOGRAPHIC_CAPACITY
SETTLEMENT_40823,Paini,57,782,782,,,,,0,0.0,0.0,0.0,0.0,0.0,,0.0,0.0,UNALLOCATED,INSUFFICIENT_GEOGRAPHIC_CAPACITY
SETTLEMENT_40811,Arurhi Paturi,57,718,718,,,,,0,0.0,0.0,0.0,0.0,0.0,,0.0,0.0,UNALLOCATED,INSUFFICIENT_GEOGRAPHIC_CAPACITY
SETTLEMENT_40884,Subhai,57,670,670,,,,,0,0.0,0.0,0.0,0.0,0.0,,0.0,0.0,UNALLOCATED,INSUFFICIENT_GEOGRAPHIC_CAPACITY
SETTLEMENT_40822,Hailang,57,622,622,,,,,0,0.0,0.0,0.0,0.0,0.0,,0.0,0.0,UNALLOCATED,INSUFFICIENT_GEOGRAPHIC_CAPACITY
SETTLEMENT_40816,Chaien,57,608,608,,,,,0,0.0,0.0,0.0,0.0,0.0,,0.0,0.0,UNALLOCATED,INSUFFICIENT_GEOGRAPHIC_CAPACITY
SETTLEMENT_40863,Merag,57,531,531,,,,,0,0.0,0.0,0.0,0.0,0.0,,0.0,0.0,UNALLOCATED,INSUFFICIENT_GEOGRAPHIC_CAPACITY
SETTLEMENT_40834,Kimana,57,530,530,,,,,0,0.0,0.0,0.0,0.0,0.0,,0.0,0.0,UNALLOCATED,INSUFFICIENT_GEOGRAPHIC_CAPACITY
SETTLEMENT_40851,Ganai,57,530,530,,,,,0,0.0,0.0,0.0,0.0,0.0,,0.0,0.0,UNALLOCATED,INSUFFICIENT_GEOGRAPHIC_CAPACITY
SETTLEMENT_40850,Molta,57,521,521,,,,,0,0.0,0.0,0.0,0.0,0.0,,0.0,0.0,UNALLOCATED,INSUFFICIENT_GEOGRAPHIC_CAPACITY
SETTLEMENT_40856,Tolma,57,506,506,,,,,0,0.0,0.0,0.0,0.0,0.0,,0.0,0.0,UNALLOCATED,INSUFFICIENT_GEOGRAPHIC_CAPACITY
SETTLEMENT_40876,Karachhon,57,506,506,,,,,0,0.0,0.0,0.0,0.0,0.0,,0.0,0.0,UNALLOCATED,INSUFFICIENT_GEOGRAPHIC_CAPACITY
SETTLEMENT_40866,Dhak,57,497,497,,,,,0,0.0,0.0,0.0,0.0,0.0,,0.0,0.0,UNALLOCATED,INSUFFICIENT_GEOGRAPHIC_CAPACITY
SETTLEMENT_40841,Langsi,57,465,465,,,,,0,0.0,0.0,0.0,0.0,0.0,,0.0,0.0,UNALLOCATED,INSUFFICIENT_GEOGRAPHIC_CAPACITY
SETTLEMENT_40849,Pagnau,57,460,460,,,,,0,0.0,0.0,0.0,0.0,0.0,,0.0,0.0,UNALLOCATED,INSUFFICIENT_GEOGRAPHIC_CAPACITY
SETTLEMENT_40888,Gamsali,57,451,451,,,,,0,0.0,0.0,0.0,0.0,0.0,,0.0,0.0,UNALLOCATED,INSUFFICIENT_GEOGRAPHIC_CAPACITY
SETTLEMENT_40832,Palla,57,435,435,,,,,0,0.0,0.0,0.0,0.0,0.0,,0.0,0.0,UNALLOCATED,INSUFFICIENT_GEOGRAPHIC_CAPACITY
SETTLEMENT_40845,Pakhi,57,430,430,,,,,0,0.0,0.0,0.0,0.0,0.0,,0.0,0.0,UNALLOCATED,INSUFFICIENT_GEOGRAPHIC_CAPACITY
SETTLEMENT_40844,Jalgwar,57,424,424,,,,,0,0.0,0.0,0.0,0.0,0.0,,0.0,0.0,UNALLOCATED,INSUFFICIENT_GEOGRAPHIC_CAPACITY
SETTLEMENT_40840,Gulabkoti,57,419,419,,,,,0,0.0,0.0,0.0,0.0,0.0,,0.0,0.0,UNALLOCATED,INSUFFICIENT_GEOGRAPHIC_CAPACITY
SETTLEMENT_40830,Kalgoth,57,418,418,,,,,0,0.0,0.0,0.0,0.0,0.0,,0.0,0.0,UNALLOCATED,INSUFFICIENT_GEOGRAPHIC_CAPACITY
SETTLEMENT_40819,Bheta Chak Urgam,57,408,408,,,,,0,0.0,0.0,0.0,0.0,0.0,,0.0,0.0,UNALLOCATED,INSUFFICIENT_GEOGRAPHIC_CAPACITY
SETTLEMENT_40870,Karchi,57,386,386,,,,,0,0.0,0.0,0.0,0.0,0.0,,0.0,0.0,UNALLOCATED,INSUFFICIENT_GEOGRAPHIC_CAPACITY
SETTLEMENT_40829,Dumak,57,366,366,,,,,0,0.0,0.0,0.0,0.0,0.0,,0.0,0.0,UNALLOCATED,INSUFFICIENT_GEOGRAPHIC_CAPACITY
SETTLEMENT_40880,Lata,57,359,359,,,,,0,0.0,0.0,0.0,0.0,0.0,,0.0,0.0,UNALLOCATED,INSUFFICIENT_GEOGRAPHIC_CAPACITY
SETTLEMENT_40843,Tangni malli,57,358,358,,,,,0,0.0,0.0,0.0,0.0,0.0,,0.0,0.0,UNALLOCATED,INSUFFICIENT_GEOGRAPHIC_CAPACITY
SETTLEMENT_40896,Kosa,57,356,356,,,,,0,0.0,0.0,0.0,0.0,0.0,,0.0,0.0,UNALLOCATED,INSUFFICIENT_GEOGRAPHIC_CAPACITY
SETTLEMENT_40826,Auli Laga Joshimath,57,352,352,,,,,0,0.0,0.0,0.0,0.0,0.0,,0.0,0.0,UNALLOCATED,INSUFFICIENT_GEOGRAPHIC_CAPACITY
SETTLEMENT_40814,Pulana Chak Bhyudar,57,336,336,,,,,0,0.0,0.0,0.0,0.0,0.0,,0.0,0.0,UNALLOCATED,INSUFFICIENT_GEOGRAPHIC_CAPACITY
SETTLEMENT_40886,Ringi,57,322,322,,,,,0,0.0,0.0,0.0,0.0,0.0,,0.0,0.0,UNALLOCATED,INSUFFICIENT_GEOGRAPHIC_CAPACITY
SETTLEMENT_40891,Mahargaon,57,317,317,,,,,0,0.0,0.0,0.0,0.0,0.0,,0.0,0.0,UNALLOCATED,INSUFFICIENT_GEOGRAPHIC_CAPACITY
SETTLEMENT_40885,Raini Chak Subhai,57,304,304,,,,,0,0.0,0.0,0.0,0.0,0.0,,0.0,0.0,UNALLOCATED,INSUFFICIENT_GEOGRAPHIC_CAPACITY
SETTLEMENT_40890,Gurguti,57,295,295,,,,,0,0.0,0.0,0.0,0.0,0.0,,0.0,0.0,UNALLOCATED,INSUFFICIENT_GEOGRAPHIC_CAPACITY
SETTLEMENT_40835,Pokhani Urf Pokhari,57,289,289,,,,,0,0.0,0.0,0.0,0.0,0.0,,0.0,0.0,UNALLOCATED,INSUFFICIENT_GEOGRAPHIC_CAPACITY
SETTLEMENT_40875,Bhangyul,57,284,284,,,,,0,0.0,0.0,0.0,0.0,0.0,,0.0,0.0,UNALLOCATED,INSUFFICIENT_GEOGRAPHIC_CAPACITY
SETTLEMENT_40820,Lyari Thana,57,279,279,,,,,0,0.0,0.0,0.0,0.0,0.0,,0.0,0.0,UNALLOCATED,INSUFFICIENT_GEOGRAPHIC_CAPACITY
SETTLEMENT_40842,Tangni talli,57,273,273,,,,,0,0.0,0.0,0.0,0.0,0.0,,0.0,0.0,UNALLOCATED,INSUFFICIENT_GEOGRAPHIC_CAPACITY
SETTLEMENT_40868,Tugasi,57,271,271,,,,,0,0.0,0.0,0.0,0.0,0.0,,0.0,0.0,UNALLOCATED,INSUFFICIENT_GEOGRAPHIC_CAPACITY
SETTLEMENT_40897,Jalam,57,264,264,,,,,0,0.0,0.0,0.0,0.0,0.0,,0.0,0.0,UNALLOCATED,INSUFFICIENT_GEOGRAPHIC_CAPACITY
SETTLEMENT_40833,Jakhola,57,237,237,,,,,0,0.0,0.0,0.0,0.0,0.0,,0.0,0.0,UNALLOCATED,INSUFFICIENT_GEOGRAPHIC_CAPACITY
SETTLEMENT_40895,Farkiagaon,57,232,232,,,,,0,,,,,,,,0.0,UNALLOCATED,SOURCE_COORDINATES_UNAVAILABLE
SETTLEMENT_40887,Bampa,57,226,226,,,,,0,0.0,0.0,0.0,0.0,0.0,,0.0,0.0,UNALLOCATED,INSUFFICIENT_GEOGRAPHIC_CAPACITY
SETTLEMENT_40867,Kundikhola,57,212,212,,,,,0,0.0,0.0,0.0,0.0,0.0,,0.0,0.0,UNALLOCATED,INSUFFICIENT_GEOGRAPHIC_CAPACITY
SETTLEMENT_40857,Sukhi,57,205,205,,,,,0,0.0,0.0,0.0,0.0,0.0,,0.0,0.0,UNALLOCATED,INSUFFICIENT_GEOGRAPHIC_CAPACITY
SETTLEMENT_40836,Lanji,57,201,201,,,,,0,0.0,0.0,0.0,0.0,0.0,,0.0,0.0,UNALLOCATED,INSUFFICIENT_GEOGRAPHIC_CAPACITY
SETTLEMENT_40852,Bhalgaon,57,197,197,,,,,0,0.0,0.0,0.0,0.0,0.0,,0.0,0.0,UNALLOCATED,INSUFFICIENT_GEOGRAPHIC_CAPACITY
SETTLEMENT_40893,Kailashpur,57,186,186,,,,,0,0.0,0.0,0.0,0.0,0.0,,0.0,0.0,UNALLOCATED,INSUFFICIENT_GEOGRAPHIC_CAPACITY
SETTLEMENT_40846,Marwadi Chak Pakhi,57,185,185,,,,,0,0.0,0.0,0.0,0.0,0.0,,0.0,0.0,UNALLOCATED,INSUFFICIENT_GEOGRAPHIC_CAPACITY
SETTLEMENT_40881,Raini Chak Lata,57,171,171,,,,,0,0.0,0.0,0.0,0.0,0.0,,0.0,0.0,UNALLOCATED,INSUFFICIENT_GEOGRAPHIC_CAPACITY
SETTLEMENT_40865,Payya chormi,57,158,158,,,,,0,0.0,0.0,0.0,0.0,0.0,,0.0,0.0,UNALLOCATED,INSUFFICIENT_GEOGRAPHIC_CAPACITY
SETTLEMENT_40818,Bharkichak-Urgam,57,157,157,,,,,0,0.0,0.0,0.0,0.0,0.0,,0.0,0.0,UNALLOCATED,INSUFFICIENT_GEOGRAPHIC_CAPACITY
SETTLEMENT_40821,Salna Chak Urgam,57,151,151,,,,,0,0.0,0.0,0.0,0.0,0.0,,0.0,0.0,UNALLOCATED,INSUFFICIENT_GEOGRAPHIC_CAPACITY
SETTLEMENT_40838,Dwing,57,150,150,,,,,0,0.0,0.0,0.0,0.0,0.0,,0.0,0.0,UNALLOCATED,INSUFFICIENT_GEOGRAPHIC_CAPACITY
SETTLEMENT_40882,Pang Chak Lata,57,147,147,,,,,0,,,,,,,,0.0,UNALLOCATED,SOURCE_COORDINATES_UNAVAILABLE
SETTLEMENT_40872,Chamtoli,57,144,144,,,,,0,0.0,0.0,0.0,0.0,0.0,,0.0,0.0,UNALLOCATED,INSUFFICIENT_GEOGRAPHIC_CAPACITY
SETTLEMENT_40848,Noligwar,57,132,132,,,,,0,0.0,0.0,0.0,0.0,0.0,,0.0,0.0,UNALLOCATED,INSUFFICIENT_GEOGRAPHIC_CAPACITY
SETTLEMENT_40853,Longsagari,57,118,118,,,,,0,0.0,0.0,0.0,0.0,0.0,,0.0,0.0,UNALLOCATED,INSUFFICIENT_GEOGRAPHIC_CAPACITY
SETTLEMENT_40869,Raigari,57,114,114,,,,,0,0.0,0.0,0.0,0.0,0.0,,0.0,0.0,UNALLOCATED,INSUFFICIENT_GEOGRAPHIC_CAPACITY
SETTLEMENT_40871,Bilagar,57,114,114,,,,,0,0.0,0.0,0.0,0.0,0.0,,0.0,0.0,UNALLOCATED,INSUFFICIENT_GEOGRAPHIC_CAPACITY
SETTLEMENT_40900,Kaga Laga Dronagiri,57,114,114,,,,,0,0.0,0.0,0.0,0.0,0.0,,0.0,0.0,UNALLOCATED,INSUFFICIENT_GEOGRAPHIC_CAPACITY
SETTLEMENT_40847,Darmi,57,112,112,,,,,0,0.0,0.0,0.0,0.0,0.0,,0.0,0.0,UNALLOCATED,INSUFFICIENT_GEOGRAPHIC_CAPACITY
SETTLEMENT_40839,Tapon,57,108,108,,,,,0,0.0,0.0,0.0,0.0,0.0,,0.0,0.0,UNALLOCATED,INSUFFICIENT_GEOGRAPHIC_CAPACITY
SETTLEMENT_40902,Dronagiri,57,108,108,,,,,0,0.0,0.0,0.0,0.0,0.0,,0.0,0.0,UNALLOCATED,INSUFFICIENT_GEOGRAPHIC_CAPACITY
SETTLEMENT_40809,Khiron,57,106,106,,,,,0,0.0,0.0,0.0,0.0,0.0,,0.0,0.0,UNALLOCATED,INSUFFICIENT_GEOGRAPHIC_CAPACITY
SETTLEMENT_40898,Jumma,57,92,92,,,,,0,0.0,0.0,0.0,0.0,0.0,,0.0,0.0,UNALLOCATED,INSUFFICIENT_GEOGRAPHIC_CAPACITY
SETTLEMENT_40901,Garpak,57,78,78,,,,,0,0.0,0.0,0.0,0.0,0.0,,0.0,0.0,UNALLOCATED,INSUFFICIENT_GEOGRAPHIC_CAPACITY
SETTLEMENT_40812,Bhyudar,57,72,72,,,,,0,0.0,0.0,0.0,0.0,0.0,,0.0,0.0,UNALLOCATED,INSUFFICIENT_GEOGRAPHIC_CAPACITY
SETTLEMENT_40878,Juwagwar,57,70,70,,,,,0,0.0,0.0,0.0,0.0,0.0,,0.0,0.0,UNALLOCATED,INSUFFICIENT_GEOGRAPHIC_CAPACITY
SETTLEMENT_40855,Pagrasu,57,66,66,,,,,0,0.0,0.0,0.0,0.0,0.0,,0.0,0.0,UNALLOCATED,INSUFFICIENT_GEOGRAPHIC_CAPACITY
SETTLEMENT_40874,Gahar,57,59,59,,,,,0,0.0,0.0,0.0,0.0,0.0,,0.0,0.0,UNALLOCATED,INSUFFICIENT_GEOGRAPHIC_CAPACITY
SETTLEMENT_40889,Niti,57,55,55,,,,,0,0.0,0.0,0.0,0.0,0.0,,0.0,0.0,UNALLOCATED,INSUFFICIENT_GEOGRAPHIC_CAPACITY
SETTLEMENT_40831,Uchougaur,57,54,54,,,,,0,0.0,0.0,0.0,0.0,0.0,,0.0,0.0,UNALLOCATED,INSUFFICIENT_GEOGRAPHIC_CAPACITY
SETTLEMENT_40815,Toli Laga Chiae,57,53,53,,,,,0,0.0,0.0,0.0,0.0,0.0,,0.0,0.0,UNALLOCATED,INSUFFICIENT_GEOGRAPHIC_CAPACITY
SETTLEMENT_40837,Tirosi,57,51,51,,,,,0,0.0,0.0,0.0,0.0,0.0,,0.0,0.0,UNALLOCATED,INSUFFICIENT_GEOGRAPHIC_CAPACITY
SETTLEMENT_40879,Jugaju chak lata,57,42,42,,,,,0,0.0,0.0,0.0,0.0,0.0,,0.0,0.0,UNALLOCATED,INSUFFICIENT_GEOGRAPHIC_CAPACITY
SETTLEMENT_40858,Kuraipani,57,33,33,,,,,0,0.0,0.0,0.0,0.0,0.0,,0.0,0.0,UNALLOCATED,INSUFFICIENT_GEOGRAPHIC_CAPACITY
SETTLEMENT_40883,Morana Chak Subhai,57,27,27,,,,,0,0.0,0.0,0.0,0.0,0.0,,0.0,0.0,UNALLOCATED,INSUFFICIENT_GEOGRAPHIC_CAPACITY
SETTLEMENT_40859,Aira,57,25,25,,,,,0,0.0,0.0,0.0,0.0,0.0,,0.0,0.0,UNALLOCATED,INSUFFICIENT_GEOGRAPHIC_CAPACITY
SETTLEMENT_40825,Gaunkh Laga Sailang,57,18,18,,,,,0,0.0,0.0,0.0,0.0,0.0,,0.0,0.0,UNALLOCATED,INSUFFICIENT_GEOGRAPHIC_CAPACITY
SETTLEMENT_40861,Khancha talla,57,15,15,,,,,0,0.0,0.0,0.0,0.0,0.0,,0.0,0.0,UNALLOCATED,INSUFFICIENT_GEOGRAPHIC_CAPACITY
SETTLEMENT_40862,Khancha malla,57,14,14,,,,,0,0.0,0.0,0.0,0.0,0.0,,0.0,0.0,UNALLOCATED,INSUFFICIENT_GEOGRAPHIC_CAPACITY
SETTLEMENT_40827,Auli Laga Salud Dugra,57,2,2,,,,,0,0.0,0.0,0.0,0.0,0.0,,0.0,0.0,UNALLOCATED,INSUFFICIENT_GEOGRAPHIC_CAPACITY
SETTLEMENT_40903,F-1,57,2,2,,,,,0,0.0,0.0,0.0,0.0,0.0,,0.0,0.0,UNALLOCATED,INSUFFICIENT_GEOGRAPHIC_CAPACITY
