settlement_id,settlement_name,STATE,DISTRICT,SUBDISTT,TOWN/VILLAGE,WARD,LEVEL,settlement_type,NO_HH,households,TOT_P,TOT_M,TOT_F,population_2011,population,population_growth,population_growth_pct,POPULATION_YEAR,SOURCE,NAME_CLEAN,latitude,longitude,coordinate_source,coordinate_confidence,matched_address,geocoding_query
SETTLEMENT_40808,Mana,5,57,284,40808,0,VILLAGE,Rural,558,558,1214,731,483,1214,1430,216,17.792421746293247,2011,Census of India - Population Census 2011,MANA,30.9671228,79.4109692,OpenStreetMap Nominatim,MEDIUM,"Mana, Joshimath Tehsil, Chamoli, Uttarakhand, India","Mana, Joshimath, Chamoli, Uttarakhand, India"
SETTLEMENT_40809,Khiron,5,57,284,40809,0,VILLAGE,Rural,30,30,90,47,43,90,106,16,17.77777777777778,2011,Census of India - Population Census 2011,KHIRON,,,MISSING,MISSING,,
SETTLEMENT_40810,Thaing,5,57,284,40810,0,VILLAGE,Rural,165,165,806,405,401,806,950,144,17.866004962779154,2011,Census of India - Population Census 2011,THAING,30.5667243,79.5096105,OpenStreetMap Nominatim,MEDIUM,"Thaing, Joshimath Tehsil, Chamoli, Uttarakhand, India","Thaing, Joshimath, Chamoli, Uttarakhand, India"
SETTLEMENT_40811,Arurhi Paturi,5,57,284,40811,0,VILLAGE,Rural,132,132,609,307,302,609,718,109,17.898193760262725,2011,Census of India - Population Census 2011,ARURHI PATURI,,,MISSING,MISSING,,
SETTLEMENT_40812,Bhyudar,5,57,284,40812,0,VILLAGE,Rural,11,11,61,33,28,61,72,11,18.0327868852459,2011,Census of India - Population Census 2011,BHYUDAR,30.674709,79.5913479,OpenStreetMap Nominatim,MEDIUM,"Bhyudar, Joshimath Tehsil, Chamoli, Uttarakhand, India","Bhyudar, Joshimath, Chamoli, Uttarakhand, India"
SETTLEMENT_40813,Pandukaswar,5,57,284,40813,0,VILLAGE,Rural,312,312,1396,711,685,1396,1645,249,17.836676217765042,2011,Census of India - Population Census 2011,PANDUKASWAR,,,MISSING,MISSING,,
SETTLEMENT_40814,Pulana Chak Bhyudar,5,57,284,40814,0,VILLAGE,Rural,55,55,285,135,150,285,336,51,17.894736842105264,2011,Census of India - Population Census 2011,PULANA CHAK BHYUDAR,,,MISSING,MISSING,,
SETTLEMENT_40815,Toli Laga Chiae,5,57,284,40815,0,VILLAGE,Rural,11,11,45,31,14,45,53,8,17.77777777777778,2011,Census of India - Population Census 2011,TOLI LAGA CHIAE,,,MISSING,MISSING,,
SETTLEMENT_40816,Chaien,5,57,284,40816,0,VILLAGE,Rural,118,118,516,276,240,516,608,92,17.829457364341085,2011,Census of India - Population Census 2011,CHAIEN,,,MISSING,MISSING,,
SETTLEMENT_40817,Urgam,5,57,284,40817,0,VILLAGE,Rural,313,313,1549,778,771,1549,1825,276,17.817947062621045,2011,Census of India - Population Census 2011,URGAM,30.5400882,79.4566318,OpenStreetMap Nominatim,MEDIUM,"Urgam, Joshimath Tehsil, Chamoli, Uttarakhand, India","Urgam, Joshimath, Chamoli, Uttarakhand, India"
SETTLEMENT_40818,Bharkichak-Urgam,5,57,284,40818,0,VILLAGE,Rural,26,26,133,72,61,133,157,24,18.045112781954884,2011,Census of India - Population Census 2011,BHARKICHAK-URGAM,,,MISSING,MISSING,,
SETTLEMENT_40819,Bheta Chak Urgam,5,57,284,40819,0,VILLAGE,Rural,67,67,346,183,163,346,408,62,17.91907514450867,2011,Census of India - Population Census 2011,BHETA CHAK URGAM,,,MISSING,MISSING,,
SETTLEMENT_40820,Lyari Thana,5,57,284,40820,0,VILLAGE,Rural,55,55,237,130,107,237,279,42,17.72151898734177,2011,Census of India - Population Census 2011,LYARI THANA,,,MISSING,MISSING,,
SETTLEMENT_40821,Salna Chak Urgam,5,57,284,40821,0,VILLAGE,Rural,31,31,128,69,59,128,151,23,17.96875,2011,Census of India - Population Census 2011,SALNA CHAK URGAM,,,MISSING,MISSING,,
SETTLEMENT_40822,Hailang,5,57,284,40822,0,VILLAGE,Rural,121,121,528,307,221,528,622,94,17.803030303030305,2011,Census of India - Population Census 2011,HAILANG,,,MISSING,MISSING,,
SETTLEMENT_40823,Paini,5,57,284,40823,0,VILLAGE,Rural,153,153,664,369,295,664,782,118,17.771084337349397,2011,Census of India - Population Census 2011,PAINI,30.3051559,79.2328399,OpenStreetMap Nominatim,MEDIUM,"Paini Palli, Pokhari, Chamoli, Uttarakhand, 246446, India","Paini, Chamoli, Uttarakhand, India"
SETTLEMENT_40824,Sailang,5,57,284,40824,0,VILLAGE,Rural,150,150,761,416,345,761,897,136,17.871222076215506,2011,Census of India - Population Census 2011,SAILANG,,,MISSING,MISSING,,
SETTLEMENT_40825,Gaunkh Laga Sailang,5,57,284,40825,0,VILLAGE,Rural,8,8,15,10,5,15,18,3,20.0,2011,Census of India - Population Census 2011,GAUNKH LAGA SAILANG,,,MISSING,MISSING,,
SETTLEMENT_40826,Auli Laga Joshimath,5,57,284,40826,0,VILLAGE,Rural,36,36,299,254,45,299,352,53,17.725752508361204,2011,Census of India - Population Census 2011,AULI LAGA JOSHIMATH,,,MISSING,MISSING,,
SETTLEMENT_40827,Auli Laga Salud Dugra,5,57,284,40827,0,VILLAGE,Rural,1,1,2,2,0,2,2,0,0.0,2011,Census of India - Population Census 2011,AULI LAGA SALUD DUGRA,,,MISSING,MISSING,,
SETTLEMENT_40828,Salud Dugra,5,57,284,40828,0,VILLAGE,Rural,386,386,1583,801,782,1583,1865,282,17.814276689829438,2011,Census of India - Population Census 2011,SALUD DUGRA,,,MISSING,MISSING,,
SETTLEMENT_40829,Dumak,5,57,284,40829,0,VILLAGE,Rural,68,68,311,151,160,311,366,55,17.684887459807076,2011,Census of India - Population Census 2011,DUMAK,30.5072396,79.3831468,OpenStreetMap Nominatim,MEDIUM,"Dumak, Joshimath Tehsil, Chamoli, Uttarakhand, India","Dumak, Joshimath, Chamoli, Uttarakhand, India"
SETTLEMENT_40830,Kalgoth,5,57,284,40830,0,VILLAGE,Rural,70,70,355,176,179,355,418,63,17.74647887323944,2011,Census of India - Population Census 2011,KALGOTH,30.516532,79.415042,OpenStreetMap Nominatim,MEDIUM,"Kalgoth, Joshimath Tehsil, Chamoli, Uttarakhand, India","Kalgoth, Joshimath, Chamoli, Uttarakhand, India"
SETTLEMENT_40831,Uchougaur,5,57,284,40831,0,VILLAGE,Rural,11,11,46,24,22,46,54,8,17.391304347826086,2011,Census of India - Population Census 2011,UCHOUGAUR,,,MISSING,MISSING,,
SETTLEMENT_40832,Palla,5,57,284,40832,0,VILLAGE,Rural,72,72,369,180,189,369,435,66,17.88617886178862,2011,Census of India - Population Census 2011,PALLA,30.5122953,79.4720821,OpenStreetMap Nominatim,MEDIUM,"Palla, Kimana, Joshimath Tehsil, Chamoli, Uttarakhand, India","Palla, Joshimath, Chamoli, Uttarakhand, India"
SETTLEMENT_40833,Jakhola,5,57,284,40833,0,VILLAGE,Rural,40,40,201,96,105,201,237,36,17.91044776119403,2011,Census of India - Population Census 2011,JAKHOLA,29.442438,79.9053669,OpenStreetMap Nominatim,MEDIUM,"Jakhola, Dungra, Pati, Champawat, Uttarakhand, 262580, India","Jakhola, Uttarakhand, India"
SETTLEMENT_40834,Kimana,5,57,284,40834,0,VILLAGE,Rural,100,100,450,227,223,450,530,80,17.77777777777778,2011,Census of India - Population Census 2011,KIMANA,30.4978872,79.4523689,OpenStreetMap Nominatim,MEDIUM,"Kimana, Joshimath Tehsil, Chamoli, Uttarakhand, 246472, India","Kimana, Joshimath, Chamoli, Uttarakhand, India"
SETTLEMENT_40835,Pokhani Urf Pokhari,5,57,284,40835,0,VILLAGE,Rural,54,54,245,117,128,245,289,44,17.959183673469386,2011,Census of India - Population Census 2011,POKHANI URF POKHARI,,,MISSING,MISSING,,
SETTLEMENT_40836,Lanji,5,57,284,40836,0,VILLAGE,Rural,27,27,171,85,86,171,201,30,17.543859649122805,2011,Census of India - Population Census 2011,LANJI,30.480797,79.4483104,OpenStreetMap Nominatim,MEDIUM,"Lanji, Garurganga, Joshimath Tehsil, Chamoli, Uttarakhand, 246472, India","Lanji, Joshimath, Chamoli, Uttarakhand, India"
SETTLEMENT_40837,Tirosi,5,57,284,40837,0,VILLAGE,Rural,8,8,43,21,22,43,51,8,18.6046511627907,2011,Census of India - Population Census 2011,TIROSI,30.4767634,79.4639175,OpenStreetMap Nominatim,MEDIUM,"SubCentre, Tirosi, NH7, Tangi Talli, Langsi, Chamoli, Uttarakhand, 246472, India","Tirosi, Joshimath, Chamoli, Uttarakhand, India"
SETTLEMENT_40838,Dwing,5,57,284,40838,0,VILLAGE,Rural,30,30,127,62,65,127,150,23,18.11023622047244,2011,Census of India - Population Census 2011,DWING,30.4886522,79.4620501,OpenStreetMap Nominatim,MEDIUM,"Dwing, Kimana, Joshimath Tehsil, Chamoli, Uttarakhand, 246472, India","Dwing, Joshimath, Chamoli, Uttarakhand, India"
SETTLEMENT_40839,Tapon,5,57,284,40839,0,VILLAGE,Rural,24,24,92,51,41,92,108,16,17.391304347826086,2011,Census of India - Population Census 2011,TAPON,,,MISSING,MISSING,,
SETTLEMENT_40840,Gulabkoti,5,57,284,40840,0,VILLAGE,Rural,81,81,356,179,177,356,419,63,17.696629213483146,2011,Census of India - Population Census 2011,GULABKOTI,30.5046348,79.4916067,OpenStreetMap Nominatim,MEDIUM,"Gulabkoti, Pagnau, Joshimath Tehsil, Chamoli, Uttarakhand, 246472, India","Gulabkoti, Joshimath, Chamoli, Uttarakhand, India"
SETTLEMENT_40841,Langsi,5,57,284,40841,0,VILLAGE,Rural,102,102,395,218,177,395,465,70,17.72151898734177,2011,Census of India - Population Census 2011,LANGSI,30.4933697,79.4792409,OpenStreetMap Nominatim,MEDIUM,"Langsi, Joshimath Tehsil, Chamoli, Uttarakhand, 246472, India","Langsi, Joshimath, Chamoli, Uttarakhand, India"
SETTLEMENT_40842,Tangni talli,5,57,284,40842,0,VILLAGE,Rural,59,59,232,120,112,232,273,41,17.67241379310345,2011,Census of India - Population Census 2011,TANGNI TALLI,,,MISSING,MISSING,,
SETTLEMENT_40843,Tangni malli,5,57,284,40843,0,VILLAGE,Rural,73,73,304,151,153,304,358,54,17.763157894736842,2011,Census of India - Population Census 2011,TANGNI MALLI,,,MISSING,MISSING,,
SETTLEMENT_40844,Jalgwar,5,57,284,40844,0,VILLAGE,Rural,77,77,360,185,175,360,424,64,17.77777777777778,2011,Census of India - Population Census 2011,JALGWAR,,,MISSING,MISSING,,
SETTLEMENT_40845,Pakhi,5,57,284,40845,0,VILLAGE,Rural,96,96,365,184,181,365,430,65,17.80821917808219,2011,Census of India - Population Census 2011,PAKHI,30.4656853,79.4513854,OpenStreetMap Nominatim,MEDIUM,"Pakhi, NH7, Garurganga, Joshimath Tehsil, Chamoli, Uttarakhand, 246472, India","Pakhi, Joshimath, Chamoli, Uttarakhand, India"
SETTLEMENT_40846,Marwadi Chak Pakhi,5,57,284,40846,0,VILLAGE,Rural,31,31,157,109,48,157,185,28,17.8343949044586,2011,Census of India - Population Census 2011,MARWADI CHAK PAKHI,,,MISSING,MISSING,,
SETTLEMENT_40847,Darmi,5,57,284,40847,0,VILLAGE,Rural,19,19,95,51,44,95,112,17,17.894736842105264,2011,Census of India - Population Census 2011,DARMI,30.4620539,79.4908905,OpenStreetMap Nominatim,MEDIUM,"Darmi Ganga, Darni, Ganaj, Joshimath Tehsil, Chamoli, Uttarakhand, India","Darmi, Joshimath, Chamoli, Uttarakhand, India"
SETTLEMENT_40848,Noligwar,5,57,284,40848,0,VILLAGE,Rural,25,25,112,54,58,112,132,20,17.857142857142858,2011,Census of India - Population Census 2011,NOLIGWAR,,,MISSING,MISSING,,
SETTLEMENT_40849,Pagnau,5,57,284,40849,0,VILLAGE,Rural,94,94,390,188,202,390,460,70,17.94871794871795,2011,Census of India - Population Census 2011,PAGNAU,30.4945351,79.4962988,OpenStreetMap Nominatim,MEDIUM,"Pagnau, Joshimath Tehsil, Chamoli, Uttarakhand, 246472, India","Pagnau, Joshimath, Chamoli, Uttarakhand, India"
SETTLEMENT_40850,Molta,5,57,284,40850,0,VILLAGE,Rural,92,92,442,222,220,442,521,79,17.873303167420815,2011,Census of India - Population Census 2011,MOLTA,30.4831116,79.5207657,OpenStreetMap Nominatim,MEDIUM,"Molta, Joshimath Tehsil, Chamoli, Uttarakhand, India","Molta, Joshimath, Chamoli, Uttarakhand, India"
SETTLEMENT_40851,Ganai,5,57,284,40851,0,VILLAGE,Rural,107,107,450,240,210,450,530,80,17.77777777777778,2011,Census of India - Population Census 2011,GANAI,30.4729745,79.5020465,OpenStreetMap Nominatim,MEDIUM,"SubCentre, Ganai, NH7, Lapon, Langsi, Chamoli, Uttarakhand, 246472, India","Ganai, Joshimath, Chamoli, Uttarakhand, India"
SETTLEMENT_40852,Bhalgaon,5,57,284,40852,0,VILLAGE,Rural,42,42,167,76,91,167,197,30,17.964071856287426,2011,Census of India - Population Census 2011,BHALGAON,29.8803893,78.6039167,OpenStreetMap Nominatim,MEDIUM,"Bhalgaon, Dādāmandi, Kotdwara, Pauri Garhwal, Uttarakhand, 246124, India","Bhalgaon, Uttarakhand, India"
SETTLEMENT_40853,Longsagari,5,57,284,40853,0,VILLAGE,Rural,27,27,100,56,44,100,118,18,18.0,2011,Census of India - Population Census 2011,LONGSAGARI,,,MISSING,MISSING,,
SETTLEMENT_40854,Fagti,5,57,284,40854,0,VILLAGE,Rural,0,0,0,0,0,0,0,0,0.0,2011,Census of India - Population Census 2011,FAGTI,,,MISSING,MISSING,,
SETTLEMENT_40855,Pagrasu,5,57,284,40855,0,VILLAGE,Rural,20,20,56,27,29,56,66,10,17.857142857142858,2011,Census of India - Population Census 2011,PAGRASU,,,MISSING,MISSING,,
SETTLEMENT_40856,Tolma,5,57,284,40856,0,VILLAGE,Rural,74,74,429,299,130,429,506,77,17.94871794871795,2011,Census of India - Population Census 2011,TOLMA,30.5239133,79.752224,OpenStreetMap Nominatim,MEDIUM,"Tolma, Suraithota, Joshimath Tehsil, Chamoli, Uttarakhand, India","Tolma, Joshimath, Chamoli, Uttarakhand, India"
SETTLEMENT_40857,Sukhi,5,57,284,40857,0,VILLAGE,Rural,43,43,174,88,86,174,205,31,17.81609195402299,2011,Census of India - Population Census 2011,SUKHI,29.0909403,79.6452725,OpenStreetMap Nominatim,MEDIUM,"Sukhi Nadi, Lakhanpur, Lalkuan, Nainital, Uttarakhand, India","Sukhi, Uttarakhand, India"
SETTLEMENT_40858,Kuraipani,5,57,284,40858,0,VILLAGE,Rural,8,8,28,17,11,28,33,5,17.857142857142858,2011,Census of India - Population Census 2011,KURAIPANI,30.5147004,79.7203934,OpenStreetMap Nominatim,MEDIUM,"Kuraipani, Balgaon, Joshimath Tehsil, Chamoli, Uttarakhand, India","Kuraipani, Joshimath, Chamoli, Uttarakhand, India"
SETTLEMENT_40859,Aira,5,57,284,40859,0,VILLAGE,Rural,5,5,21,11,10,21,25,4,19.047619047619047,2011,Census of India - Population Census 2011,AIRA,30.5416843,79.6190808,OpenStreetMap Nominatim,MEDIUM,"Aira, Joshimath Tehsil, Chamoli, Uttarakhand, 246443, India","Aira, Joshimath, Chamoli, Uttarakhand, India"
SETTLEMENT_40860,Inara,5,57,284,40860,0,VILLAGE,Rural,0,0,0,0,0,0,0,0,0.0,2011,Census of India - Population Census 2011,INARA,,,MISSING,MISSING,,
SETTLEMENT_40861,Khancha talla,5,57,284,40861,0,VILLAGE,Rural,2,2,13,6,7,13,15,2,15.384615384615383,2011,Census of India - Population Census 2011,KHANCHA TALLA,,,MISSING,MISSING,,
SETTLEMENT_40862,Khancha malla,5,57,284,40862,0,VILLAGE,Rural,3,3,12,6,6,12,14,2,16.666666666666664,2011,Census of India - Population Census 2011,KHANCHA MALLA,,,MISSING,MISSING,,
SETTLEMENT_40863,Merag,5,57,284,40863,0,VILLAGE,Rural,100,100,451,231,220,451,531,80,17.738359201773836,2011,Census of India - Population Census 2011,MERAG,,,MISSING,MISSING,,
SETTLEMENT_40864,Bara gaon,5,57,284,40864,0,VILLAGE,Rural,195,195,792,394,398,792,933,141,17.803030303030305,2011,Census of India - Population Census 2011,BARA GAON,,,MISSING,MISSING,,
SETTLEMENT_40865,Payya chormi,5,57,284,40865,0,VILLAGE,Rural,30,30,134,67,67,134,158,24,17.91044776119403,2011,Census of India - Population Census 2011,PAYYA CHORMI,,,MISSING,MISSING,,
SETTLEMENT_40866,Dhak,5,57,284,40866,0,VILLAGE,Rural,99,99,422,215,207,422,497,75,17.77251184834123,2011,Census of India - Population Census 2011,DHAK,30.498861,79.6113429,OpenStreetMap Nominatim,MEDIUM,"Dhak, Joshimath Tehsil, Chamoli, Uttarakhand, India","Dhak, Joshimath, Chamoli, Uttarakhand, India"
SETTLEMENT_40867,Kundikhola,5,57,284,40867,0,VILLAGE,Rural,42,42,180,88,92,180,212,32,17.77777777777778,2011,Census of India - Population Census 2011,KUNDIKHOLA,,,MISSING,MISSING,,
SETTLEMENT_40868,Tugasi,5,57,284,40868,0,VILLAGE,Rural,44,44,230,116,114,230,271,41,17.82608695652174,2011,Census of India - Population Census 2011,TUGASI,30.4822562,79.5981038,OpenStreetMap Nominatim,MEDIUM,"Tugasi, Joshimath Tehsil, Chamoli, Uttarakhand, India","Tugasi, Joshimath, Chamoli, Uttarakhand, India"
SETTLEMENT_40869,Raigari,5,57,284,40869,0,VILLAGE,Rural,24,24,97,48,49,97,114,17,17.525773195876287,2011,Census of India - Population Census 2011,RAIGARI,,,MISSING,MISSING,,
SETTLEMENT_40870,Karchi,5,57,284,40870,0,VILLAGE,Rural,68,68,328,158,170,328,386,58,17.682926829268293,2011,Census of India - Population Census 2011,KARCHI,30.4830375,79.6077382,OpenStreetMap Nominatim,MEDIUM,"Karchi, Joshimath Tehsil, Chamoli, Uttarakhand, India","Karchi, Joshimath, Chamoli, Uttarakhand, India"
SETTLEMENT_40871,Bilagar,5,57,284,40871,0,VILLAGE,Rural,26,26,97,46,51,97,114,17,17.525773195876287,2011,Census of India - Population Census 2011,BILAGAR,,,MISSING,MISSING,,
SETTLEMENT_40872,Chamtoli,5,57,284,40872,0,VILLAGE,Rural,25,25,122,77,45,122,144,22,18.0327868852459,2011,Census of India - Population Census 2011,CHAMTOLI,30.5001965,79.6167121,OpenStreetMap Nominatim,MEDIUM,"Chamtoli, Joshimath Tehsil, Chamoli, Uttarakhand, India","Chamtoli, Joshimath, Chamoli, Uttarakhand, India"
SETTLEMENT_40873,Topovan,5,57,284,40873,0,VILLAGE,Rural,270,270,1064,605,459,1064,1254,190,17.857142857142858,2011,Census of India - Population Census 2011,TOPOVAN,,,MISSING,MISSING,,
SETTLEMENT_40874,Gahar,5,57,284,40874,0,VILLAGE,Rural,11,11,50,28,22,50,59,9,18.0,2011,Census of India - Population Census 2011,GAHAR,30.0111388,78.7947392,OpenStreetMap Nominatim,MEDIUM,"gahar, Pauri, Pauri Garhwal, Uttarakhand, 246167, India","Gahar, Uttarakhand, India"
SETTLEMENT_40875,Bhangyul,5,57,284,40875,0,VILLAGE,Rural,48,48,241,124,117,241,284,43,17.842323651452283,2011,Census of India - Population Census 2011,BHANGYUL,30.4956893,79.6321168,OpenStreetMap Nominatim,MEDIUM,"Bhangyul, Tapoban, Joshimath Tehsil, Chamoli, Uttarakhand, India","Bhangyul, Joshimath, Chamoli, Uttarakhand, India"
SETTLEMENT_40876,Karachhon,5,57,284,40876,0,VILLAGE,Rural,83,83,429,212,217,429,506,77,17.94871794871795,2011,Census of India - Population Census 2011,KARACHHON,,,MISSING,MISSING,,
SETTLEMENT_40877,Badal Gaitha,5,57,284,40877,0,VILLAGE,Rural,0,0,0,0,0,0,0,0,0.0,2011,Census of India - Population Census 2011,BADAL GAITHA,,,MISSING,MISSING,,
SETTLEMENT_40878,Juwagwar,5,57,284,40878,0,VILLAGE,Rural,16,16,59,27,32,59,70,11,18.64406779661017,2011,Census of India - Population Census 2011,JUWAGWAR,30.4931218,79.6743167,OpenStreetMap Nominatim,MEDIUM,"Juwagwar, Subhain, Joshimath Tehsil, Chamoli, Uttarakhand, India","Juwagwar, Joshimath, Chamoli, Uttarakhand, India"
SETTLEMENT_40879,Jugaju chak lata,5,57,284,40879,0,VILLAGE,Rural,10,10,36,18,18,36,42,6,16.666666666666664,2011,Census of India - Population Census 2011,JUGAJU CHAK LATA,,,MISSING,MISSING,,
SETTLEMENT_40880,Lata,5,57,284,40880,0,VILLAGE,Rural,84,84,305,145,160,305,359,54,17.704918032786885,2011,Census of India - Population Census 2011,LATA,30.49667,79.70719,OpenStreetMap Nominatim,MEDIUM,"Lata, Joshimath Tehsil, Chamoli, Uttarakhand, India","Lata, Joshimath, Chamoli, Uttarakhand, India"
SETTLEMENT_40881,Raini Chak Lata,5,57,284,40881,0,VILLAGE,Rural,48,48,145,106,39,145,171,26,17.93103448275862,2011,Census of India - Population Census 2011,RAINI CHAK LATA,,,MISSING,MISSING,,
SETTLEMENT_40882,Pang Chak Lata,5,57,284,40882,0,VILLAGE,Rural,32,32,125,52,73,125,147,22,17.599999999999998,2011,Census of India - Population Census 2011,PANG CHAK LATA,,,MISSING,MISSING,,
SETTLEMENT_40883,Morana Chak Subhai,5,57,284,40883,0,VILLAGE,Rural,5,5,23,11,12,23,27,4,17.391304347826086,2011,Census of India - Population Census 2011,MORANA CHAK SUBHAI,,,MISSING,MISSING,,
SETTLEMENT_40884,Subhai,5,57,284,40884,0,VILLAGE,Rural,126,126,569,295,274,569,670,101,17.75043936731107,2011,Census of India - Population Census 2011,SUBHAI,,,MISSING,MISSING,,
SETTLEMENT_40885,Raini Chak Subhai,5,57,284,40885,0,VILLAGE,Rural,56,56,258,188,70,258,304,46,17.829457364341085,2011,Census of India - Population Census 2011,RAINI CHAK SUBHAI,,,MISSING,MISSING,,
SETTLEMENT_40886,Ringi,5,57,284,40886,0,VILLAGE,Rural,68,68,273,129,144,273,322,49,17.94871794871795,2011,Census of India - Population Census 2011,RINGI,30.4780383,79.618965,OpenStreetMap Nominatim,MEDIUM,"Ringi, Joshimath Tehsil, Chamoli, Uttarakhand, 246483, India","Ringi, Joshimath, Chamoli, Uttarakhand, India"
SETTLEMENT_40887,Bampa,5,57,284,40887,0,VILLAGE,Rural,60,60,192,85,107,192,226,34,17.708333333333336,2011,Census of India - Population Census 2011,BAMPA,30.7436664,79.8297153,OpenStreetMap Nominatim,MEDIUM,"BAMPA, Pharkia, Joshimath Tehsil, Chamoli, Uttarakhand, India","Bampa, Joshimath, Chamoli, Uttarakhand, India"
SETTLEMENT_40888,Gamsali,5,57,284,40888,0,VILLAGE,Rural,108,108,383,182,201,383,451,68,17.75456919060052,2011,Census of India - Population Census 2011,GAMSALI,30.7559986,79.8261873,OpenStreetMap Nominatim,MEDIUM,"Gamshali, Joshimath Tehsil, Chamoli, Uttarakhand, India","Gamsali, Joshimath, Chamoli, Uttarakhand, India"
SETTLEMENT_40889,Niti,5,57,284,40889,0,VILLAGE,Rural,29,29,47,22,25,47,55,8,17.02127659574468,2011,Census of India - Population Census 2011,NITI,30.7776642,79.8411215,OpenStreetMap Nominatim,MEDIUM,"Niti, Joshimath Tehsil, Chamoli, Uttarakhand, India","Niti, Joshimath, Chamoli, Uttarakhand, India"
SETTLEMENT_40890,Gurguti,5,57,284,40890,0,VILLAGE,Rural,101,101,250,147,103,250,295,45,18.0,2011,Census of India - Population Census 2011,GURGUTI,,,MISSING,MISSING,,
SETTLEMENT_40891,Mahargaon,5,57,284,40891,0,VILLAGE,Rural,43,43,269,139,130,269,317,48,17.843866171003718,2011,Census of India - Population Census 2011,MAHARGAON,30.4061118,79.4205814,OpenStreetMap Nominatim,MEDIUM,"Mahargaon, Chamoli Tehsil, Chamoli, Uttarakhand, India","Mahargaon, Chamoli, Uttarakhand, India"
SETTLEMENT_40892,Malari,5,57,284,40892,0,VILLAGE,Rural,1076,1076,1933,1427,506,1933,2278,345,17.847904811174338,2011,Census of India - Population Census 2011,MALARI,30.6845508,79.8893688,OpenStreetMap Nominatim,MEDIUM,"Malari, Joshimath Tehsil, Chamoli, Uttarakhand, India","Malari, Joshimath, Chamoli, Uttarakhand, India"
SETTLEMENT_40893,Kailashpur,5,57,284,40893,0,VILLAGE,Rural,35,35,158,80,78,158,186,28,17.72151898734177,2011,Census of India - Population Census 2011,KAILASHPUR,,,MISSING,MISSING,,
SETTLEMENT_40894,Rewal Chak Kurkuti,5,57,284,40894,0,VILLAGE,Rural,0,0,0,0,0,0,0,0,0.0,2011,Census of India - Population Census 2011,REWAL CHAK KURKUTI,,,MISSING,MISSING,,
SETTLEMENT_40895,Farkiagaon,5,57,284,40895,0,VILLAGE,Rural,41,41,197,108,89,197,232,35,17.766497461928935,2011,Census of India - Population Census 2011,FARKIAGAON,,,MISSING,MISSING,,
SETTLEMENT_40896,Kosa,5,57,284,40896,0,VILLAGE,Rural,71,71,302,153,149,302,356,54,17.880794701986755,2011,Census of India - Population Census 2011,KOSA,30.67793,79.8609495,OpenStreetMap Nominatim,MEDIUM,"Kosa, Joshimath Tehsil, Chamoli, Uttarakhand, India","Kosa, Joshimath, Chamoli, Uttarakhand, India"
SETTLEMENT_40897,Jalam,5,57,284,40897,0,VILLAGE,Rural,81,81,224,120,104,224,264,40,17.857142857142858,2011,Census of India - Population Census 2011,JALAM,,,MISSING,MISSING,,
SETTLEMENT_40898,Jumma,5,57,284,40898,0,VILLAGE,Rural,62,62,78,63,15,78,92,14,17.94871794871795,2011,Census of India - Population Census 2011,JUMMA,30.60791,79.80606,OpenStreetMap Nominatim,MEDIUM,"Jumma, Joshimath Tehsil, Chamoli, Uttarakhand, India","Jumma, Joshimath, Chamoli, Uttarakhand, India"
SETTLEMENT_40899,Lamtoli,5,57,284,40899,0,VILLAGE,Rural,0,0,0,0,0,0,0,0,0.0,2011,Census of India - Population Census 2011,LAMTOLI,,,MISSING,MISSING,,
SETTLEMENT_40900,Kaga Laga Dronagiri,5,57,284,40900,0,VILLAGE,Rural,26,26,97,47,50,97,114,17,17.525773195876287,2011,Census of India - Population Census 2011,KAGA LAGA DRONAGIRI,,,MISSING,MISSING,,
SETTLEMENT_40901,Garpak,5,57,284,40901,0,VILLAGE,Rural,11,11,66,40,26,66,78,12,18.181818181818183,2011,Census of India - Population Census 2011,GARPAK,30.6269079,79.854244,OpenStreetMap Nominatim,MEDIUM,"GARPAK, Joshimath Tehsil, Chamoli, Uttarakhand, India","Garpak, Joshimath, Chamoli, Uttarakhand, India"
SETTLEMENT_40902,Dronagiri,5,57,284,40902,0,VILLAGE,Rural,31,31,92,47,45,92,108,16,17.391304347826086,2011,Census of India - Population Census 2011,DRONAGIRI,30.5991704,79.8680413,OpenStreetMap Nominatim,MEDIUM,"DRONAGIRI, Joshimath Tehsil, Chamoli, Uttarakhand, India","Dronagiri, Joshimath, Chamoli, Uttarakhand, India"
SETTLEMENT_40903,F-1,5,57,284,40903,0,VILLAGE,Rural,2,2,2,2,0,2,2,0,0.0,2011,Census of India - Population Census 2011,F-1,30.5555752,79.5612607,OpenStreetMap Nominatim,MEDIUM,"Joshīmath, Joshimath Tehsil, Chamoli, Uttarakhand, India","F-1, Joshimath, Chamoli, Uttarakhand, India"
SETTLEMENT_40904,Joshimath,5,57,284,40904,0,VILLAGE,Rural,0,0,0,0,0,0,0,0,0.0,2011,Census of India - Population Census 2011,JOSHIMATH,30.5555752,79.5612607,OpenStreetMap Nominatim,MEDIUM,"Joshīmath, Joshimath Tehsil, Chamoli, Uttarakhand, India","Joshimath, Joshimath, Chamoli, Uttarakhand, India"
SETTLEMENT_40905,Chamoli,5,57,284,40905,0,VILLAGE,Rural,0,0,0,0,0,0,0,0,0.0,2011,Census of India - Population Census 2011,CHAMOLI,30.4396857,79.4305095,OpenStreetMap Nominatim,MEDIUM,"JNV Chamoli, NH7, Bajani, Pīpalkoti, Chamoli Tehsil, Chamoli, Uttarakhand, 246472, India","Chamoli, Joshimath, Chamoli, Uttarakhand, India"
SETTLEMENT_40906,Joshimath,5,57,284,40906,0,VILLAGE,Rural,0,0,0,0,0,0,0,0,0.0,2011,Census of India - Population Census 2011,JOSHIMATH,30.5555752,79.5612607,OpenStreetMap Nominatim,MEDIUM,"Joshīmath, Joshimath Tehsil, Chamoli, Uttarakhand, India","Joshimath, Joshimath, Chamoli, Uttarakhand, India"
SETTLEMENT_800290,Badrinathpuri (NP),5,57,284,800290,0,TOWN,Urban,850,850,2438,2054,384,2438,2873,435,17.842493847415913,2011,Census of India - Population Census 2011,BADRINATHPURI (NP),,,MISSING,MISSING,,
SETTLEMENT_800291,Joshimath  (NPP),5,57,284,800291,0,TOWN,Urban,3898,3898,16709,9988,6721,16709,19689,2980,17.83469986234963,2011,Census of India - Population Census 2011,JOSHIMATH  (NPP),,,MISSING,MISSING,,
