_id,State,District,Date,Daily Actual,Daily Normal,Daily Departure Per,Daily Category,Week Date,Weekly  Actual,Weekly Normal,Weekly Departure Per,Weekly Category,Cumulative Date,Cumulative Actual,Cumulative Normal,Cumulative Departure Per,Cumulative  Category,Monthly Date,Monthly Actual,Monthly Normal,Monthly  Departure Per,Monthly Category,rainfall_intensity_score,rainfall_departure_score,risk_score,risk_category,anomaly_flag,anomaly_score,anomaly_label,anomaly_severity,forecast_severity,predicted_rainfall_1d,hybrid_hazard_score,hazard_category
19265,UTTARAKHAND,CHAMOLI,2026-08-19,6.3,9.9,-36,D,13-08-2026 To 19-08-2026,6.3,9.9,-36,D,2026-06-01,867.1,543.9,59%,LE,From 01-08-2026 To 19-08-2026,318.0,175.7,81%,LE,10,10,10.0,LOW,1,-0.0,NORMAL,0.0,0,,5.0,LOW
19266,UTTARAKHAND,CHAMOLI,2026-08-20,9.6,7.7,25,E,13-08-2026 To 19-08-2026,123.8,67.3,84,LE,2026-06-01,876.8,551.6,59%,E,From 01-08-2026 To 20-08-2026,327.6,183.4,79%,LE,20,10,16.0,LOW,1,-0.0800167807696344,NORMAL,0.0,0,,8.0,LOW
19267,UTTARAKHAND,CHAMOLI,2026-08-21,11.0,5.6,97,LE,13-08-2026 To 19-08-2026,123.8,67.3,84,LE,2026-06-01,867.1,543.9,59%,LE,From 01-08-2026 To 21-08-2026,338.6,189.0,79%,LE,20,20,20.0,LOW,1,-0.0974062032472603,NORMAL,0.0,0,,10.0,LOW
19268,UTTARAKHAND,CHAMOLI,2026-08-22,2.4,7.9,-69,LD,13-08-2026 To 19-08-2026,123.8,67.3,84,LE,2026-06-01,890.2,565.1,58%,E,From 01-08-2026 To 22-08-2026,341.1,196.9,73%,LE,10,10,10.0,LOW,1,-0.0540607260067877,NORMAL,0.0,0,,5.0,LOW
19269,UTTARAKHAND,CHAMOLI,2026-08-23,18.0,6.9,161,LE,13-08-2026 To 19-08-2026,18.0,6.9,161,LE,2026-06-01,908.2,572.0,59%,E,From 01-08-2026 To 23-08-2026,359.1,203.8,76%,LE,40,20,32.0,MODERATE,1,-0.0465227337516596,NORMAL,0.0,0,,16.0,LOW
19270,UTTARAKHAND,CHAMOLI,2026-08-24,3.8,3.2,20,E,13-08-2026 To 19-08-2026,123.8,67.3,84,LE,2026-06-01,912.1,575.2,59%,E,From 01-08-2026 To 24-08-2026,362.9,207.0,75%,LE,10,10,10.0,LOW,1,-0.0359651414271183,NORMAL,0.0,0,,5.0,LOW
19271,UTTARAKHAND,CHAMOLI,2026-08-25,5.4,6.2,-12,N,13-08-2026 To 19-08-2026,123.8,67.3,84,LE,2026-06-01,867.1,543.9,59%,LE,From 01-08-2026 To 25-08-2026,368.4,213.2,73%,LE,10,10,10.0,LOW,1,-0.085860464943933,NORMAL,0.0,0,,5.0,LOW
19272,UTTARAKHAND,CHAMOLI,2026-08-26,0.2,5.4,-97,LD,20-08-2026 To 26-08-2026,50.5,42.9,18,N,2026-06-01,917.7,586.8,56%,E,From 01-08-2026 To 26-08-2026,368.5,218.6,69%,LE,10,10,10.0,LOW,1,-0.0848772969280718,NORMAL,0.0,0,,5.0,LOW
19273,UTTARAKHAND,CHAMOLI,2026-08-27,1.7,5.6,-70,LD,20-08-2026 To 26-08-2026,1.7,5.6,-70,LD,2026-06-01,919.4,592.4,55%,E,From 01-08-2026 To 27-08-2026,370.2,224.2,65%,LE,10,10,10.0,LOW,1,-0.0540495429641411,NORMAL,0.0,0,,5.0,LOW
19274,UTTARAKHAND,CHAMOLI,2026-08-28,12.2,6.9,76,LE,28-08-2026,12.2,6.9,76,LE,2026-06-01,931.5,599.3,55%,E,From 01-08-2026 To 28-08-2026,382.4,231.1,65%,LE,20,20,20.0,LOW,1,-0.078605941233643,NORMAL,0.0,0,,10.0,LOW
19275,UTTARAKHAND,CHAMOLI,2026-08-29,6.5,5.2,25,E,20-08-2026 To 26-08-2026,50.5,42.9,18,N,2026-06-01,938.0,604.5,55%,E,From 01-08-2026 To 29-08-2026,388.9,236.3,65%,LE,10,10,10.0,LOW,1,-0.1231892985190378,NORMAL,0.0,0,,5.0,LOW
19276,UTTARAKHAND,CHAMOLI,2026-08-30,20.3,5.6,263,LE,20-08-2026 To 26-08-2026,50.5,42.9,18,N,2026-06-01,958.4,610.1,57%,E,From 01-08-2026 To 30-08-2026,409.2,241.9,69%,LE,70,40,58.0,MODERATE,1,-0.0643078920797146,NORMAL,0.0,0,,29.0,LOW
19277,UTTARAKHAND,CHAMOLI,2026-08-31,17.4,6.3,176,LE,20-08-2026 To 26-08-2026,50.5,42.9,18,N,2026-06-01,975.8,616.4,58%,E,From 01-08-2026 To 31-08-2026,426.6,248.2,72%,LE,40,40,40.0,MODERATE,1,-0.100623901964465,NORMAL,0.0,0,,20.0,LOW
19278,UTTARAKHAND,CHAMOLI,2026-09-01,14.7,5.6,163,LE,20-08-2026 To 26-08-2026,50.5,42.9,18,N,2026-06-01,917.7,586.8,56%,E,From 01-09-2026 To 01-09-2026,14.7,5.6,163%,LE,20,20,20.0,LOW,1,-0.1124841310364528,NORMAL,0.0,0,,10.0,LOW
19279,UTTARAKHAND,CHAMOLI,2026-09-02,11.3,5.6,103,LE,27-08-2026 To 02-09-2026,84.1,40.8,106,LE,2026-06-01,1001.8,627.6,60%,LE,From 01-09-2026 To 02-09-2026,26.1,11.2,133%,LE,20,20,20.0,LOW,1,-0.1434952570141612,NORMAL,0.0,0,,10.0,LOW
19280,UTTARAKHAND,CHAMOLI,2026-09-03,10.2,6.1,67,LE,27-08-2026 To 02-09-2026,84.1,40.8,106,LE,2026-06-01,1001.8,627.6,60%,LE,From 01-09-2026 To 03-09-2026,36.2,17.3,109%,LE,20,20,20.0,LOW,1,-0.1328162371697165,NORMAL,0.0,0,,10.0,LOW
19281,UTTARAKHAND,CHAMOLI,2026-09-04,20.7,4.6,350,LE,27-08-2026 To 02-09-2026,84.1,40.8,106,LE,2026-06-01,1032.7,638.3,62%,LE,From 01-09-2026 To 04-09-2026,56.9,21.9,160%,LE,70,70,70.0,HIGH,1,-0.0962818890721153,NORMAL,0.0,0,,35.0,MODERATE
19282,UTTARAKHAND,CHAMOLI,2026-09-05,22.2,4.6,382,LE,27-08-2026 To 02-09-2026,84.1,40.8,106,LE,2026-06-01,1054.9,642.9,64%,LE,From 01-09-2026 To 05-09-2026,79.1,26.5,199%,LE,90,90,90.0,CRITICAL,1,-0.0762595139189389,NORMAL,0.0,0,,45.0,MODERATE
19283,UTTARAKHAND,CHAMOLI,2026-09-06,18.3,4.5,306,LE,06-09-2026,18.3,4.5,306,LE,2026-06-01,1073.2,647.4,66%,LE,From 01-09-2026 To 06-09-2026,97.4,31.0,214%,LE,40,40,40.0,MODERATE,-1,0.0151375516044039,ANOMALY,0.0,0,,20.0,LOW
19284,UTTARAKHAND,CHAMOLI,2026-09-07,16.7,3.9,327,LE,27-08-2026 To 02-09-2026,84.1,40.8,106,LE,2026-06-01,1089.8,651.3,67%,LE,From 01-09-2026 To 07-09-2026,114.1,34.9,227%,LE,40,70,52.0,MODERATE,1,-0.0928970189986205,NORMAL,0.0,0,,26.0,LOW
19285,UTTARAKHAND,CHAMOLI,2026-09-08,7.4,5.6,33,E,08-09-2026,7.4,5.6,33,E,2026-06-01,1097.2,656.9,67%,LE,From 01-09-2026 To 08-09-2026,121.5,40.5,200%,LE,10,10,10.0,LOW,1,-0.0922844624978873,NORMAL,0.0,0,,5.0,LOW
19286,UTTARAKHAND,CHAMOLI,2026-09-09,0.0,6.3,-99,LD,03-09-2026 To 09-09-2026,95.5,35.6,168,LE,2026-06-01,1097.3,663.2,65%,LE,From 01-09-2026 To 09-09-2026,121.5,46.8,160%,LE,10,10,10.0,LOW,1,-0.0940374938769247,NORMAL,0.0,0,,5.0,LOW
19287,UTTARAKHAND,CHAMOLI,2026-09-10,0.0,3.6,-100,NR,03-09-2026 To 09-09-2026,95.5,35.6,168,LE,2026-06-01,1097.3,663.2,65%,LE,From 01-09-2026 To 10-09-2026,121.5,50.4,141%,LE,10,10,10.0,LOW,1,-0.0715357145393979,NORMAL,0.0,0,,5.0,LOW
19288,UTTARAKHAND,CHAMOLI,2026-09-11,34.7,3.4,919,LE,03-09-2026 To 09-09-2026,95.5,35.6,168,LE,2026-06-01,1131.9,670.2,69%,LE,From 01-09-2026 To 11-09-2026,156.2,53.8,190%,LE,90,90,90.0,CRITICAL,-1,0.1287550615827488,ANOMALY,100.0,0,,70.0,HIGH
19289,UTTARAKHAND,CHAMOLI,2026-09-12,12.2,3.8,221,LE,03-09-2026 To 09-09-2026,12.2,3.8,221,LE,2026-06-01,1144.1,674.0,70%,LE,From 01-09-2026 To 12-09-2026,168.4,57.6,192%,LE,20,40,28.0,LOW,-1,0.0383177884197297,ANOMALY,20.401993336893117,0,,19.10049833422328,LOW
19290,UTTARAKHAND,CHAMOLI,2026-09-13,3.9,6.1,-36,D,03-09-2026 To 09-09-2026,95.5,35.6,168,LE,2026-06-01,1148.1,680.1,69%,LE,From 01-09-2026 To 13-09-2026,172.3,63.7,170%,LE,10,10,10.0,LOW,1,-0.0464959706571622,NORMAL,0.0,10,10.932164285714276,7.5,LOW
19291,UTTARAKHAND,CHAMOLI,2026-09-14,4.9,3.1,57,E,03-09-2026 To 09-09-2026,4.9,3.1,57,E,2026-06-01,1152.9,683.2,69%,LE,From 01-09-2026 To 14-09-2026,177.2,66.8,165%,LE,10,10,10.0,LOW,1,-0.0925618308168314,NORMAL,0.0,10,6.935069841269836,7.5,LOW
19292,UTTARAKHAND,CHAMOLI,2026-09-15,8.7,3.9,124,LE,03-09-2026 To 09-09-2026,95.5,35.6,168,LE,2026-06-01,1097.3,663.2,65%,LE,From 01-09-2026 To 15-09-2026,185.9,70.7,163%,LE,20,20,20.0,LOW,1,-0.1156422735075868,NORMAL,0.0,10,14.690967460317465,12.5,LOW
19293,UTTARAKHAND,CHAMOLI,2026-09-16,5.1,2.3,120,LE,10-09-2026 To 16-09-2026,5.1,2.3,120,LE,2026-06-01,1166.7,689.4,69%,LE,From 01-09-2026 To 16-09-2026,191.0,73.0,162%,LE,10,20,14.0,LOW,1,-0.0827346625403396,NORMAL,0.0,10,14.640834126984124,9.5,LOW
19294,UTTARAKHAND,CHAMOLI,2026-09-17,0.0,1.8,-100,NR,10-09-2026 To 16-09-2026,69.4,26.2,165,LE,2026-06-01,1166.7,691.2,69%,LE,From 01-09-2026 To 17-09-2026,191.0,74.8,155%,LE,10,10,10.0,LOW,1,-0.0593357711441389,NORMAL,0.0,10,15.45428412698413,7.5,LOW
19295,UTTARAKHAND,CHAMOLI,2026-09-18,1.4,2.8,-51,D,10-09-2026 To 16-09-2026,1.4,2.8,-51,D,2026-06-01,1168.1,694.0,68%,LE,From 01-09-2026 To 18-09-2026,192.3,77.6,148%,LE,10,10,10.0,LOW,1,-0.0439431241030563,NORMAL,0.0,0,,5.0,LOW
